routeId	routeName	station	navigationRoute	manualGuideOnly	supported	inApp	supportType	source	lat	lon
tokaido	JR 東海道線｜東京〜熱海	東京	True	False	True	True	dynamic_all	https://wadattsu261.com/content/jt-tokaidohome-all-info/	35.6812	139.7671
tokaido	JR 東海道線｜東京〜熱海	新橋	True	False	True	True	static_detail		35.6662	139.7586
tokaido	JR 東海道線｜東京〜熱海	品川	True	False	True	True	static_detail		35.6285	139.7388
tokaido	JR 東海道線｜東京〜熱海	川崎	True	False	True	True	static_detail		35.5313	139.6968
tokaido	JR 東海道線｜東京〜熱海	横浜	True	False	True	True	static_detail		35.466	139.622
tokaido	JR 東海道線｜東京〜熱海	戸塚	True	False	True	True	static_detail		35.4004	139.5343
tokaido	JR 東海道線｜東京〜熱海	大船	True	False	True	True	dynamic_all	https://wadattsu261.com/content/jt-tokaidohome-all-info/	35.354	139.5311
tokaido	JR 東海道線｜東京〜熱海	藤沢	True	False	True	True	dynamic_all	https://wadattsu261.com/content/jt-tokaidohome-all-info/	35.3389	139.4875
tokaido	JR 東海道線｜東京〜熱海	辻堂	True	False	True	True	dynamic_all	https://wadattsu261.com/content/jt-tokaidohome-all-info/	35.337	139.447
tokaido	JR 東海道線｜東京〜熱海	茅ケ崎	True	False	True	True	dynamic_all	https://wadattsu261.com/content/jt-tokaidohome-all-info/	35.3307	139.4072
tokaido	JR 東海道線｜東京〜熱海	平塚	True	False	True	True	dynamic_all	https://wadattsu261.com/content/jt-tokaidohome-all-info/	35.3271	139.349
tokaido	JR 東海道線｜東京〜熱海	大磯	True	False	True	True	dynamic_all	https://wadattsu261.com/content/jt-tokaidohome-all-info/	35.3114	139.313
tokaido	JR 東海道線｜東京〜熱海	二宮	True	False	True	True	dynamic_all	https://wadattsu261.com/content/jt-tokaidohome-all-info/	35.2982	139.2569
tokaido	JR 東海道線｜東京〜熱海	国府津	True	False	True	True	dynamic_all	https://wadattsu261.com/content/jt-tokaidohome-all-info/	35.2808	139.2129
tokaido	JR 東海道線｜東京〜熱海	鴨宮	True	False	True	True	dynamic_all	https://wadattsu261.com/content/jt-tokaidohome-all-info/	35.2757	139.1802
tokaido	JR 東海道線｜東京〜熱海	小田原	True	False	True	True	dynamic_all	https://wadattsu261.com/content/jt-tokaidohome-all-info/	35.2564	139.1559
tokaido	JR 東海道線｜東京〜熱海	早川	True	False	True	True	dynamic_all	https://wadattsu261.com/content/jt-tokaidohome-all-info/	35.2389	139.1452
tokaido	JR 東海道線｜東京〜熱海	根府川	True	False	True	True	dynamic_all	https://wadattsu261.com/content/jt-tokaidohome-all-info/	35.2026	139.1385
tokaido	JR 東海道線｜東京〜熱海	真鶴	True	False	True	True	dynamic_all	https://wadattsu261.com/content/jt-tokaidohome-all-info/	35.1567	139.1324
tokaido	JR 東海道線｜東京〜熱海	湯河原	True	False	True	True	dynamic_all	https://wadattsu261.com/content/jt-tokaidohome-all-info/	35.146	139.102
tokaido	JR 東海道線｜東京〜熱海	熱海	True	False	True	True	dynamic_all	https://wadattsu261.com/content/jt-tokaidohome-all-info/	35.1032	139.0777
yokosuka	JR 横須賀線｜東京〜久里浜	東京	True	False	True	True	dynamic_all	https://wadattsu261.com/content/jo-yokosuka-soburapidhome-all-info/	35.6812	139.7671
yokosuka	JR 横須賀線｜東京〜久里浜	新橋	True	False	True	True	static_detail		35.6662	139.7586
yokosuka	JR 横須賀線｜東京〜久里浜	品川	True	False	True	True	static_detail		35.6285	139.7388
yokosuka	JR 横須賀線｜東京〜久里浜	西大井	True	False	True	True	static_detail		35.6016	139.7216
yokosuka	JR 横須賀線｜東京〜久里浜	武蔵小杉	True	False	True	True	dynamic_all	https://wadattsu261.com/content/jo-yokosuka-soburapidhome-all-info/	35.575	139.663
yokosuka	JR 横須賀線｜東京〜久里浜	新川崎	True	False	True	True	dynamic_all	https://wadattsu261.com/content/jo-yokosuka-soburapidhome-all-info/	35.5514	139.6715
yokosuka	JR 横須賀線｜東京〜久里浜	横浜	True	False	True	True	static_detail		35.466	139.622
yokosuka	JR 横須賀線｜東京〜久里浜	保土ケ谷	True	False	True	True	dynamic_all	https://wadattsu261.com/content/jo-yokosuka-soburapidhome-all-info/	35.4468	139.5997
yokosuka	JR 横須賀線｜東京〜久里浜	東戸塚	True	False	True	True	dynamic_all	https://wadattsu261.com/content/jo-yokosuka-soburapidhome-all-info/	35.43	139.5567
yokosuka	JR 横須賀線｜東京〜久里浜	戸塚	True	False	True	True	static_detail		35.4004	139.5343
yokosuka	JR 横須賀線｜東京〜久里浜	大船	True	False	True	True	dynamic_all	https://wadattsu261.com/content/jo-yokosuka-soburapidhome-all-info/	35.354	139.5311
yokosuka	JR 横須賀線｜東京〜久里浜	北鎌倉	True	False	True	True	dynamic_all	https://wadattsu261.com/content/jo-yokosuka-soburapidhome-all-info/	35.3372	139.5452
yokosuka	JR 横須賀線｜東京〜久里浜	鎌倉	True	False	True	True	dynamic_all	https://wadattsu261.com/content/jo-yokosuka-soburapidhome-all-info/	35.319	139.5504
yokosuka	JR 横須賀線｜東京〜久里浜	逗子	True	False	True	True	dynamic_all	https://wadattsu261.com/content/jo-yokosuka-soburapidhome-all-info/	35.2975	139.5785
yokosuka	JR 横須賀線｜東京〜久里浜	東逗子	True	False	True	True	dynamic_all	https://wadattsu261.com/content/jo-yokosuka-soburapidhome-all-info/	35.2987	139.601
yokosuka	JR 横須賀線｜東京〜久里浜	田浦	True	False	True	True	dynamic_all	https://wadattsu261.com/content/jo-yokosuka-soburapidhome-all-info/	35.2925	139.6375
yokosuka	JR 横須賀線｜東京〜久里浜	横須賀	True	False	True	True	dynamic_all	https://wadattsu261.com/content/jo-yokosuka-soburapidhome-all-info/	35.284	139.6556
yokosuka	JR 横須賀線｜東京〜久里浜	衣笠	True	False	True	True	dynamic_all	https://wadattsu261.com/content/jo-yokosuka-soburapidhome-all-info/	35.2571	139.6613
yokosuka	JR 横須賀線｜東京〜久里浜	久里浜	True	False	True	True	dynamic_all	https://wadattsu261.com/content/jo-yokosuka-soburapidhome-all-info/	35.2331	139.7009
keihin	JR 京浜東北・根岸線｜大宮〜大船	大宮	True	False	True	True	dynamic_all	https://wadattsu261.com/content/jk-keihin-negishiall-info/	35.9064	139.6239
keihin	JR 京浜東北・根岸線｜大宮〜大船	さいたま新都心	True	False	True	True	dynamic_all	https://wadattsu261.com/content/jk-keihin-negishiall-info/	35.8938	139.6336
keihin	JR 京浜東北・根岸線｜大宮〜大船	与野	True	False	True	True	dynamic_all	https://wadattsu261.com/content/jk-keihin-negishiall-info/	35.8845	139.6389
keihin	JR 京浜東北・根岸線｜大宮〜大船	北浦和	True	False	True	True	dynamic_all	https://wadattsu261.com/content/jk-keihin-negishiall-info/	35.8722	139.6454
keihin	JR 京浜東北・根岸線｜大宮〜大船	浦和	True	False	True	True	dynamic_all	https://wadattsu261.com/content/jk-keihin-negishiall-info/	35.8585	139.6571
keihin	JR 京浜東北・根岸線｜大宮〜大船	南浦和	True	False	True	True	dynamic_all	https://wadattsu261.com/content/jk-keihin-negishiall-info/	35.8476	139.6691
keihin	JR 京浜東北・根岸線｜大宮〜大船	蕨	True	False	True	True	dynamic_all	https://wadattsu261.com/content/jk-keihin-negishiall-info/	35.828	139.6904
keihin	JR 京浜東北・根岸線｜大宮〜大船	西川口	True	False	True	True	dynamic_all	https://wadattsu261.com/content/jk-keihin-negishiall-info/	35.8156	139.7044
keihin	JR 京浜東北・根岸線｜大宮〜大船	川口	True	False	True	True	dynamic_all	https://wadattsu261.com/content/jk-keihin-negishiall-info/	35.802	139.7174
keihin	JR 京浜東北・根岸線｜大宮〜大船	赤羽	True	False	True	True	dynamic_all	https://wadattsu261.com/content/jk-keihin-negishiall-info/	35.778	139.7209
keihin	JR 京浜東北・根岸線｜大宮〜大船	東十条	True	False	True	True	dynamic_all	https://wadattsu261.com/content/jk-keihin-negishiall-info/	35.7647	139.7269
keihin	JR 京浜東北・根岸線｜大宮〜大船	王子	True	False	True	True	dynamic_all	https://wadattsu261.com/content/jk-keihin-negishiall-info/	35.753	139.738
keihin	JR 京浜東北・根岸線｜大宮〜大船	上中里	True	False	True	True	dynamic_all	https://wadattsu261.com/content/jk-keihin-negishiall-info/	35.7473	139.7468
keihin	JR 京浜東北・根岸線｜大宮〜大船	田端	True	False	True	True	dynamic_all	https://wadattsu261.com/content/jk-keihin-negishiall-info/	35.7381	139.7609
keihin	JR 京浜東北・根岸線｜大宮〜大船	西日暮里	True	False	True	True	dynamic_all	https://wadattsu261.com/content/jk-keihin-negishiall-info/	35.7321	139.7668
keihin	JR 京浜東北・根岸線｜大宮〜大船	日暮里	True	False	True	True	dynamic_all	https://wadattsu261.com/content/jk-keihin-negishiall-info/	35.7278	139.7709
keihin	JR 京浜東北・根岸線｜大宮〜大船	鶯谷	True	False	True	True	dynamic_all	https://wadattsu261.com/content/jk-keihin-negishiall-info/	35.7215	139.778
keihin	JR 京浜東北・根岸線｜大宮〜大船	上野	True	False	True	True	dynamic_all	https://wadattsu261.com/content/jk-keihin-negishiall-info/	35.7142	139.7774
keihin	JR 京浜東北・根岸線｜大宮〜大船	御徒町	True	False	True	True	dynamic_all	https://wadattsu261.com/content/jk-keihin-negishiall-info/	35.7075	139.7747
keihin	JR 京浜東北・根岸線｜大宮〜大船	秋葉原	True	False	True	True	dynamic_all	https://wadattsu261.com/content/jk-keihin-negishiall-info/	35.6984	139.7731
keihin	JR 京浜東北・根岸線｜大宮〜大船	神田	True	False	True	True	dynamic_all	https://wadattsu261.com/content/jk-keihin-negishiall-info/	35.6917	139.7709
keihin	JR 京浜東北・根岸線｜大宮〜大船	東京	True	False	True	True	dynamic_all	https://wadattsu261.com/content/jk-keihin-negishiall-info/	35.6812	139.7671
keihin	JR 京浜東北・根岸線｜大宮〜大船	有楽町	True	False	True	True	dynamic_all	https://wadattsu261.com/content/jk-keihin-negishiall-info/	35.675	139.7633
keihin	JR 京浜東北・根岸線｜大宮〜大船	新橋	True	False	True	True	dynamic_all	https://wadattsu261.com/content/jk-keihin-negishiall-info/	35.6662	139.7586
keihin	JR 京浜東北・根岸線｜大宮〜大船	浜松町	True	False	True	True	dynamic_all	https://wadattsu261.com/content/jk-keihin-negishiall-info/	35.6554	139.7571
keihin	JR 京浜東北・根岸線｜大宮〜大船	田町	True	False	True	True	dynamic_all	https://wadattsu261.com/content/jk-keihin-negishiall-info/	35.6457	139.7476
keihin	JR 京浜東北・根岸線｜大宮〜大船	高輪ゲートウェイ	True	False	True	True	dynamic_all	https://wadattsu261.com/content/jk-keihin-negishiall-info/	35.6357	139.7407
keihin	JR 京浜東北・根岸線｜大宮〜大船	品川	True	False	True	True	dynamic_all	https://wadattsu261.com/content/jk-keihin-negishiall-info/	35.6285	139.7388
keihin	JR 京浜東北・根岸線｜大宮〜大船	大井町	True	False	True	True	dynamic_all	https://wadattsu261.com/content/jk-keihin-negishiall-info/	35.6063	139.7348
keihin	JR 京浜東北・根岸線｜大宮〜大船	大森	True	False	True	True	dynamic_all	https://wadattsu261.com/content/jk-keihin-negishiall-info/	35.5887	139.728
keihin	JR 京浜東北・根岸線｜大宮〜大船	蒲田	True	False	True	True	dynamic_all	https://wadattsu261.com/content/jk-keihin-negishiall-info/	35.5625	139.716
keihin	JR 京浜東北・根岸線｜大宮〜大船	川崎	True	False	True	True	static_detail		35.5313	139.6968
keihin	JR 京浜東北・根岸線｜大宮〜大船	鶴見	True	False	True	True	dynamic_all	https://wadattsu261.com/content/jk-keihin-negishiall-info/	35.5084	139.676
keihin	JR 京浜東北・根岸線｜大宮〜大船	新子安	True	False	True	True	dynamic_all	https://wadattsu261.com/content/jk-keihin-negishiall-info/	35.4868	139.6547
keihin	JR 京浜東北・根岸線｜大宮〜大船	東神奈川	True	False	True	True	dynamic_all	https://wadattsu261.com/content/jk-keihin-negishiall-info/	35.478	139.6334
keihin	JR 京浜東北・根岸線｜大宮〜大船	横浜	True	False	True	True	static_detail		35.466	139.622
keihin	JR 京浜東北・根岸線｜大宮〜大船	桜木町	True	False	True	True	dynamic_all	https://wadattsu261.com/content/jk-keihin-negishiall-info/	35.4509	139.6312
keihin	JR 京浜東北・根岸線｜大宮〜大船	関内	True	False	True	True	dynamic_all	https://wadattsu261.com/content/jk-keihin-negishiall-info/	35.443	139.636
keihin	JR 京浜東北・根岸線｜大宮〜大船	石川町	True	False	True	True	dynamic_all	https://wadattsu261.com/content/jk-keihin-negishiall-info/	35.4386	139.6435
keihin	JR 京浜東北・根岸線｜大宮〜大船	山手	True	False	True	True	dynamic_all	https://wadattsu261.com/content/jk-keihin-negishiall-info/	35.4267	139.6464
keihin	JR 京浜東北・根岸線｜大宮〜大船	根岸	True	False	True	True	dynamic_all	https://wadattsu261.com/content/jk-keihin-negishiall-info/	35.4157	139.636
keihin	JR 京浜東北・根岸線｜大宮〜大船	磯子	True	False	True	True	dynamic_all	https://wadattsu261.com/content/jk-keihin-negishiall-info/	35.4005	139.6186
keihin	JR 京浜東北・根岸線｜大宮〜大船	新杉田	True	False	True	True	dynamic_all	https://wadattsu261.com/content/jk-keihin-negishiall-info/	35.3869	139.619
keihin	JR 京浜東北・根岸線｜大宮〜大船	洋光台	True	False	True	True	dynamic_all	https://wadattsu261.com/content/jk-keihin-negishiall-info/	35.3786	139.5967
keihin	JR 京浜東北・根岸線｜大宮〜大船	港南台	True	False	True	True	dynamic_all	https://wadattsu261.com/content/jk-keihin-negishiall-info/	35.3751	139.5762
keihin	JR 京浜東北・根岸線｜大宮〜大船	本郷台	True	False	True	True	dynamic_all	https://wadattsu261.com/content/jk-keihin-negishiall-info/	35.3679	139.5504
keihin	JR 京浜東北・根岸線｜大宮〜大船	大船	True	False	True	True	dynamic_all	https://wadattsu261.com/content/jk-keihin-negishiall-info/	35.354	139.5311
yokohama	JR 横浜線・根岸線直通｜八王子〜大船	八王子	True	False	True	True	dynamic_all	https://wadattsu261.com/content/jh-yokohama-negishiall-info/	35.6556	139.3389
yokohama	JR 横浜線・根岸線直通｜八王子〜大船	片倉	True	False	True	True	dynamic_all	https://wadattsu261.com/content/jh-yokohama-negishiall-info/	35.6397	139.3415
yokohama	JR 横浜線・根岸線直通｜八王子〜大船	八王子みなみ野	True	False	True	True	dynamic_all	https://wadattsu261.com/content/jh-yokohama-negishiall-info/	35.63	139.3307
yokohama	JR 横浜線・根岸線直通｜八王子〜大船	相原	True	False	True	True	dynamic_all	https://wadattsu261.com/content/jh-yokohama-negishiall-info/	35.6069	139.3315
yokohama	JR 横浜線・根岸線直通｜八王子〜大船	橋本	True	False	True	True	dynamic_all	https://wadattsu261.com/content/jh-yokohama-negishiall-info/	35.5949	139.3444
yokohama	JR 横浜線・根岸線直通｜八王子〜大船	相模原	True	False	True	True	dynamic_all	https://wadattsu261.com/content/jh-yokohama-negishiall-info/	35.581	139.3706
yokohama	JR 横浜線・根岸線直通｜八王子〜大船	矢部	True	False	True	True	dynamic_all	https://wadattsu261.com/content/jh-yokohama-negishiall-info/	35.5733	139.3861
yokohama	JR 横浜線・根岸線直通｜八王子〜大船	淵野辺	True	False	True	True	dynamic_all	https://wadattsu261.com/content/jh-yokohama-negishiall-info/	35.5697	139.3954
yokohama	JR 横浜線・根岸線直通｜八王子〜大船	古淵	True	False	True	True	dynamic_all	https://wadattsu261.com/content/jh-yokohama-negishiall-info/	35.5568	139.4196
yokohama	JR 横浜線・根岸線直通｜八王子〜大船	町田	True	False	True	True	dynamic_all	https://wadattsu261.com/content/jh-yokohama-negishiall-info/	35.542	139.4451
yokohama	JR 横浜線・根岸線直通｜八王子〜大船	成瀬	True	False	True	True	dynamic_all	https://wadattsu261.com/content/jh-yokohama-negishiall-info/	35.5354	139.4733
yokohama	JR 横浜線・根岸線直通｜八王子〜大船	長津田	True	False	True	True	dynamic_all	https://wadattsu261.com/content/jh-yokohama-negishiall-info/	35.5317	139.4949
yokohama	JR 横浜線・根岸線直通｜八王子〜大船	十日市場	True	False	True	True	dynamic_all	https://wadattsu261.com/content/jh-yokohama-negishiall-info/	35.5263	139.5168
yokohama	JR 横浜線・根岸線直通｜八王子〜大船	中山	True	False	True	True	dynamic_all	https://wadattsu261.com/content/jh-yokohama-negishiall-info/	35.5147	139.5397
yokohama	JR 横浜線・根岸線直通｜八王子〜大船	鴨居	True	False	True	True	dynamic_all	https://wadattsu261.com/content/jh-yokohama-negishiall-info/	35.5108	139.5673
yokohama	JR 横浜線・根岸線直通｜八王子〜大船	小机	True	False	True	True	dynamic_all	https://wadattsu261.com/content/jh-yokohama-negishiall-info/	35.5085	139.5995
yokohama	JR 横浜線・根岸線直通｜八王子〜大船	新横浜	True	False	True	True	dynamic_all	https://wadattsu261.com/content/jh-yokohama-negishiall-info/	35.5075	139.6176
yokohama	JR 横浜線・根岸線直通｜八王子〜大船	菊名	True	False	True	True	dynamic_all	https://wadattsu261.com/content/jh-yokohama-negishiall-info/	35.5098	139.6306
yokohama	JR 横浜線・根岸線直通｜八王子〜大船	大口	True	False	True	True	dynamic_all	https://wadattsu261.com/content/jh-yokohama-negishiall-info/	35.4924	139.6463
yokohama	JR 横浜線・根岸線直通｜八王子〜大船	東神奈川	True	False	True	True	dynamic_all	https://wadattsu261.com/content/jh-yokohama-negishiall-info/	35.478	139.6334
yokohama	JR 横浜線・根岸線直通｜八王子〜大船	横浜	True	False	True	True	static_detail		35.466	139.622
yokohama	JR 横浜線・根岸線直通｜八王子〜大船	桜木町	True	False	True	True	dynamic_all	https://wadattsu261.com/content/jh-yokohama-negishiall-info/	35.4509	139.6312
yokohama	JR 横浜線・根岸線直通｜八王子〜大船	関内	True	False	True	True	dynamic_all	https://wadattsu261.com/content/jh-yokohama-negishiall-info/	35.443	139.636
yokohama	JR 横浜線・根岸線直通｜八王子〜大船	石川町	True	False	True	True	dynamic_all	https://wadattsu261.com/content/jh-yokohama-negishiall-info/	35.4386	139.6435
yokohama	JR 横浜線・根岸線直通｜八王子〜大船	山手	True	False	True	True	dynamic_all	https://wadattsu261.com/content/jh-yokohama-negishiall-info/	35.4267	139.6464
yokohama	JR 横浜線・根岸線直通｜八王子〜大船	根岸	True	False	True	True	dynamic_all	https://wadattsu261.com/content/jh-yokohama-negishiall-info/	35.4157	139.636
yokohama	JR 横浜線・根岸線直通｜八王子〜大船	磯子	True	False	True	True	dynamic_all	https://wadattsu261.com/content/jh-yokohama-negishiall-info/	35.4005	139.6186
yokohama	JR 横浜線・根岸線直通｜八王子〜大船	新杉田	True	False	True	True	dynamic_all	https://wadattsu261.com/content/jh-yokohama-negishiall-info/	35.3869	139.619
yokohama	JR 横浜線・根岸線直通｜八王子〜大船	洋光台	True	False	True	True	dynamic_all	https://wadattsu261.com/content/jh-yokohama-negishiall-info/	35.3786	139.5967
yokohama	JR 横浜線・根岸線直通｜八王子〜大船	港南台	True	False	True	True	dynamic_all	https://wadattsu261.com/content/jh-yokohama-negishiall-info/	35.3751	139.5762
yokohama	JR 横浜線・根岸線直通｜八王子〜大船	本郷台	True	False	True	True	dynamic_all	https://wadattsu261.com/content/jh-yokohama-negishiall-info/	35.3679	139.5504
yokohama	JR 横浜線・根岸線直通｜八王子〜大船	大船	True	False	True	True	dynamic_all	https://wadattsu261.com/content/jh-yokohama-negishiall-info/	35.354	139.5311
shonan_u	JR 湘南新宿ライン｜宇都宮〜逗子	宇都宮	True	False	True	True	dynamic_all	https://wadattsu261.com/content/js-shonanshinjukuline-all-info/	36.5594	139.8987
shonan_u	JR 湘南新宿ライン｜宇都宮〜逗子	雀宮	True	False	True	True	dynamic_all	https://wadattsu261.com/content/js-shonanshinjukuline-all-info/	36.4938	139.8728
shonan_u	JR 湘南新宿ライン｜宇都宮〜逗子	石橋	True	False	True	True	dynamic_all	https://wadattsu261.com/content/js-shonanshinjukuline-all-info/	36.4368	139.8662
shonan_u	JR 湘南新宿ライン｜宇都宮〜逗子	自治医大	True	False	True	True	dynamic_all	https://wadattsu261.com/content/js-shonanshinjukuline-all-info/	36.3955	139.8544
shonan_u	JR 湘南新宿ライン｜宇都宮〜逗子	小金井	True	False	True	True	dynamic_all	https://wadattsu261.com/content/js-shonanshinjukuline-all-info/	36.3744	139.8425
shonan_u	JR 湘南新宿ライン｜宇都宮〜逗子	小山	True	False	True	True	dynamic_all	https://wadattsu261.com/content/js-shonanshinjukuline-all-info/	36.3127	139.8063
shonan_u	JR 湘南新宿ライン｜宇都宮〜逗子	間々田	True	False	True	True	dynamic_all	https://wadattsu261.com/content/js-shonanshinjukuline-all-info/	36.2574	139.7613
shonan_u	JR 湘南新宿ライン｜宇都宮〜逗子	野木	True	False	True	True	dynamic_all	https://wadattsu261.com/content/js-shonanshinjukuline-all-info/	36.2299	139.7407
shonan_u	JR 湘南新宿ライン｜宇都宮〜逗子	古河	True	False	True	True	dynamic_all	https://wadattsu261.com/content/js-shonanshinjukuline-all-info/	36.1942	139.7095
shonan_u	JR 湘南新宿ライン｜宇都宮〜逗子	栗橋	True	False	True	True	dynamic_all	https://wadattsu261.com/content/js-shonanshinjukuline-all-info/	36.1364	139.6943
shonan_u	JR 湘南新宿ライン｜宇都宮〜逗子	東鷲宮	True	False	True	True	dynamic_all	https://wadattsu261.com/content/js-shonanshinjukuline-all-info/	36.0895	139.679
shonan_u	JR 湘南新宿ライン｜宇都宮〜逗子	久喜	True	False	True	True	dynamic_all	https://wadattsu261.com/content/js-shonanshinjukuline-all-info/	36.0658	139.6773
shonan_u	JR 湘南新宿ライン｜宇都宮〜逗子	新白岡	True	False	True	True	dynamic_all	https://wadattsu261.com/content/js-shonanshinjukuline-all-info/	36.0386	139.6725
shonan_u	JR 湘南新宿ライン｜宇都宮〜逗子	白岡	True	False	True	True	dynamic_all	https://wadattsu261.com/content/js-shonanshinjukuline-all-info/	36.0178	139.6669
shonan_u	JR 湘南新宿ライン｜宇都宮〜逗子	蓮田	True	False	True	True	dynamic_all	https://wadattsu261.com/content/js-shonanshinjukuline-all-info/	35.9814	139.6526
shonan_u	JR 湘南新宿ライン｜宇都宮〜逗子	東大宮	True	False	True	True	dynamic_all	https://wadattsu261.com/content/js-shonanshinjukuline-all-info/	35.9489	139.6403
shonan_u	JR 湘南新宿ライン｜宇都宮〜逗子	土呂	True	False	True	True	dynamic_all	https://wadattsu261.com/content/js-shonanshinjukuline-all-info/	35.9315	139.6326
shonan_u	JR 湘南新宿ライン｜宇都宮〜逗子	大宮	True	False	True	True	dynamic_all	https://wadattsu261.com/content/js-shonanshinjukuline-all-info/	35.9064	139.6239
shonan_u	JR 湘南新宿ライン｜宇都宮〜逗子	浦和	True	False	True	True	dynamic_all	https://wadattsu261.com/content/js-shonanshinjukuline-all-info/	35.8585	139.6571
shonan_u	JR 湘南新宿ライン｜宇都宮〜逗子	赤羽	True	False	True	True	dynamic_all	https://wadattsu261.com/content/js-shonanshinjukuline-all-info/	35.778	139.7209
shonan_u	JR 湘南新宿ライン｜宇都宮〜逗子	池袋	True	False	True	True	dynamic_all	https://wadattsu261.com/content/js-shonanshinjukuline-all-info/	35.7303	139.71
shonan_u	JR 湘南新宿ライン｜宇都宮〜逗子	新宿	True	False	True	True	dynamic_all	https://wadattsu261.com/content/js-shonanshinjukuline-all-info/	35.6896	139.7006
shonan_u	JR 湘南新宿ライン｜宇都宮〜逗子	渋谷	True	False	True	True	dynamic_all	https://wadattsu261.com/content/js-shonanshinjukuline-all-info/	35.658	139.7016
shonan_u	JR 湘南新宿ライン｜宇都宮〜逗子	恵比寿	True	False	True	True	dynamic_all	https://wadattsu261.com/content/js-shonanshinjukuline-all-info/	35.6467	139.7101
shonan_u	JR 湘南新宿ライン｜宇都宮〜逗子	大崎	True	False	True	True	dynamic_all	https://wadattsu261.com/content/js-shonanshinjukuline-all-info/	35.6197	139.7286
shonan_u	JR 湘南新宿ライン｜宇都宮〜逗子	西大井	True	False	True	True	static_detail		35.6016	139.7216
shonan_u	JR 湘南新宿ライン｜宇都宮〜逗子	武蔵小杉	True	False	True	True	dynamic_all	https://wadattsu261.com/content/js-shonanshinjukuline-all-info/	35.575	139.663
shonan_u	JR 湘南新宿ライン｜宇都宮〜逗子	新川崎	True	False	True	True	dynamic_all	https://wadattsu261.com/content/js-shonanshinjukuline-all-info/	35.5514	139.6715
shonan_u	JR 湘南新宿ライン｜宇都宮〜逗子	横浜	True	False	True	True	static_detail		35.466	139.622
shonan_u	JR 湘南新宿ライン｜宇都宮〜逗子	保土ケ谷	True	False	True	True	dynamic_all	https://wadattsu261.com/content/js-shonanshinjukuline-all-info/	35.4468	139.5997
shonan_u	JR 湘南新宿ライン｜宇都宮〜逗子	東戸塚	True	False	True	True	dynamic_all	https://wadattsu261.com/content/js-shonanshinjukuline-all-info/	35.43	139.5567
shonan_u	JR 湘南新宿ライン｜宇都宮〜逗子	戸塚	True	False	True	True	dynamic_all	https://wadattsu261.com/content/js-shonanshinjukuline-all-info/	35.4004	139.5343
shonan_u	JR 湘南新宿ライン｜宇都宮〜逗子	大船	True	False	True	True	dynamic_all	https://wadattsu261.com/content/js-shonanshinjukuline-all-info/	35.354	139.5311
shonan_u	JR 湘南新宿ライン｜宇都宮〜逗子	北鎌倉	True	False	True	True	dynamic_all	https://wadattsu261.com/content/js-shonanshinjukuline-all-info/	35.3372	139.5452
shonan_u	JR 湘南新宿ライン｜宇都宮〜逗子	鎌倉	True	False	True	True	dynamic_all	https://wadattsu261.com/content/js-shonanshinjukuline-all-info/	35.319	139.5504
shonan_u	JR 湘南新宿ライン｜宇都宮〜逗子	逗子	True	False	True	True	dynamic_all	https://wadattsu261.com/content/js-shonanshinjukuline-all-info/	35.2975	139.5785
shonan_t	JR 湘南新宿ライン｜高崎〜小田原	高崎	True	False	True	True	dynamic_all	https://wadattsu261.com/content/js-shonanshinjukuline-all-info/	36.3222	139.0124
shonan_t	JR 湘南新宿ライン｜高崎〜小田原	倉賀野	True	False	True	True	dynamic_all	https://wadattsu261.com/content/js-shonanshinjukuline-all-info/	36.3003	139.0499
shonan_t	JR 湘南新宿ライン｜高崎〜小田原	新町	True	False	True	True	dynamic_all	https://wadattsu261.com/content/js-shonanshinjukuline-all-info/	36.2725	139.1056
shonan_t	JR 湘南新宿ライン｜高崎〜小田原	神保原	True	False	True	True	dynamic_all	https://wadattsu261.com/content/js-shonanshinjukuline-all-info/	36.2539	139.1495
shonan_t	JR 湘南新宿ライン｜高崎〜小田原	本庄	True	False	True	True	dynamic_all	https://wadattsu261.com/content/js-shonanshinjukuline-all-info/	36.2363	139.1883
shonan_t	JR 湘南新宿ライン｜高崎〜小田原	岡部	True	False	True	True	dynamic_all	https://wadattsu261.com/content/js-shonanshinjukuline-all-info/	36.2055	139.2375
shonan_t	JR 湘南新宿ライン｜高崎〜小田原	深谷	True	False	True	True	dynamic_all	https://wadattsu261.com/content/js-shonanshinjukuline-all-info/	36.1913	139.2815
shonan_t	JR 湘南新宿ライン｜高崎〜小田原	籠原	True	False	True	True	dynamic_all	https://wadattsu261.com/content/js-shonanshinjukuline-all-info/	36.1745	139.3307
shonan_t	JR 湘南新宿ライン｜高崎〜小田原	熊谷	True	False	True	True	dynamic_all	https://wadattsu261.com/content/js-shonanshinjukuline-all-info/	36.1396	139.3894
shonan_t	JR 湘南新宿ライン｜高崎〜小田原	行田	True	False	True	True	dynamic_all	https://wadattsu261.com/content/js-shonanshinjukuline-all-info/	36.1139	139.4328
shonan_t	JR 湘南新宿ライン｜高崎〜小田原	吹上	True	False	True	True	dynamic_all	https://wadattsu261.com/content/js-shonanshinjukuline-all-info/	36.1032	139.4531
shonan_t	JR 湘南新宿ライン｜高崎〜小田原	北鴻巣	True	False	True	True	dynamic_all	https://wadattsu261.com/content/js-shonanshinjukuline-all-info/	36.0853	139.4768
shonan_t	JR 湘南新宿ライン｜高崎〜小田原	鴻巣	True	False	True	True	dynamic_all	https://wadattsu261.com/content/js-shonanshinjukuline-all-info/	36.0593	139.5093
shonan_t	JR 湘南新宿ライン｜高崎〜小田原	北本	True	False	True	True	dynamic_all	https://wadattsu261.com/content/js-shonanshinjukuline-all-info/	36.0317	139.5349
shonan_t	JR 湘南新宿ライン｜高崎〜小田原	桶川	True	False	True	True	dynamic_all	https://wadattsu261.com/content/js-shonanshinjukuline-all-info/	35.9985	139.5645
shonan_t	JR 湘南新宿ライン｜高崎〜小田原	北上尾	True	False	True	True	dynamic_all	https://wadattsu261.com/content/js-shonanshinjukuline-all-info/	35.9857	139.5774
shonan_t	JR 湘南新宿ライン｜高崎〜小田原	上尾	True	False	True	True	dynamic_all	https://wadattsu261.com/content/js-shonanshinjukuline-all-info/	35.9735	139.5886
shonan_t	JR 湘南新宿ライン｜高崎〜小田原	宮原	True	False	True	True	dynamic_all	https://wadattsu261.com/content/js-shonanshinjukuline-all-info/	35.9408	139.6097
shonan_t	JR 湘南新宿ライン｜高崎〜小田原	大宮	True	False	True	True	dynamic_all	https://wadattsu261.com/content/js-shonanshinjukuline-all-info/	35.9064	139.6239
shonan_t	JR 湘南新宿ライン｜高崎〜小田原	浦和	True	False	True	True	dynamic_all	https://wadattsu261.com/content/js-shonanshinjukuline-all-info/	35.8585	139.6571
shonan_t	JR 湘南新宿ライン｜高崎〜小田原	赤羽	True	False	True	True	dynamic_all	https://wadattsu261.com/content/js-shonanshinjukuline-all-info/	35.778	139.7209
shonan_t	JR 湘南新宿ライン｜高崎〜小田原	池袋	True	False	True	True	dynamic_all	https://wadattsu261.com/content/js-shonanshinjukuline-all-info/	35.7303	139.71
shonan_t	JR 湘南新宿ライン｜高崎〜小田原	新宿	True	False	True	True	dynamic_all	https://wadattsu261.com/content/js-shonanshinjukuline-all-info/	35.6896	139.7006
shonan_t	JR 湘南新宿ライン｜高崎〜小田原	渋谷	True	False	True	True	dynamic_all	https://wadattsu261.com/content/js-shonanshinjukuline-all-info/	35.658	139.7016
shonan_t	JR 湘南新宿ライン｜高崎〜小田原	恵比寿	True	False	True	True	dynamic_all	https://wadattsu261.com/content/js-shonanshinjukuline-all-info/	35.6467	139.7101
shonan_t	JR 湘南新宿ライン｜高崎〜小田原	大崎	True	False	True	True	dynamic_all	https://wadattsu261.com/content/js-shonanshinjukuline-all-info/	35.6197	139.7286
shonan_t	JR 湘南新宿ライン｜高崎〜小田原	武蔵小杉	True	False	True	True	dynamic_all	https://wadattsu261.com/content/js-shonanshinjukuline-all-info/	35.575	139.663
shonan_t	JR 湘南新宿ライン｜高崎〜小田原	新川崎	True	False	True	True	dynamic_all	https://wadattsu261.com/content/js-shonanshinjukuline-all-info/	35.5514	139.6715
shonan_t	JR 湘南新宿ライン｜高崎〜小田原	横浜	True	False	True	True	static_detail		35.466	139.622
shonan_t	JR 湘南新宿ライン｜高崎〜小田原	保土ケ谷	True	False	True	True	dynamic_all	https://wadattsu261.com/content/js-shonanshinjukuline-all-info/	35.4468	139.5997
shonan_t	JR 湘南新宿ライン｜高崎〜小田原	東戸塚	True	False	True	True	dynamic_all	https://wadattsu261.com/content/js-shonanshinjukuline-all-info/	35.43	139.5567
shonan_t	JR 湘南新宿ライン｜高崎〜小田原	戸塚	True	False	True	True	dynamic_all	https://wadattsu261.com/content/js-shonanshinjukuline-all-info/	35.4004	139.5343
shonan_t	JR 湘南新宿ライン｜高崎〜小田原	大船	True	False	True	True	dynamic_all	https://wadattsu261.com/content/js-shonanshinjukuline-all-info/	35.354	139.5311
shonan_t	JR 湘南新宿ライン｜高崎〜小田原	藤沢	True	False	True	True	dynamic_all	https://wadattsu261.com/content/js-shonanshinjukuline-all-info/	35.3389	139.4875
shonan_t	JR 湘南新宿ライン｜高崎〜小田原	辻堂	True	False	True	True	dynamic_all	https://wadattsu261.com/content/js-shonanshinjukuline-all-info/	35.337	139.447
shonan_t	JR 湘南新宿ライン｜高崎〜小田原	茅ケ崎	True	False	True	True	dynamic_all	https://wadattsu261.com/content/js-shonanshinjukuline-all-info/	35.3307	139.4072
shonan_t	JR 湘南新宿ライン｜高崎〜小田原	平塚	True	False	True	True	dynamic_all	https://wadattsu261.com/content/js-shonanshinjukuline-all-info/	35.3271	139.349
shonan_t	JR 湘南新宿ライン｜高崎〜小田原	大磯	True	False	True	True	dynamic_all	https://wadattsu261.com/content/js-shonanshinjukuline-all-info/	35.3114	139.313
shonan_t	JR 湘南新宿ライン｜高崎〜小田原	二宮	True	False	True	True	dynamic_all	https://wadattsu261.com/content/js-shonanshinjukuline-all-info/	35.2982	139.2569
shonan_t	JR 湘南新宿ライン｜高崎〜小田原	国府津	True	False	True	True	dynamic_all	https://wadattsu261.com/content/js-shonanshinjukuline-all-info/	35.2808	139.2129
shonan_t	JR 湘南新宿ライン｜高崎〜小田原	鴨宮	True	False	True	True	dynamic_all	https://wadattsu261.com/content/js-shonanshinjukuline-all-info/	35.2757	139.1802
shonan_t	JR 湘南新宿ライン｜高崎〜小田原	小田原	True	False	True	True	dynamic_all	https://wadattsu261.com/content/js-shonanshinjukuline-all-info/	35.2564	139.1559
keikyu	京急 本線｜泉岳寺〜浦賀	泉岳寺	True	False	True	True	dynamic_hub	https://wadattsu261.com/kk-keikyuhome-info/	35.6387	139.74
keikyu	京急 本線｜泉岳寺〜浦賀	品川	True	False	True	True	dynamic_hub	https://wadattsu261.com/kk-keikyuhome-info/	35.6285	139.7388
keikyu	京急 本線｜泉岳寺〜浦賀	北品川	True	False	False	False	unsupported		35.6224	139.7393
keikyu	京急 本線｜泉岳寺〜浦賀	新馬場	True	False	False	False	unsupported		35.6175	139.7414
keikyu	京急 本線｜泉岳寺〜浦賀	青物横丁	True	False	True	True	dynamic_hub	https://wadattsu261.com/kk-keikyuhome-info/	35.6096	139.7429
keikyu	京急 本線｜泉岳寺〜浦賀	鮫洲	True	False	False	False	unsupported		35.6055	139.7424
keikyu	京急 本線｜泉岳寺〜浦賀	立会川	True	False	True	True	dynamic_hub	https://wadattsu261.com/kk-keikyuhome-info/	35.5984	139.7389
keikyu	京急 本線｜泉岳寺〜浦賀	大森海岸	True	False	False	False	unsupported		35.5877	139.7354
keikyu	京急 本線｜泉岳寺〜浦賀	平和島	True	False	True	True	dynamic_hub	https://wadattsu261.com/kk-keikyuhome-info/	35.5787	139.7349
keikyu	京急 本線｜泉岳寺〜浦賀	大森町	True	False	False	False	unsupported		35.5727	139.732
keikyu	京急 本線｜泉岳寺〜浦賀	梅屋敷	True	False	False	False	unsupported		35.5669	139.7281
keikyu	京急 本線｜泉岳寺〜浦賀	京急蒲田	True	False	True	True	dynamic_hub	https://wadattsu261.com/kk-keikyuhome-info/	35.5607	139.7236
keikyu	京急 本線｜泉岳寺〜浦賀	雑色	True	False	False	False	unsupported		35.5496	139.7152
keikyu	京急 本線｜泉岳寺〜浦賀	六郷土手	True	False	False	False	unsupported		35.5405	139.7071
keikyu	京急 本線｜泉岳寺〜浦賀	京急川崎	True	False	True	True	dynamic_hub	https://wadattsu261.com/kk-keikyuhome-info/	35.5327	139.7003
keikyu	京急 本線｜泉岳寺〜浦賀	八丁畷	True	False	False	False	unsupported		35.523	139.6915
keikyu	京急 本線｜泉岳寺〜浦賀	鶴見市場	True	False	False	False	unsupported		35.5175	139.6866
keikyu	京急 本線｜泉岳寺〜浦賀	京急鶴見	True	False	True	True	dynamic_hub	https://wadattsu261.com/kk-keikyuhome-info/	35.5071	139.6775
keikyu	京急 本線｜泉岳寺〜浦賀	花月総持寺	True	False	False	False	unsupported		35.5005	139.6741
keikyu	京急 本線｜泉岳寺〜浦賀	生麦	True	False	False	False	unsupported		35.4953	139.6675
keikyu	京急 本線｜泉岳寺〜浦賀	京急新子安	True	False	False	False	unsupported		35.487	139.6553
keikyu	京急 本線｜泉岳寺〜浦賀	子安	True	False	False	False	unsupported		35.4843	139.641
keikyu	京急 本線｜泉岳寺〜浦賀	神奈川新町	True	False	True	True	dynamic_hub	https://wadattsu261.com/kk-keikyuhome-info/	35.4816	139.6397
keikyu	京急 本線｜泉岳寺〜浦賀	京急東神奈川	True	False	True	True	dynamic_hub	https://wadattsu261.com/kk-keikyuhome-info/	35.4772	139.6352
keikyu	京急 本線｜泉岳寺〜浦賀	神奈川	True	False	False	False	unsupported		35.4717	139.6277
keikyu	京急 本線｜泉岳寺〜浦賀	横浜	True	False	True	True	static_car		35.466	139.622
keikyu	京急 本線｜泉岳寺〜浦賀	戸部	True	False	False	False	unsupported		35.4563	139.6194
keikyu	京急 本線｜泉岳寺〜浦賀	日ノ出町	True	False	True	True	dynamic_hub	https://wadattsu261.com/kk-keikyuhome-info/	35.4452	139.6263
keikyu	京急 本線｜泉岳寺〜浦賀	黄金町	True	False	False	False	unsupported		35.4397	139.622
keikyu	京急 本線｜泉岳寺〜浦賀	南太田	True	False	False	False	unsupported		35.4368	139.6132
keikyu	京急 本線｜泉岳寺〜浦賀	井土ヶ谷	True	False	False	False	unsupported		35.4338	139.6009
keikyu	京急 本線｜泉岳寺〜浦賀	弘明寺	True	False	False	False	unsupported		35.4248	139.5961
keikyu	京急 本線｜泉岳寺〜浦賀	上大岡	True	False	True	True	dynamic_hub	https://wadattsu261.com/kk-keikyuhome-info/	35.409	139.5968
keikyu	京急 本線｜泉岳寺〜浦賀	屏風浦	True	False	False	False	unsupported		35.3932	139.6095
keikyu	京急 本線｜泉岳寺〜浦賀	杉田	True	False	True	True	dynamic_hub	https://wadattsu261.com/kk-keikyuhome-info/	35.3837	139.6169
keikyu	京急 本線｜泉岳寺〜浦賀	京急富岡	True	False	False	False	unsupported		35.3661	139.6293
keikyu	京急 本線｜泉岳寺〜浦賀	能見台	True	False	False	False	unsupported		35.3603	139.6294
keikyu	京急 本線｜泉岳寺〜浦賀	金沢文庫	True	False	True	True	dynamic_hub	https://wadattsu261.com/kk-keikyuhome-info/	35.3426	139.6223
keikyu	京急 本線｜泉岳寺〜浦賀	金沢八景	True	False	False	False	unsupported		35.3313	139.6203
keikyu	京急 本線｜泉岳寺〜浦賀	追浜	True	False	False	False	unsupported		35.3163	139.6246
keikyu	京急 本線｜泉岳寺〜浦賀	京急田浦	True	False	False	False	unsupported		35.2995	139.6253
keikyu	京急 本線｜泉岳寺〜浦賀	安針塚	True	False	False	False	unsupported		35.2856	139.6414
keikyu	京急 本線｜泉岳寺〜浦賀	逸見	True	False	False	False	unsupported		35.279	139.6506
keikyu	京急 本線｜泉岳寺〜浦賀	汐入	True	False	False	False	unsupported		35.2804	139.6621
keikyu	京急 本線｜泉岳寺〜浦賀	横須賀中央	True	False	False	False	unsupported		35.2787	139.67
keikyu	京急 本線｜泉岳寺〜浦賀	県立大学	True	False	False	False	unsupported		35.2647	139.6772
keikyu	京急 本線｜泉岳寺〜浦賀	堀ノ内	True	False	False	False	unsupported		35.2631	139.6875
keikyu	京急 本線｜泉岳寺〜浦賀	京急大津	True	False	False	False	unsupported		35.2612	139.6999
keikyu	京急 本線｜泉岳寺〜浦賀	馬堀海岸	True	False	False	False	unsupported		35.2593	139.7087
keikyu	京急 本線｜泉岳寺〜浦賀	浦賀	True	False	False	False	unsupported		35.2508	139.7157
keikyu_k	京急 久里浜線直通｜泉岳寺〜三崎口	泉岳寺	True	False	True	True	dynamic_hub	https://wadattsu261.com/kk-keikyuhome-info/	35.6387	139.74
keikyu_k	京急 久里浜線直通｜泉岳寺〜三崎口	品川	True	False	True	True	dynamic_hub	https://wadattsu261.com/kk-keikyuhome-info/	35.6285	139.7388
keikyu_k	京急 久里浜線直通｜泉岳寺〜三崎口	北品川	True	False	False	False	unsupported		35.6224	139.7393
keikyu_k	京急 久里浜線直通｜泉岳寺〜三崎口	新馬場	True	False	False	False	unsupported		35.6175	139.7414
keikyu_k	京急 久里浜線直通｜泉岳寺〜三崎口	青物横丁	True	False	True	True	dynamic_hub	https://wadattsu261.com/kk-keikyuhome-info/	35.6096	139.7429
keikyu_k	京急 久里浜線直通｜泉岳寺〜三崎口	鮫洲	True	False	False	False	unsupported		35.6055	139.7424
keikyu_k	京急 久里浜線直通｜泉岳寺〜三崎口	立会川	True	False	True	True	dynamic_hub	https://wadattsu261.com/kk-keikyuhome-info/	35.5984	139.7389
keikyu_k	京急 久里浜線直通｜泉岳寺〜三崎口	大森海岸	True	False	False	False	unsupported		35.5877	139.7354
keikyu_k	京急 久里浜線直通｜泉岳寺〜三崎口	平和島	True	False	True	True	dynamic_hub	https://wadattsu261.com/kk-keikyuhome-info/	35.5787	139.7349
keikyu_k	京急 久里浜線直通｜泉岳寺〜三崎口	大森町	True	False	False	False	unsupported		35.5727	139.732
keikyu_k	京急 久里浜線直通｜泉岳寺〜三崎口	梅屋敷	True	False	False	False	unsupported		35.5669	139.7281
keikyu_k	京急 久里浜線直通｜泉岳寺〜三崎口	京急蒲田	True	False	True	True	dynamic_hub	https://wadattsu261.com/kk-keikyuhome-info/	35.5607	139.7236
keikyu_k	京急 久里浜線直通｜泉岳寺〜三崎口	雑色	True	False	False	False	unsupported		35.5496	139.7152
keikyu_k	京急 久里浜線直通｜泉岳寺〜三崎口	六郷土手	True	False	False	False	unsupported		35.5405	139.7071
keikyu_k	京急 久里浜線直通｜泉岳寺〜三崎口	京急川崎	True	False	True	True	dynamic_hub	https://wadattsu261.com/kk-keikyuhome-info/	35.5327	139.7003
keikyu_k	京急 久里浜線直通｜泉岳寺〜三崎口	八丁畷	True	False	False	False	unsupported		35.523	139.6915
keikyu_k	京急 久里浜線直通｜泉岳寺〜三崎口	鶴見市場	True	False	False	False	unsupported		35.5175	139.6866
keikyu_k	京急 久里浜線直通｜泉岳寺〜三崎口	京急鶴見	True	False	True	True	dynamic_hub	https://wadattsu261.com/kk-keikyuhome-info/	35.5071	139.6775
keikyu_k	京急 久里浜線直通｜泉岳寺〜三崎口	花月総持寺	True	False	False	False	unsupported		35.5005	139.6741
keikyu_k	京急 久里浜線直通｜泉岳寺〜三崎口	生麦	True	False	False	False	unsupported		35.4953	139.6675
keikyu_k	京急 久里浜線直通｜泉岳寺〜三崎口	京急新子安	True	False	False	False	unsupported		35.487	139.6553
keikyu_k	京急 久里浜線直通｜泉岳寺〜三崎口	子安	True	False	False	False	unsupported		35.4843	139.641
keikyu_k	京急 久里浜線直通｜泉岳寺〜三崎口	神奈川新町	True	False	True	True	dynamic_hub	https://wadattsu261.com/kk-keikyuhome-info/	35.4816	139.6397
keikyu_k	京急 久里浜線直通｜泉岳寺〜三崎口	京急東神奈川	True	False	True	True	dynamic_hub	https://wadattsu261.com/kk-keikyuhome-info/	35.4772	139.6352
keikyu_k	京急 久里浜線直通｜泉岳寺〜三崎口	神奈川	True	False	False	False	unsupported		35.4717	139.6277
keikyu_k	京急 久里浜線直通｜泉岳寺〜三崎口	横浜	True	False	True	True	static_car		35.466	139.622
keikyu_k	京急 久里浜線直通｜泉岳寺〜三崎口	戸部	True	False	False	False	unsupported		35.4563	139.6194
keikyu_k	京急 久里浜線直通｜泉岳寺〜三崎口	日ノ出町	True	False	True	True	dynamic_hub	https://wadattsu261.com/kk-keikyuhome-info/	35.4452	139.6263
keikyu_k	京急 久里浜線直通｜泉岳寺〜三崎口	黄金町	True	False	False	False	unsupported		35.4397	139.622
keikyu_k	京急 久里浜線直通｜泉岳寺〜三崎口	南太田	True	False	False	False	unsupported		35.4368	139.6132
keikyu_k	京急 久里浜線直通｜泉岳寺〜三崎口	井土ヶ谷	True	False	False	False	unsupported		35.4338	139.6009
keikyu_k	京急 久里浜線直通｜泉岳寺〜三崎口	弘明寺	True	False	False	False	unsupported		35.4248	139.5961
keikyu_k	京急 久里浜線直通｜泉岳寺〜三崎口	上大岡	True	False	True	True	dynamic_hub	https://wadattsu261.com/kk-keikyuhome-info/	35.409	139.5968
keikyu_k	京急 久里浜線直通｜泉岳寺〜三崎口	屏風浦	True	False	False	False	unsupported		35.3932	139.6095
keikyu_k	京急 久里浜線直通｜泉岳寺〜三崎口	杉田	True	False	True	True	dynamic_hub	https://wadattsu261.com/kk-keikyuhome-info/	35.3837	139.6169
keikyu_k	京急 久里浜線直通｜泉岳寺〜三崎口	京急富岡	True	False	False	False	unsupported		35.3661	139.6293
keikyu_k	京急 久里浜線直通｜泉岳寺〜三崎口	能見台	True	False	False	False	unsupported		35.3603	139.6294
keikyu_k	京急 久里浜線直通｜泉岳寺〜三崎口	金沢文庫	True	False	True	True	dynamic_hub	https://wadattsu261.com/kk-keikyuhome-info/	35.3426	139.6223
keikyu_k	京急 久里浜線直通｜泉岳寺〜三崎口	金沢八景	True	False	False	False	unsupported		35.3313	139.6203
keikyu_k	京急 久里浜線直通｜泉岳寺〜三崎口	追浜	True	False	False	False	unsupported		35.3163	139.6246
keikyu_k	京急 久里浜線直通｜泉岳寺〜三崎口	京急田浦	True	False	False	False	unsupported		35.2995	139.6253
keikyu_k	京急 久里浜線直通｜泉岳寺〜三崎口	安針塚	True	False	False	False	unsupported		35.2856	139.6414
keikyu_k	京急 久里浜線直通｜泉岳寺〜三崎口	逸見	True	False	False	False	unsupported		35.279	139.6506
keikyu_k	京急 久里浜線直通｜泉岳寺〜三崎口	汐入	True	False	False	False	unsupported		35.2804	139.6621
keikyu_k	京急 久里浜線直通｜泉岳寺〜三崎口	横須賀中央	True	False	False	False	unsupported		35.2787	139.67
keikyu_k	京急 久里浜線直通｜泉岳寺〜三崎口	県立大学	True	False	False	False	unsupported		35.2647	139.6772
keikyu_k	京急 久里浜線直通｜泉岳寺〜三崎口	堀ノ内	True	False	False	False	unsupported		35.2631	139.6875
keikyu_k	京急 久里浜線直通｜泉岳寺〜三崎口	新大津	True	False	False	False	unsupported		35.2547	139.6915
keikyu_k	京急 久里浜線直通｜泉岳寺〜三崎口	北久里浜	True	False	False	False	unsupported		35.2491	139.6868
keikyu_k	京急 久里浜線直通｜泉岳寺〜三崎口	京急久里浜	True	False	False	False	unsupported		35.2319	139.7026
keikyu_k	京急 久里浜線直通｜泉岳寺〜三崎口	YRP野比	True	False	False	False	unsupported		35.2125	139.6844
keikyu_k	京急 久里浜線直通｜泉岳寺〜三崎口	京急長沢	True	False	False	False	unsupported		35.2058	139.674
keikyu_k	京急 久里浜線直通｜泉岳寺〜三崎口	津久井浜	True	False	False	False	unsupported		35.198	139.6637
keikyu_k	京急 久里浜線直通｜泉岳寺〜三崎口	三浦海岸	True	False	False	False	unsupported		35.1886	139.653
keikyu_k	京急 久里浜線直通｜泉岳寺〜三崎口	三崎口	True	False	False	False	unsupported		35.1779	139.6328
keikyu_a	京急 空港線直通｜横浜〜羽田空港	横浜	True	False	True	True	static_car		35.466	139.622
keikyu_a	京急 空港線直通｜横浜〜羽田空港	神奈川	True	False	False	False	unsupported		35.4717	139.6277
keikyu_a	京急 空港線直通｜横浜〜羽田空港	京急東神奈川	True	False	True	True	dynamic_hub	https://wadattsu261.com/kk-keikyuhome-info/	35.4772	139.6352
keikyu_a	京急 空港線直通｜横浜〜羽田空港	神奈川新町	True	False	True	True	dynamic_hub	https://wadattsu261.com/kk-keikyuhome-info/	35.4816	139.6397
keikyu_a	京急 空港線直通｜横浜〜羽田空港	子安	True	False	False	False	unsupported		35.4843	139.641
keikyu_a	京急 空港線直通｜横浜〜羽田空港	京急新子安	True	False	False	False	unsupported		35.487	139.6553
keikyu_a	京急 空港線直通｜横浜〜羽田空港	生麦	True	False	False	False	unsupported		35.4953	139.6675
keikyu_a	京急 空港線直通｜横浜〜羽田空港	花月総持寺	True	False	False	False	unsupported		35.5005	139.6741
keikyu_a	京急 空港線直通｜横浜〜羽田空港	京急鶴見	True	False	False	False	unsupported		35.5071	139.6775
keikyu_a	京急 空港線直通｜横浜〜羽田空港	鶴見市場	True	False	False	False	unsupported		35.5175	139.6866
keikyu_a	京急 空港線直通｜横浜〜羽田空港	八丁畷	True	False	False	False	unsupported		35.523	139.6915
keikyu_a	京急 空港線直通｜横浜〜羽田空港	京急川崎	True	False	True	True	dynamic_hub	https://wadattsu261.com/kk-keikyuhome-info/	35.5327	139.7003
keikyu_a	京急 空港線直通｜横浜〜羽田空港	六郷土手	True	False	False	False	unsupported		35.5405	139.7071
keikyu_a	京急 空港線直通｜横浜〜羽田空港	雑色	True	False	False	False	unsupported		35.5496	139.7152
keikyu_a	京急 空港線直通｜横浜〜羽田空港	京急蒲田	True	False	True	True	dynamic_hub	https://wadattsu261.com/kk-keikyuhome-info/	35.5607	139.7236
keikyu_a	京急 空港線直通｜横浜〜羽田空港	糀谷	True	False	False	False	unsupported		35.5544	139.7298
keikyu_a	京急 空港線直通｜横浜〜羽田空港	大鳥居	True	False	False	False	unsupported		35.5524	139.7395
keikyu_a	京急 空港線直通｜横浜〜羽田空港	穴守稲荷	True	False	False	False	unsupported		35.5503	139.7468
keikyu_a	京急 空港線直通｜横浜〜羽田空港	天空橋	True	False	False	False	unsupported		35.5481	139.7541
keikyu_a	京急 空港線直通｜横浜〜羽田空港	羽田空港第3ターミナル	True	False	True	True	dynamic_hub	https://wadattsu261.com/kk-keikyuhome-info/	35.5445	139.768
keikyu_a	京急 空港線直通｜横浜〜羽田空港	羽田空港第1・第2ターミナル	True	False	True	True	dynamic_hub	https://wadattsu261.com/kk-keikyuhome-info/	35.5508	139.7872
toyoko	東急東横線・みなとみらい線｜渋谷〜元町・中華街	渋谷	True	False	True	True	dynamic_hub	https://wadattsu261.com/ty-tokyutoyokohome-info/	35.658	139.7016
toyoko	東急東横線・みなとみらい線｜渋谷〜元町・中華街	代官山	True	False	True	True	dynamic_hub	https://wadattsu261.com/ty-tokyutoyokohome-info/	35.6481	139.7033
toyoko	東急東横線・みなとみらい線｜渋谷〜元町・中華街	中目黒	True	False	True	True	dynamic_hub	https://wadattsu261.com/ty-tokyutoyokohome-info/	35.6443	139.699
toyoko	東急東横線・みなとみらい線｜渋谷〜元町・中華街	祐天寺	True	False	True	True	dynamic_hub	https://wadattsu261.com/ty-tokyutoyokohome-info/	35.6377	139.6911
toyoko	東急東横線・みなとみらい線｜渋谷〜元町・中華街	学芸大学	True	False	True	True	dynamic_hub	https://wadattsu261.com/ty-tokyutoyokohome-info/	35.6288	139.6853
toyoko	東急東横線・みなとみらい線｜渋谷〜元町・中華街	都立大学	True	False	True	True	dynamic_hub	https://wadattsu261.com/ty-tokyutoyokohome-info/	35.6179	139.6763
toyoko	東急東横線・みなとみらい線｜渋谷〜元町・中華街	自由が丘	True	False	True	True	dynamic_hub	https://wadattsu261.com/ty-tokyutoyokohome-info/	35.6074	139.6685
toyoko	東急東横線・みなとみらい線｜渋谷〜元町・中華街	田園調布	True	False	True	True	dynamic_hub	https://wadattsu261.com/ty-tokyutoyokohome-info/	35.5969	139.6673
toyoko	東急東横線・みなとみらい線｜渋谷〜元町・中華街	多摩川	True	False	True	True	dynamic_hub	https://wadattsu261.com/ty-tokyutoyokohome-info/	35.5898	139.6688
toyoko	東急東横線・みなとみらい線｜渋谷〜元町・中華街	新丸子	True	False	True	True	dynamic_hub	https://wadattsu261.com/ty-tokyutoyokohome-info/	35.5806	139.6617
toyoko	東急東横線・みなとみらい線｜渋谷〜元町・中華街	武蔵小杉	True	False	True	True	dynamic_hub	https://wadattsu261.com/ty-tokyutoyokohome-info/	35.575	139.663
toyoko	東急東横線・みなとみらい線｜渋谷〜元町・中華街	元住吉	True	False	True	True	dynamic_hub	https://wadattsu261.com/ty-tokyutoyokohome-info/	35.564	139.654
toyoko	東急東横線・みなとみらい線｜渋谷〜元町・中華街	日吉	True	False	True	True	dynamic_hub	https://wadattsu261.com/ty-tokyutoyokohome-info/	35.5531	139.6468
toyoko	東急東横線・みなとみらい線｜渋谷〜元町・中華街	綱島	True	False	True	True	dynamic_hub	https://wadattsu261.com/ty-tokyutoyokohome-info/	35.5368	139.6349
toyoko	東急東横線・みなとみらい線｜渋谷〜元町・中華街	大倉山	True	False	True	True	dynamic_hub	https://wadattsu261.com/ty-tokyutoyokohome-info/	35.5221	139.6298
toyoko	東急東横線・みなとみらい線｜渋谷〜元町・中華街	菊名	True	False	True	True	dynamic_hub	https://wadattsu261.com/ty-tokyutoyokohome-info/	35.5098	139.6306
toyoko	東急東横線・みなとみらい線｜渋谷〜元町・中華街	妙蓮寺	True	False	True	True	dynamic_hub	https://wadattsu261.com/ty-tokyutoyokohome-info/	35.4985	139.6331
toyoko	東急東横線・みなとみらい線｜渋谷〜元町・中華街	白楽	True	False	True	True	dynamic_hub	https://wadattsu261.com/ty-tokyutoyokohome-info/	35.4898	139.6279
toyoko	東急東横線・みなとみらい線｜渋谷〜元町・中華街	東白楽	True	False	True	True	dynamic_hub	https://wadattsu261.com/ty-tokyutoyokohome-info/	35.4834	139.629
toyoko	東急東横線・みなとみらい線｜渋谷〜元町・中華街	反町	True	False	True	True	dynamic_hub	https://wadattsu261.com/ty-tokyutoyokohome-info/	35.4748	139.6236
toyoko	東急東横線・みなとみらい線｜渋谷〜元町・中華街	横浜	True	False	True	True	static_car		35.466	139.622
toyoko	東急東横線・みなとみらい線｜渋谷〜元町・中華街	新高島	True	False	True	True	dynamic_hub	https://wadattsu261.com/ty-tokyutoyokohome-info/	35.4618	139.6268
toyoko	東急東横線・みなとみらい線｜渋谷〜元町・中華街	みなとみらい	True	False	True	True	dynamic_hub	https://wadattsu261.com/ty-tokyutoyokohome-info/	35.457	139.6323
toyoko	東急東横線・みなとみらい線｜渋谷〜元町・中華街	馬車道	True	False	True	True	dynamic_hub	https://wadattsu261.com/ty-tokyutoyokohome-info/	35.45	139.6361
toyoko	東急東横線・みなとみらい線｜渋谷〜元町・中華街	日本大通り	True	False	True	True	dynamic_hub	https://wadattsu261.com/ty-tokyutoyokohome-info/	35.4467	139.6426
toyoko	東急東横線・みなとみらい線｜渋谷〜元町・中華街	元町・中華街	True	False	True	True	dynamic_hub	https://wadattsu261.com/ty-tokyutoyokohome-info/	35.4423	139.65
mm	みなとみらい線｜横浜〜元町・中華街	横浜	True	False	True	True	static_car		35.466	139.622
mm	みなとみらい線｜横浜〜元町・中華街	新高島	True	False	True	True	dynamic_hub	https://wadattsu261.com/ty-tokyutoyokohome-info/	35.4618	139.6268
mm	みなとみらい線｜横浜〜元町・中華街	みなとみらい	True	False	True	True	dynamic_hub	https://wadattsu261.com/ty-tokyutoyokohome-info/	35.457	139.6323
mm	みなとみらい線｜横浜〜元町・中華街	馬車道	True	False	True	True	dynamic_hub	https://wadattsu261.com/ty-tokyutoyokohome-info/	35.45	139.6361
mm	みなとみらい線｜横浜〜元町・中華街	日本大通り	True	False	True	True	dynamic_hub	https://wadattsu261.com/ty-tokyutoyokohome-info/	35.4467	139.6426
mm	みなとみらい線｜横浜〜元町・中華街	元町・中華街	True	False	True	True	dynamic_hub	https://wadattsu261.com/ty-tokyutoyokohome-info/	35.4423	139.65
sotetsu	相鉄 本線｜横浜〜海老名	横浜	True	False	True	True	static_car		35.466	139.622
sotetsu	相鉄 本線｜横浜〜海老名	平沼橋	True	False	True	True	dynamic_hub	https://wadattsu261.com/so-sotetsuhome-info/	35.4598	139.6168
sotetsu	相鉄 本線｜横浜〜海老名	西横浜	True	False	True	True	dynamic_hub	https://wadattsu261.com/so-sotetsuhome-info/	35.4531	139.6076
sotetsu	相鉄 本線｜横浜〜海老名	天王町	True	False	True	True	dynamic_hub	https://wadattsu261.com/so-sotetsuhome-info/	35.4548	139.6028
sotetsu	相鉄 本線｜横浜〜海老名	星川	True	False	True	True	dynamic_hub	https://wadattsu261.com/so-sotetsuhome-info/	35.4588	139.5947
sotetsu	相鉄 本線｜横浜〜海老名	和田町	True	False	True	True	dynamic_hub	https://wadattsu261.com/so-sotetsuhome-info/	35.4636	139.5862
sotetsu	相鉄 本線｜横浜〜海老名	上星川	True	False	True	True	dynamic_hub	https://wadattsu261.com/so-sotetsuhome-info/	35.4673	139.5807
sotetsu	相鉄 本線｜横浜〜海老名	西谷	True	False	True	True	dynamic_hub	https://wadattsu261.com/so-sotetsuhome-info/	35.4781	139.5658
sotetsu	相鉄 本線｜横浜〜海老名	鶴ケ峰	True	False	True	True	dynamic_hub	https://wadattsu261.com/so-sotetsuhome-info/	35.475	139.5493
sotetsu	相鉄 本線｜横浜〜海老名	二俣川	True	False	True	True	dynamic_hub	https://wadattsu261.com/so-sotetsuhome-info/	35.4634	139.5324
sotetsu	相鉄 本線｜横浜〜海老名	希望ケ丘	True	False	True	True	dynamic_hub	https://wadattsu261.com/so-sotetsuhome-info/	35.4609	139.513
sotetsu	相鉄 本線｜横浜〜海老名	三ツ境	True	False	True	True	dynamic_hub	https://wadattsu261.com/so-sotetsuhome-info/	35.4672	139.5026
sotetsu	相鉄 本線｜横浜〜海老名	瀬谷	True	False	True	True	dynamic_hub	https://wadattsu261.com/so-sotetsuhome-info/	35.4704	139.4824
sotetsu	相鉄 本線｜横浜〜海老名	大和	True	False	True	True	dynamic_hub	https://wadattsu261.com/so-sotetsuhome-info/	35.4707	139.461
sotetsu	相鉄 本線｜横浜〜海老名	相模大塚	True	False	True	True	dynamic_hub	https://wadattsu261.com/so-sotetsuhome-info/	35.4719	139.4404
sotetsu	相鉄 本線｜横浜〜海老名	さがみ野	True	False	True	True	dynamic_hub	https://wadattsu261.com/so-sotetsuhome-info/	35.4716	139.4286
sotetsu	相鉄 本線｜横浜〜海老名	かしわ台	True	False	True	True	dynamic_hub	https://wadattsu261.com/so-sotetsuhome-info/	35.4662	139.415
sotetsu	相鉄 本線｜横浜〜海老名	海老名	True	False	True	True	dynamic_hub	https://wadattsu261.com/so-sotetsuhome-info/	35.4522	139.3909
izumino	相鉄 いずみ野線直通｜横浜〜湘南台	横浜	True	False	True	True	static_car		35.466	139.622
izumino	相鉄 いずみ野線直通｜横浜〜湘南台	平沼橋	True	False	True	True	dynamic_hub	https://wadattsu261.com/so-sotetsuhome-info/	35.4598	139.6168
izumino	相鉄 いずみ野線直通｜横浜〜湘南台	西横浜	True	False	True	True	dynamic_hub	https://wadattsu261.com/so-sotetsuhome-info/	35.4531	139.6076
izumino	相鉄 いずみ野線直通｜横浜〜湘南台	天王町	True	False	True	True	dynamic_hub	https://wadattsu261.com/so-sotetsuhome-info/	35.4548	139.6028
izumino	相鉄 いずみ野線直通｜横浜〜湘南台	星川	True	False	True	True	dynamic_hub	https://wadattsu261.com/so-sotetsuhome-info/	35.4588	139.5947
izumino	相鉄 いずみ野線直通｜横浜〜湘南台	和田町	True	False	True	True	dynamic_hub	https://wadattsu261.com/so-sotetsuhome-info/	35.4636	139.5862
izumino	相鉄 いずみ野線直通｜横浜〜湘南台	上星川	True	False	True	True	dynamic_hub	https://wadattsu261.com/so-sotetsuhome-info/	35.4673	139.5807
izumino	相鉄 いずみ野線直通｜横浜〜湘南台	西谷	True	False	True	True	dynamic_hub	https://wadattsu261.com/so-sotetsuhome-info/	35.4781	139.5658
izumino	相鉄 いずみ野線直通｜横浜〜湘南台	鶴ケ峰	True	False	True	True	dynamic_hub	https://wadattsu261.com/so-sotetsuhome-info/	35.475	139.5493
izumino	相鉄 いずみ野線直通｜横浜〜湘南台	二俣川	True	False	True	True	dynamic_hub	https://wadattsu261.com/so-sotetsuhome-info/	35.4634	139.5324
izumino	相鉄 いずみ野線直通｜横浜〜湘南台	南万騎が原	True	False	True	True	dynamic_hub	https://wadattsu261.com/so-sotetsuhome-info/	35.4524	139.5266
izumino	相鉄 いずみ野線直通｜横浜〜湘南台	緑園都市	True	False	True	True	dynamic_hub	https://wadattsu261.com/so-sotetsuhome-info/	35.4394	139.5213
izumino	相鉄 いずみ野線直通｜横浜〜湘南台	弥生台	True	False	True	True	dynamic_hub	https://wadattsu261.com/so-sotetsuhome-info/	35.4294	139.5066
izumino	相鉄 いずみ野線直通｜横浜〜湘南台	いずみ野	True	False	True	True	dynamic_hub	https://wadattsu261.com/so-sotetsuhome-info/	35.4294	139.4945
izumino	相鉄 いずみ野線直通｜横浜〜湘南台	いずみ中央	True	False	True	True	dynamic_hub	https://wadattsu261.com/so-sotetsuhome-info/	35.4159	139.4875
izumino	相鉄 いずみ野線直通｜横浜〜湘南台	ゆめが丘	True	False	True	True	dynamic_hub	https://wadattsu261.com/so-sotetsuhome-info/	35.4059	139.482
izumino	相鉄 いずみ野線直通｜横浜〜湘南台	湘南台	True	False	True	True	dynamic_hub	https://wadattsu261.com/so-sotetsuhome-info/	35.3965	139.466
blue	横浜市営 ブルーライン｜あざみ野〜湘南台	あざみ野	True	False	True	True	static_detail		35.5688	139.5535
blue	横浜市営 ブルーライン｜あざみ野〜湘南台	中川	True	False	True	True	dynamic_all	https://wadattsu261.com/content/b-bluelinehome-all-info/	35.5629	139.5705
blue	横浜市営 ブルーライン｜あざみ野〜湘南台	センター北	True	False	True	True	static_detail		35.5532	139.5788
blue	横浜市営 ブルーライン｜あざみ野〜湘南台	センター南	True	False	True	True	dynamic_all	https://wadattsu261.com/content/b-bluelinehome-all-info/	35.5457	139.5744
blue	横浜市営 ブルーライン｜あざみ野〜湘南台	仲町台	True	False	True	True	dynamic_all	https://wadattsu261.com/content/b-bluelinehome-all-info/	35.5352	139.5906
blue	横浜市営 ブルーライン｜あざみ野〜湘南台	新羽	True	False	True	True	dynamic_all	https://wadattsu261.com/content/b-bluelinehome-all-info/	35.5277	139.6121
blue	横浜市営 ブルーライン｜あざみ野〜湘南台	北新横浜	True	False	True	True	dynamic_all	https://wadattsu261.com/content/b-bluelinehome-all-info/	35.519	139.6125
blue	横浜市営 ブルーライン｜あざみ野〜湘南台	新横浜	True	False	True	True	dynamic_all	https://wadattsu261.com/content/b-bluelinehome-all-info/	35.5075	139.6176
blue	横浜市営 ブルーライン｜あざみ野〜湘南台	岸根公園	True	False	True	True	dynamic_all	https://wadattsu261.com/content/b-bluelinehome-all-info/	35.4963	139.6174
blue	横浜市営 ブルーライン｜あざみ野〜湘南台	片倉町	True	False	True	True	dynamic_all	https://wadattsu261.com/content/b-bluelinehome-all-info/	35.4909	139.6067
blue	横浜市営 ブルーライン｜あざみ野〜湘南台	三ツ沢上町	True	False	True	True	dynamic_all	https://wadattsu261.com/content/b-bluelinehome-all-info/	35.4807	139.6058
blue	横浜市営 ブルーライン｜あざみ野〜湘南台	三ツ沢下町	True	False	True	True	dynamic_all	https://wadattsu261.com/content/b-bluelinehome-all-info/	35.4767	139.615
blue	横浜市営 ブルーライン｜あざみ野〜湘南台	横浜	True	False	True	True	static_detail		35.466	139.622
blue	横浜市営 ブルーライン｜あざみ野〜湘南台	高島町	True	False	True	True	dynamic_all	https://wadattsu261.com/content/b-bluelinehome-all-info/	35.4573	139.623
blue	横浜市営 ブルーライン｜あざみ野〜湘南台	桜木町	True	False	True	True	static_detail		35.4509	139.6312
blue	横浜市営 ブルーライン｜あざみ野〜湘南台	関内	True	False	True	True	static_detail		35.443	139.636
blue	横浜市営 ブルーライン｜あざみ野〜湘南台	伊勢佐木長者町	True	False	True	True	dynamic_all	https://wadattsu261.com/content/b-bluelinehome-all-info/	35.4397	139.6323
blue	横浜市営 ブルーライン｜あざみ野〜湘南台	阪東橋	True	False	True	True	dynamic_all	https://wadattsu261.com/content/b-bluelinehome-all-info/	35.4369	139.6244
blue	横浜市営 ブルーライン｜あざみ野〜湘南台	吉野町	True	False	True	True	dynamic_all	https://wadattsu261.com/content/b-bluelinehome-all-info/	35.4354	139.6154
blue	横浜市営 ブルーライン｜あざみ野〜湘南台	蒔田	True	False	True	True	dynamic_all	https://wadattsu261.com/content/b-bluelinehome-all-info/	35.4293	139.609
blue	横浜市営 ブルーライン｜あざみ野〜湘南台	弘明寺（地下鉄）	True	False	True	True	dynamic_all	https://wadattsu261.com/content/b-bluelinehome-all-info/	35.423	139.6
blue	横浜市営 ブルーライン｜あざみ野〜湘南台	上大岡	True	False	True	True	dynamic_all	https://wadattsu261.com/content/b-bluelinehome-all-info/	35.409	139.5968
blue	横浜市営 ブルーライン｜あざみ野〜湘南台	港南中央	True	False	True	True	dynamic_all	https://wadattsu261.com/content/b-bluelinehome-all-info/	35.4014	139.5912
blue	横浜市営 ブルーライン｜あざみ野〜湘南台	上永谷	True	False	True	True	dynamic_all	https://wadattsu261.com/content/b-bluelinehome-all-info/	35.401	139.5727
blue	横浜市営 ブルーライン｜あざみ野〜湘南台	下永谷	True	False	True	True	dynamic_all	https://wadattsu261.com/content/b-bluelinehome-all-info/	35.4028	139.559
blue	横浜市営 ブルーライン｜あざみ野〜湘南台	舞岡	True	False	True	True	dynamic_all	https://wadattsu261.com/content/b-bluelinehome-all-info/	35.4028	139.5507
blue	横浜市営 ブルーライン｜あざみ野〜湘南台	戸塚	True	False	True	True	dynamic_all	https://wadattsu261.com/content/b-bluelinehome-all-info/	35.4004	139.5343
blue	横浜市営 ブルーライン｜あざみ野〜湘南台	踊場	True	False	True	True	dynamic_all	https://wadattsu261.com/content/b-bluelinehome-all-info/	35.4058	139.5185
blue	横浜市営 ブルーライン｜あざみ野〜湘南台	中田	True	False	True	True	dynamic_all	https://wadattsu261.com/content/b-bluelinehome-all-info/	35.4112	139.5114
blue	横浜市営 ブルーライン｜あざみ野〜湘南台	立場	True	False	True	True	dynamic_all	https://wadattsu261.com/content/b-bluelinehome-all-info/	35.4149	139.5003
blue	横浜市営 ブルーライン｜あざみ野〜湘南台	下飯田	True	False	True	True	dynamic_all	https://wadattsu261.com/content/b-bluelinehome-all-info/	35.4037	139.4824
blue	横浜市営 ブルーライン｜あざみ野〜湘南台	湘南台	True	False	True	True	dynamic_all	https://wadattsu261.com/content/b-bluelinehome-all-info/	35.3965	139.466
keikyu_z	京急 逗子線直通｜横浜〜逗子・葉山	横浜	True	False	True	True	static_car		35.466	139.622
keikyu_z	京急 逗子線直通｜横浜〜逗子・葉山	戸部	True	False	False	False	unsupported		35.4563	139.6194
keikyu_z	京急 逗子線直通｜横浜〜逗子・葉山	日ノ出町	True	False	True	True	dynamic_hub	https://wadattsu261.com/kk-keikyuhome-info/	35.4452	139.6263
keikyu_z	京急 逗子線直通｜横浜〜逗子・葉山	黄金町	True	False	False	False	unsupported		35.4397	139.622
keikyu_z	京急 逗子線直通｜横浜〜逗子・葉山	南太田	True	False	False	False	unsupported		35.4368	139.6132
keikyu_z	京急 逗子線直通｜横浜〜逗子・葉山	井土ヶ谷	True	False	False	False	unsupported		35.4338	139.6009
keikyu_z	京急 逗子線直通｜横浜〜逗子・葉山	弘明寺	True	False	False	False	unsupported		35.4248	139.5961
keikyu_z	京急 逗子線直通｜横浜〜逗子・葉山	上大岡	True	False	True	True	dynamic_hub	https://wadattsu261.com/kk-keikyuhome-info/	35.409	139.5968
keikyu_z	京急 逗子線直通｜横浜〜逗子・葉山	屏風浦	True	False	False	False	unsupported		35.3932	139.6095
keikyu_z	京急 逗子線直通｜横浜〜逗子・葉山	杉田	True	False	True	True	dynamic_hub	https://wadattsu261.com/kk-keikyuhome-info/	35.3837	139.6169
keikyu_z	京急 逗子線直通｜横浜〜逗子・葉山	京急富岡	True	False	False	False	unsupported		35.3661	139.6293
keikyu_z	京急 逗子線直通｜横浜〜逗子・葉山	能見台	True	False	False	False	unsupported		35.3603	139.6294
keikyu_z	京急 逗子線直通｜横浜〜逗子・葉山	金沢文庫	True	False	True	True	dynamic_hub	https://wadattsu261.com/kk-keikyuhome-info/	35.3426	139.6223
keikyu_z	京急 逗子線直通｜横浜〜逗子・葉山	金沢八景	True	False	False	False	unsupported		35.3313	139.6203
keikyu_z	京急 逗子線直通｜横浜〜逗子・葉山	六浦	True	False	False	False	unsupported		35.3224	139.6117
keikyu_z	京急 逗子線直通｜横浜〜逗子・葉山	神武寺	True	False	False	False	unsupported		35.3063	139.5924
keikyu_z	京急 逗子線直通｜横浜〜逗子・葉山	逗子・葉山	True	False	False	False	unsupported		35.2947	139.5802
yamanote	JR 山手線｜環状運転	東京	True	False	True	True	static_detail		35.6812	139.7671
yamanote	JR 山手線｜環状運転	有楽町	True	False	True	True	static_car		35.675	139.7633
yamanote	JR 山手線｜環状運転	新橋	True	False	True	True	static_car		35.6662	139.7586
yamanote	JR 山手線｜環状運転	浜松町	True	False	True	True	static_car		35.6554	139.7571
yamanote	JR 山手線｜環状運転	田町	True	False	True	True	static_car		35.6457	139.7476
yamanote	JR 山手線｜環状運転	高輪ゲートウェイ	True	False	True	True	static_car		35.6357	139.7407
yamanote	JR 山手線｜環状運転	品川	True	False	True	True	static_car		35.6285	139.7388
yamanote	JR 山手線｜環状運転	大崎	True	False	True	True	dynamic_all	https://wadattsu261.com/content/jy-yamanotehome-soto-uchimawari-info/	35.6197	139.7286
yamanote	JR 山手線｜環状運転	五反田	True	False	True	True	static_detail		35.6264	139.7234
yamanote	JR 山手線｜環状運転	目黒	True	False	True	True	dynamic_all	https://wadattsu261.com/content/jy-yamanotehome-soto-uchimawari-info/	35.6339	139.7158
yamanote	JR 山手線｜環状運転	恵比寿	True	False	True	True	static_detail		35.6467	139.7101
yamanote	JR 山手線｜環状運転	渋谷	True	False	True	True	dynamic_all	https://wadattsu261.com/content/jy-yamanotehome-soto-uchimawari-info/	35.658	139.7016
yamanote	JR 山手線｜環状運転	原宿	True	False	True	True	dynamic_all	https://wadattsu261.com/content/jy-yamanotehome-soto-uchimawari-info/	35.6702	139.7027
yamanote	JR 山手線｜環状運転	代々木	True	False	True	True	dynamic_all	https://wadattsu261.com/content/jy-yamanotehome-soto-uchimawari-info/	35.6831	139.7022
yamanote	JR 山手線｜環状運転	新宿	True	False	True	True	static_detail		35.6896	139.7006
yamanote	JR 山手線｜環状運転	新大久保	True	False	True	True	dynamic_all	https://wadattsu261.com/content/jy-yamanotehome-soto-uchimawari-info/	35.7013	139.7001
yamanote	JR 山手線｜環状運転	高田馬場	True	False	True	True	static_detail		35.7126	139.7039
yamanote	JR 山手線｜環状運転	目白	True	False	True	True	dynamic_all	https://wadattsu261.com/content/jy-yamanotehome-soto-uchimawari-info/	35.7212	139.7066
yamanote	JR 山手線｜環状運転	池袋	True	False	True	True	dynamic_all	https://wadattsu261.com/content/jy-yamanotehome-soto-uchimawari-info/	35.7303	139.71
yamanote	JR 山手線｜環状運転	大塚	True	False	True	True	dynamic_all	https://wadattsu261.com/content/jy-yamanotehome-soto-uchimawari-info/	35.7314	139.7286
yamanote	JR 山手線｜環状運転	巣鴨	True	False	True	True	dynamic_all	https://wadattsu261.com/content/jy-yamanotehome-soto-uchimawari-info/	35.7335	139.7393
yamanote	JR 山手線｜環状運転	駒込	True	False	True	True	dynamic_all	https://wadattsu261.com/content/jy-yamanotehome-soto-uchimawari-info/	35.7365	139.7469
yamanote	JR 山手線｜環状運転	田端	True	False	True	True	dynamic_all	https://wadattsu261.com/content/jy-yamanotehome-soto-uchimawari-info/	35.7381	139.7609
yamanote	JR 山手線｜環状運転	西日暮里	True	False	True	True	dynamic_all	https://wadattsu261.com/content/jy-yamanotehome-soto-uchimawari-info/	35.7321	139.7668
yamanote	JR 山手線｜環状運転	日暮里	True	False	True	True	static_detail		35.7278	139.7709
yamanote	JR 山手線｜環状運転	鶯谷	True	False	True	True	dynamic_all	https://wadattsu261.com/content/jy-yamanotehome-soto-uchimawari-info/	35.7215	139.778
yamanote	JR 山手線｜環状運転	上野	True	False	True	True	static_detail		35.7142	139.7774
yamanote	JR 山手線｜環状運転	御徒町	True	False	True	True	dynamic_all	https://wadattsu261.com/content/jy-yamanotehome-soto-uchimawari-info/	35.7075	139.7747
yamanote	JR 山手線｜環状運転	秋葉原	True	False	True	True	static_detail		35.6984	139.7731
yamanote	JR 山手線｜環状運転	神田	True	False	True	True	static_detail		35.6917	139.7709
chuo	JR 中央線快速｜東京〜高尾	東京	True	False	True	True	dynamic_all	https://wadattsu261.com/content/jc-chuorapidhome-all-info/	35.6812	139.7671
chuo	JR 中央線快速｜東京〜高尾	神田	True	False	True	True	dynamic_all	https://wadattsu261.com/content/jc-chuorapidhome-all-info/	35.6917	139.7709
chuo	JR 中央線快速｜東京〜高尾	御茶ノ水	True	False	True	True	dynamic_all	https://wadattsu261.com/content/jc-chuorapidhome-all-info/	35.6996	139.765
chuo	JR 中央線快速｜東京〜高尾	四ツ谷	True	False	True	True	dynamic_all	https://wadattsu261.com/content/jc-chuorapidhome-all-info/	35.686	139.7306
chuo	JR 中央線快速｜東京〜高尾	新宿	True	False	True	True	dynamic_all	https://wadattsu261.com/content/jc-chuorapidhome-all-info/	35.6896	139.7006
chuo	JR 中央線快速｜東京〜高尾	中野	True	False	True	True	dynamic_all	https://wadattsu261.com/content/jc-chuorapidhome-all-info/	35.7058	139.6658
chuo	JR 中央線快速｜東京〜高尾	高円寺	True	False	True	True	dynamic_all	https://wadattsu261.com/content/jc-chuorapidhome-all-info/	35.7053	139.6497
chuo	JR 中央線快速｜東京〜高尾	阿佐ケ谷	True	False	True	True	dynamic_all	https://wadattsu261.com/content/jc-chuorapidhome-all-info/	35.7049	139.6359
chuo	JR 中央線快速｜東京〜高尾	荻窪	True	False	True	True	dynamic_all	https://wadattsu261.com/content/jc-chuorapidhome-all-info/	35.7045	139.6201
chuo	JR 中央線快速｜東京〜高尾	西荻窪	True	False	True	True	dynamic_all	https://wadattsu261.com/content/jc-chuorapidhome-all-info/	35.7038	139.5996
chuo	JR 中央線快速｜東京〜高尾	吉祥寺	True	False	True	True	dynamic_all	https://wadattsu261.com/content/jc-chuorapidhome-all-info/	35.7031	139.5798
chuo	JR 中央線快速｜東京〜高尾	三鷹	True	False	True	True	dynamic_all	https://wadattsu261.com/content/jc-chuorapidhome-all-info/	35.7027	139.5609
chuo	JR 中央線快速｜東京〜高尾	武蔵境	True	False	True	True	dynamic_all	https://wadattsu261.com/content/jc-chuorapidhome-all-info/	35.7021	139.5435
chuo	JR 中央線快速｜東京〜高尾	東小金井	True	False	True	True	dynamic_all	https://wadattsu261.com/content/jc-chuorapidhome-all-info/	35.7016	139.5238
chuo	JR 中央線快速｜東京〜高尾	武蔵小金井	True	False	True	True	dynamic_all	https://wadattsu261.com/content/jc-chuorapidhome-all-info/	35.7011	139.5067
chuo	JR 中央線快速｜東京〜高尾	国分寺	True	False	True	True	dynamic_all	https://wadattsu261.com/content/jc-chuorapidhome-all-info/	35.7001	139.4809
chuo	JR 中央線快速｜東京〜高尾	西国分寺	True	False	True	True	dynamic_all	https://wadattsu261.com/content/jc-chuorapidhome-all-info/	35.6997	139.4657
chuo	JR 中央線快速｜東京〜高尾	国立	True	False	True	True	dynamic_all	https://wadattsu261.com/content/jc-chuorapidhome-all-info/	35.6993	139.4468
chuo	JR 中央線快速｜東京〜高尾	立川	True	False	True	True	dynamic_all	https://wadattsu261.com/content/jc-chuorapidhome-all-info/	35.6987	139.4132
chuo	JR 中央線快速｜東京〜高尾	日野	True	False	True	True	dynamic_all	https://wadattsu261.com/content/jc-chuorapidhome-all-info/	35.679	139.3937
chuo	JR 中央線快速｜東京〜高尾	豊田	True	False	True	True	dynamic_all	https://wadattsu261.com/content/jc-chuorapidhome-all-info/	35.6595	139.3817
chuo	JR 中央線快速｜東京〜高尾	八王子	True	False	True	True	dynamic_all	https://wadattsu261.com/content/jc-chuorapidhome-all-info/	35.6556	139.3389
chuo	JR 中央線快速｜東京〜高尾	西八王子	True	False	True	True	dynamic_all	https://wadattsu261.com/content/jc-chuorapidhome-all-info/	35.6567	139.3128
chuo	JR 中央線快速｜東京〜高尾	高尾	True	False	True	True	dynamic_all	https://wadattsu261.com/content/jc-chuorapidhome-all-info/	35.642	139.2823
chuo_sobu	JR 中央・総武線各停｜三鷹〜千葉	三鷹	True	False	True	True	dynamic_all	https://wadattsu261.com/content/jb-chuo-sobuslowhome-all-info/	35.7027	139.5609
chuo_sobu	JR 中央・総武線各停｜三鷹〜千葉	吉祥寺	True	False	True	True	dynamic_all	https://wadattsu261.com/content/jb-chuo-sobuslowhome-all-info/	35.7031	139.5798
chuo_sobu	JR 中央・総武線各停｜三鷹〜千葉	西荻窪	True	False	True	True	dynamic_all	https://wadattsu261.com/content/jb-chuo-sobuslowhome-all-info/	35.7038	139.5996
chuo_sobu	JR 中央・総武線各停｜三鷹〜千葉	荻窪	True	False	True	True	dynamic_all	https://wadattsu261.com/content/jb-chuo-sobuslowhome-all-info/	35.7045	139.6201
chuo_sobu	JR 中央・総武線各停｜三鷹〜千葉	阿佐ケ谷	True	False	True	True	dynamic_all	https://wadattsu261.com/content/jb-chuo-sobuslowhome-all-info/	35.7049	139.6359
chuo_sobu	JR 中央・総武線各停｜三鷹〜千葉	高円寺	True	False	True	True	dynamic_all	https://wadattsu261.com/content/jb-chuo-sobuslowhome-all-info/	35.7053	139.6497
chuo_sobu	JR 中央・総武線各停｜三鷹〜千葉	中野	True	False	True	True	dynamic_all	https://wadattsu261.com/content/jb-chuo-sobuslowhome-all-info/	35.7058	139.6658
chuo_sobu	JR 中央・総武線各停｜三鷹〜千葉	東中野	True	False	True	True	dynamic_all	https://wadattsu261.com/content/jb-chuo-sobuslowhome-all-info/	35.7062	139.6863
chuo_sobu	JR 中央・総武線各停｜三鷹〜千葉	大久保	True	False	True	True	dynamic_all	https://wadattsu261.com/content/jb-chuo-sobuslowhome-all-info/	35.7006	139.6974
chuo_sobu	JR 中央・総武線各停｜三鷹〜千葉	新宿	True	False	True	True	dynamic_all	https://wadattsu261.com/content/jb-chuo-sobuslowhome-all-info/	35.6896	139.7006
chuo_sobu	JR 中央・総武線各停｜三鷹〜千葉	代々木	True	False	True	True	dynamic_all	https://wadattsu261.com/content/jb-chuo-sobuslowhome-all-info/	35.6831	139.7022
chuo_sobu	JR 中央・総武線各停｜三鷹〜千葉	千駄ケ谷	True	False	True	True	dynamic_all	https://wadattsu261.com/content/jb-chuo-sobuslowhome-all-info/	35.6812	139.7115
chuo_sobu	JR 中央・総武線各停｜三鷹〜千葉	信濃町	True	False	True	True	dynamic_all	https://wadattsu261.com/content/jb-chuo-sobuslowhome-all-info/	35.68	139.72
chuo_sobu	JR 中央・総武線各停｜三鷹〜千葉	四ツ谷	True	False	True	True	dynamic_all	https://wadattsu261.com/content/jb-chuo-sobuslowhome-all-info/	35.686	139.7306
chuo_sobu	JR 中央・総武線各停｜三鷹〜千葉	市ケ谷	True	False	True	True	dynamic_all	https://wadattsu261.com/content/jb-chuo-sobuslowhome-all-info/	35.691	139.7356
chuo_sobu	JR 中央・総武線各停｜三鷹〜千葉	飯田橋	True	False	True	True	dynamic_all	https://wadattsu261.com/content/jb-chuo-sobuslowhome-all-info/	35.702	139.745
chuo_sobu	JR 中央・総武線各停｜三鷹〜千葉	水道橋	True	False	True	True	dynamic_all	https://wadattsu261.com/content/jb-chuo-sobuslowhome-all-info/	35.702	139.7535
chuo_sobu	JR 中央・総武線各停｜三鷹〜千葉	御茶ノ水	True	False	True	True	dynamic_all	https://wadattsu261.com/content/jb-chuo-sobuslowhome-all-info/	35.6996	139.765
chuo_sobu	JR 中央・総武線各停｜三鷹〜千葉	秋葉原	True	False	True	True	dynamic_all	https://wadattsu261.com/content/jb-chuo-sobuslowhome-all-info/	35.6984	139.7731
chuo_sobu	JR 中央・総武線各停｜三鷹〜千葉	浅草橋	True	False	True	True	dynamic_all	https://wadattsu261.com/content/jb-chuo-sobuslowhome-all-info/	35.6974	139.7845
chuo_sobu	JR 中央・総武線各停｜三鷹〜千葉	両国	True	False	True	True	dynamic_all	https://wadattsu261.com/content/jb-chuo-sobuslowhome-all-info/	35.6959	139.7933
chuo_sobu	JR 中央・総武線各停｜三鷹〜千葉	錦糸町	True	False	True	True	dynamic_all	https://wadattsu261.com/content/jb-chuo-sobuslowhome-all-info/	35.6964	139.814
chuo_sobu	JR 中央・総武線各停｜三鷹〜千葉	亀戸	True	False	True	True	dynamic_all	https://wadattsu261.com/content/jb-chuo-sobuslowhome-all-info/	35.697	139.8267
chuo_sobu	JR 中央・総武線各停｜三鷹〜千葉	平井	True	False	True	True	dynamic_all	https://wadattsu261.com/content/jb-chuo-sobuslowhome-all-info/	35.706	139.8428
chuo_sobu	JR 中央・総武線各停｜三鷹〜千葉	新小岩	True	False	True	True	dynamic_all	https://wadattsu261.com/content/jb-chuo-sobuslowhome-all-info/	35.7169	139.858
chuo_sobu	JR 中央・総武線各停｜三鷹〜千葉	小岩	True	False	True	True	dynamic_all	https://wadattsu261.com/content/jb-chuo-sobuslowhome-all-info/	35.7332	139.8818
chuo_sobu	JR 中央・総武線各停｜三鷹〜千葉	市川	True	False	True	True	dynamic_all	https://wadattsu261.com/content/jb-chuo-sobuslowhome-all-info/	35.7289	139.907
chuo_sobu	JR 中央・総武線各停｜三鷹〜千葉	本八幡	True	False	True	True	dynamic_all	https://wadattsu261.com/content/jb-chuo-sobuslowhome-all-info/	35.7208	139.9273
chuo_sobu	JR 中央・総武線各停｜三鷹〜千葉	下総中山	True	False	True	True	dynamic_all	https://wadattsu261.com/content/jb-chuo-sobuslowhome-all-info/	35.7142	139.9431
chuo_sobu	JR 中央・総武線各停｜三鷹〜千葉	西船橋	True	False	True	True	dynamic_all	https://wadattsu261.com/content/jb-chuo-sobuslowhome-all-info/	35.7075	139.9591
chuo_sobu	JR 中央・総武線各停｜三鷹〜千葉	船橋	True	False	True	True	dynamic_all	https://wadattsu261.com/content/jb-chuo-sobuslowhome-all-info/	35.7017	139.9852
chuo_sobu	JR 中央・総武線各停｜三鷹〜千葉	東船橋	True	False	True	True	dynamic_all	https://wadattsu261.com/content/jb-chuo-sobuslowhome-all-info/	35.6997	140.0038
chuo_sobu	JR 中央・総武線各停｜三鷹〜千葉	津田沼	True	False	True	True	dynamic_all	https://wadattsu261.com/content/jb-chuo-sobuslowhome-all-info/	35.6913	140.0202
chuo_sobu	JR 中央・総武線各停｜三鷹〜千葉	幕張本郷	True	False	True	True	dynamic_all	https://wadattsu261.com/content/jb-chuo-sobuslowhome-all-info/	35.6729	140.0425
chuo_sobu	JR 中央・総武線各停｜三鷹〜千葉	幕張	True	False	True	True	dynamic_all	https://wadattsu261.com/content/jb-chuo-sobuslowhome-all-info/	35.6591	140.0576
chuo_sobu	JR 中央・総武線各停｜三鷹〜千葉	新検見川	True	False	True	True	dynamic_all	https://wadattsu261.com/content/jb-chuo-sobuslowhome-all-info/	35.6516	140.0735
chuo_sobu	JR 中央・総武線各停｜三鷹〜千葉	稲毛	True	False	True	True	dynamic_all	https://wadattsu261.com/content/jb-chuo-sobuslowhome-all-info/	35.6372	140.0926
chuo_sobu	JR 中央・総武線各停｜三鷹〜千葉	西千葉	True	False	True	True	dynamic_all	https://wadattsu261.com/content/jb-chuo-sobuslowhome-all-info/	35.6226	140.1032
chuo_sobu	JR 中央・総武線各停｜三鷹〜千葉	千葉	True	False	True	True	dynamic_all	https://wadattsu261.com/content/jb-chuo-sobuslowhome-all-info/	35.6134	140.1129
sobu	JR 総武線快速｜東京〜千葉	東京	True	False	True	True	dynamic_all	https://wadattsu261.com/content/jo-yokosuka-soburapidhome-all-info/	35.6812	139.7671
sobu	JR 総武線快速｜東京〜千葉	新日本橋	True	False	True	True	dynamic_all	https://wadattsu261.com/content/jo-yokosuka-soburapidhome-all-info/	35.6888	139.7734
sobu	JR 総武線快速｜東京〜千葉	馬喰町	True	False	True	True	dynamic_all	https://wadattsu261.com/content/jo-yokosuka-soburapidhome-all-info/	35.6934	139.7824
sobu	JR 総武線快速｜東京〜千葉	錦糸町	True	False	True	True	dynamic_all	https://wadattsu261.com/content/jo-yokosuka-soburapidhome-all-info/	35.6964	139.814
sobu	JR 総武線快速｜東京〜千葉	新小岩	True	False	True	True	dynamic_all	https://wadattsu261.com/content/jo-yokosuka-soburapidhome-all-info/	35.7169	139.858
sobu	JR 総武線快速｜東京〜千葉	市川	True	False	True	True	dynamic_all	https://wadattsu261.com/content/jo-yokosuka-soburapidhome-all-info/	35.7289	139.907
sobu	JR 総武線快速｜東京〜千葉	船橋	True	False	True	True	dynamic_all	https://wadattsu261.com/content/jo-yokosuka-soburapidhome-all-info/	35.7017	139.9852
sobu	JR 総武線快速｜東京〜千葉	津田沼	True	False	True	True	dynamic_all	https://wadattsu261.com/content/jo-yokosuka-soburapidhome-all-info/	35.6913	140.0202
sobu	JR 総武線快速｜東京〜千葉	稲毛	True	False	True	True	dynamic_all	https://wadattsu261.com/content/jo-yokosuka-soburapidhome-all-info/	35.6372	140.0926
sobu	JR 総武線快速｜東京〜千葉	千葉	True	False	True	True	dynamic_all	https://wadattsu261.com/content/jo-yokosuka-soburapidhome-all-info/	35.6134	140.1129
saikyo	JR 埼京・川越線｜大崎〜川越	大崎	True	False	True	True	dynamic_all	https://wadattsu261.com/content/ja-saikyo-kawagoehome-all-info/	35.6197	139.7286
saikyo	JR 埼京・川越線｜大崎〜川越	恵比寿	True	False	True	True	dynamic_all	https://wadattsu261.com/content/ja-saikyo-kawagoehome-all-info/	35.6467	139.7101
saikyo	JR 埼京・川越線｜大崎〜川越	渋谷	True	False	True	True	dynamic_all	https://wadattsu261.com/content/ja-saikyo-kawagoehome-all-info/	35.658	139.7016
saikyo	JR 埼京・川越線｜大崎〜川越	新宿	True	False	True	True	dynamic_all	https://wadattsu261.com/content/ja-saikyo-kawagoehome-all-info/	35.6896	139.7006
saikyo	JR 埼京・川越線｜大崎〜川越	池袋	True	False	True	True	dynamic_all	https://wadattsu261.com/content/ja-saikyo-kawagoehome-all-info/	35.7303	139.71
saikyo	JR 埼京・川越線｜大崎〜川越	板橋	True	False	True	True	dynamic_all	https://wadattsu261.com/content/ja-saikyo-kawagoehome-all-info/	35.7453	139.7195
saikyo	JR 埼京・川越線｜大崎〜川越	十条	True	False	True	True	dynamic_all	https://wadattsu261.com/content/ja-saikyo-kawagoehome-all-info/	35.7603	139.7223
saikyo	JR 埼京・川越線｜大崎〜川越	赤羽	True	False	True	True	dynamic_all	https://wadattsu261.com/content/ja-saikyo-kawagoehome-all-info/	35.778	139.7209
saikyo	JR 埼京・川越線｜大崎〜川越	北赤羽	True	False	True	True	dynamic_all	https://wadattsu261.com/content/ja-saikyo-kawagoehome-all-info/	35.787	139.7064
saikyo	JR 埼京・川越線｜大崎〜川越	浮間舟渡	True	False	True	True	dynamic_all	https://wadattsu261.com/content/ja-saikyo-kawagoehome-all-info/	35.7912	139.6914
saikyo	JR 埼京・川越線｜大崎〜川越	戸田公園	True	False	True	True	dynamic_all	https://wadattsu261.com/content/ja-saikyo-kawagoehome-all-info/	35.8079	139.678
saikyo	JR 埼京・川越線｜大崎〜川越	戸田	True	False	True	True	dynamic_all	https://wadattsu261.com/content/ja-saikyo-kawagoehome-all-info/	35.8176	139.6695
saikyo	JR 埼京・川越線｜大崎〜川越	北戸田	True	False	True	True	dynamic_all	https://wadattsu261.com/content/ja-saikyo-kawagoehome-all-info/	35.8278	139.6604
saikyo	JR 埼京・川越線｜大崎〜川越	武蔵浦和	True	False	True	True	dynamic_all	https://wadattsu261.com/content/ja-saikyo-kawagoehome-all-info/	35.8441	139.6478
saikyo	JR 埼京・川越線｜大崎〜川越	中浦和	True	False	True	True	dynamic_all	https://wadattsu261.com/content/ja-saikyo-kawagoehome-all-info/	35.8538	139.6373
saikyo	JR 埼京・川越線｜大崎〜川越	南与野	True	False	True	True	dynamic_all	https://wadattsu261.com/content/ja-saikyo-kawagoehome-all-info/	35.8674	139.6311
saikyo	JR 埼京・川越線｜大崎〜川越	与野本町	True	False	True	True	dynamic_all	https://wadattsu261.com/content/ja-saikyo-kawagoehome-all-info/	35.8809	139.6261
saikyo	JR 埼京・川越線｜大崎〜川越	北与野	True	False	True	True	dynamic_all	https://wadattsu261.com/content/ja-saikyo-kawagoehome-all-info/	35.8906	139.6289
saikyo	JR 埼京・川越線｜大崎〜川越	大宮	True	False	True	True	dynamic_all	https://wadattsu261.com/content/ja-saikyo-kawagoehome-all-info/	35.9064	139.6239
saikyo	JR 埼京・川越線｜大崎〜川越	日進	True	False	True	True	dynamic_all	https://wadattsu261.com/content/ja-saikyo-kawagoehome-all-info/	35.9315	139.6061
saikyo	JR 埼京・川越線｜大崎〜川越	西大宮	True	False	True	True	dynamic_all	https://wadattsu261.com/content/ja-saikyo-kawagoehome-all-info/	35.9227	139.5798
saikyo	JR 埼京・川越線｜大崎〜川越	指扇	True	False	True	True	dynamic_all	https://wadattsu261.com/content/ja-saikyo-kawagoehome-all-info/	35.9174	139.5645
saikyo	JR 埼京・川越線｜大崎〜川越	南古谷	True	False	True	True	dynamic_all	https://wadattsu261.com/content/ja-saikyo-kawagoehome-all-info/	35.9034	139.5191
saikyo	JR 埼京・川越線｜大崎〜川越	川越	True	False	True	True	dynamic_all	https://wadattsu261.com/content/ja-saikyo-kawagoehome-all-info/	35.9071	139.483
joban	JR 常磐線快速｜品川〜取手	品川	True	False	True	True	dynamic_all	https://wadattsu261.com/content/jj-jobanrapidhome-all-info/	35.6285	139.7388
joban	JR 常磐線快速｜品川〜取手	新橋	True	False	True	True	dynamic_all	https://wadattsu261.com/content/jj-jobanrapidhome-all-info/	35.6662	139.7586
joban	JR 常磐線快速｜品川〜取手	東京	True	False	True	True	dynamic_all	https://wadattsu261.com/content/jj-jobanrapidhome-all-info/	35.6812	139.7671
joban	JR 常磐線快速｜品川〜取手	上野	True	False	True	True	dynamic_all	https://wadattsu261.com/content/jj-jobanrapidhome-all-info/	35.7142	139.7774
joban	JR 常磐線快速｜品川〜取手	日暮里	True	False	True	True	dynamic_all	https://wadattsu261.com/content/jj-jobanrapidhome-all-info/	35.7278	139.7709
joban	JR 常磐線快速｜品川〜取手	三河島	True	False	True	True	dynamic_all	https://wadattsu261.com/content/jj-jobanrapidhome-all-info/	35.7334	139.7772
joban	JR 常磐線快速｜品川〜取手	南千住	True	False	True	True	dynamic_all	https://wadattsu261.com/content/jj-jobanrapidhome-all-info/	35.7341	139.7994
joban	JR 常磐線快速｜品川〜取手	北千住	True	False	True	True	dynamic_all	https://wadattsu261.com/content/jj-jobanrapidhome-all-info/	35.7497	139.8051
joban	JR 常磐線快速｜品川〜取手	松戸	True	False	True	True	dynamic_all	https://wadattsu261.com/content/jj-jobanrapidhome-all-info/	35.784	139.9007
joban	JR 常磐線快速｜品川〜取手	柏	True	False	True	True	dynamic_all	https://wadattsu261.com/content/jj-jobanrapidhome-all-info/	35.8623	139.9708
joban	JR 常磐線快速｜品川〜取手	我孫子	True	False	True	True	dynamic_all	https://wadattsu261.com/content/jj-jobanrapidhome-all-info/	35.8728	140.0105
joban	JR 常磐線快速｜品川〜取手	天王台	True	False	True	True	dynamic_all	https://wadattsu261.com/content/jj-jobanrapidhome-all-info/	35.8723	140.041
joban	JR 常磐線快速｜品川〜取手	取手	True	False	True	True	dynamic_all	https://wadattsu261.com/content/jj-jobanrapidhome-all-info/	35.8968	140.0625
joban_local	JR 常磐線各停｜綾瀬〜取手	綾瀬	True	False	True	True	dynamic_all	https://wadattsu261.com/content/jl-jobanslowhome-all-info/	35.7622	139.8249
joban_local	JR 常磐線各停｜綾瀬〜取手	亀有	True	False	True	True	dynamic_all	https://wadattsu261.com/content/jl-jobanslowhome-all-info/	35.7665	139.8477
joban_local	JR 常磐線各停｜綾瀬〜取手	金町	True	False	True	True	dynamic_all	https://wadattsu261.com/content/jl-jobanslowhome-all-info/	35.7696	139.8706
joban_local	JR 常磐線各停｜綾瀬〜取手	松戸	True	False	True	True	dynamic_all	https://wadattsu261.com/content/jl-jobanslowhome-all-info/	35.784	139.9007
joban_local	JR 常磐線各停｜綾瀬〜取手	北松戸	True	False	True	True	dynamic_all	https://wadattsu261.com/content/jl-jobanslowhome-all-info/	35.8004	139.9112
joban_local	JR 常磐線各停｜綾瀬〜取手	馬橋	True	False	True	True	dynamic_all	https://wadattsu261.com/content/jl-jobanslowhome-all-info/	35.811	139.9172
joban_local	JR 常磐線各停｜綾瀬〜取手	新松戸	True	False	True	True	dynamic_all	https://wadattsu261.com/content/jl-jobanslowhome-all-info/	35.8255	139.921
joban_local	JR 常磐線各停｜綾瀬〜取手	北小金	True	False	True	True	dynamic_all	https://wadattsu261.com/content/jl-jobanslowhome-all-info/	35.8332	139.9314
joban_local	JR 常磐線各停｜綾瀬〜取手	南柏	True	False	True	True	dynamic_all	https://wadattsu261.com/content/jl-jobanslowhome-all-info/	35.8444	139.9541
joban_local	JR 常磐線各停｜綾瀬〜取手	柏	True	False	True	True	dynamic_all	https://wadattsu261.com/content/jl-jobanslowhome-all-info/	35.8623	139.9708
joban_local	JR 常磐線各停｜綾瀬〜取手	北柏	True	False	True	True	dynamic_all	https://wadattsu261.com/content/jl-jobanslowhome-all-info/	35.8757	139.9882
joban_local	JR 常磐線各停｜綾瀬〜取手	我孫子	True	False	True	True	dynamic_all	https://wadattsu261.com/content/jl-jobanslowhome-all-info/	35.8728	140.0105
joban_local	JR 常磐線各停｜綾瀬〜取手	天王台	True	False	True	True	dynamic_all	https://wadattsu261.com/content/jl-jobanslowhome-all-info/	35.8723	140.041
joban_local	JR 常磐線各停｜綾瀬〜取手	取手	True	False	True	True	dynamic_all	https://wadattsu261.com/content/jl-jobanslowhome-all-info/	35.8968	140.0625
keiyo	JR 京葉線｜東京〜蘇我	東京	True	False	True	True	dynamic_all	https://wadattsu261.com/content/je-keiyohome-all-info/	35.6812	139.7671
keiyo	JR 京葉線｜東京〜蘇我	八丁堀	True	False	True	True	dynamic_all	https://wadattsu261.com/content/je-keiyohome-all-info/	35.6746	139.7777
keiyo	JR 京葉線｜東京〜蘇我	越中島	True	False	True	True	dynamic_all	https://wadattsu261.com/content/je-keiyohome-all-info/	35.6679	139.7928
keiyo	JR 京葉線｜東京〜蘇我	潮見	True	False	True	True	dynamic_all	https://wadattsu261.com/content/je-keiyohome-all-info/	35.6587	139.8174
keiyo	JR 京葉線｜東京〜蘇我	新木場	True	False	True	True	dynamic_all	https://wadattsu261.com/content/je-keiyohome-all-info/	35.6459	139.8267
keiyo	JR 京葉線｜東京〜蘇我	葛西臨海公園	True	False	True	True	dynamic_all	https://wadattsu261.com/content/je-keiyohome-all-info/	35.6445	139.8615
keiyo	JR 京葉線｜東京〜蘇我	舞浜	True	False	True	True	dynamic_all	https://wadattsu261.com/content/je-keiyohome-all-info/	35.6362	139.8836
keiyo	JR 京葉線｜東京〜蘇我	新浦安	True	False	True	True	dynamic_all	https://wadattsu261.com/content/je-keiyohome-all-info/	35.6501	139.9123
keiyo	JR 京葉線｜東京〜蘇我	市川塩浜	True	False	True	True	dynamic_all	https://wadattsu261.com/content/je-keiyohome-all-info/	35.666	139.9238
keiyo	JR 京葉線｜東京〜蘇我	二俣新町	True	False	True	True	dynamic_all	https://wadattsu261.com/content/je-keiyohome-all-info/	35.6916	139.9595
keiyo	JR 京葉線｜東京〜蘇我	南船橋	True	False	True	True	dynamic_all	https://wadattsu261.com/content/je-keiyohome-all-info/	35.681	139.9954
keiyo	JR 京葉線｜東京〜蘇我	新習志野	True	False	True	True	dynamic_all	https://wadattsu261.com/content/je-keiyohome-all-info/	35.6674	140.0128
keiyo	JR 京葉線｜東京〜蘇我	幕張豊砂	True	False	True	True	dynamic_all	https://wadattsu261.com/content/je-keiyohome-all-info/	35.6549	140.0266
keiyo	JR 京葉線｜東京〜蘇我	海浜幕張	True	False	True	True	dynamic_all	https://wadattsu261.com/content/je-keiyohome-all-info/	35.6483	140.0418
keiyo	JR 京葉線｜東京〜蘇我	検見川浜	True	False	True	True	dynamic_all	https://wadattsu261.com/content/je-keiyohome-all-info/	35.6371	140.0582
keiyo	JR 京葉線｜東京〜蘇我	稲毛海岸	True	False	True	True	dynamic_all	https://wadattsu261.com/content/je-keiyohome-all-info/	35.6294	140.0745
keiyo	JR 京葉線｜東京〜蘇我	千葉みなと	True	False	True	True	dynamic_all	https://wadattsu261.com/content/je-keiyohome-all-info/	35.606	140.1037
keiyo	JR 京葉線｜東京〜蘇我	蘇我	True	False	True	True	dynamic_all	https://wadattsu261.com/content/je-keiyohome-all-info/	35.5815	140.1314
nambu	JR 南武線｜川崎〜立川	川崎	True	False	True	True	dynamic_all	https://wadattsu261.com/content/jn-nambuhome-all-info/	35.5313	139.6968
nambu	JR 南武線｜川崎〜立川	尻手	True	False	True	True	dynamic_all	https://wadattsu261.com/content/jn-nambuhome-all-info/	35.5309	139.6843
nambu	JR 南武線｜川崎〜立川	矢向	True	False	True	True	dynamic_all	https://wadattsu261.com/content/jn-nambuhome-all-info/	35.5394	139.6806
nambu	JR 南武線｜川崎〜立川	鹿島田	True	False	True	True	dynamic_all	https://wadattsu261.com/content/jn-nambuhome-all-info/	35.5515	139.6747
nambu	JR 南武線｜川崎〜立川	平間	True	False	True	True	dynamic_all	https://wadattsu261.com/content/jn-nambuhome-all-info/	35.5607	139.6714
nambu	JR 南武線｜川崎〜立川	向河原	True	False	True	True	dynamic_all	https://wadattsu261.com/content/jn-nambuhome-all-info/	35.5729	139.6671
nambu	JR 南武線｜川崎〜立川	武蔵小杉	True	False	True	True	dynamic_all	https://wadattsu261.com/content/jn-nambuhome-all-info/	35.575	139.663
nambu	JR 南武線｜川崎〜立川	武蔵中原	True	False	True	True	dynamic_all	https://wadattsu261.com/content/jn-nambuhome-all-info/	35.5813	139.6423
nambu	JR 南武線｜川崎〜立川	武蔵新城	True	False	True	True	dynamic_all	https://wadattsu261.com/content/jn-nambuhome-all-info/	35.5875	139.6294
nambu	JR 南武線｜川崎〜立川	武蔵溝ノ口	True	False	True	True	dynamic_all	https://wadattsu261.com/content/jn-nambuhome-all-info/	35.5999	139.6115
nambu	JR 南武線｜川崎〜立川	津田山	True	False	True	True	dynamic_all	https://wadattsu261.com/content/jn-nambuhome-all-info/	35.6043	139.6
nambu	JR 南武線｜川崎〜立川	久地	True	False	True	True	dynamic_all	https://wadattsu261.com/content/jn-nambuhome-all-info/	35.6104	139.5928
nambu	JR 南武線｜川崎〜立川	宿河原	True	False	True	True	dynamic_all	https://wadattsu261.com/content/jn-nambuhome-all-info/	35.6153	139.5807
nambu	JR 南武線｜川崎〜立川	登戸	True	False	True	True	dynamic_all	https://wadattsu261.com/content/jn-nambuhome-all-info/	35.6207	139.57
nambu	JR 南武線｜川崎〜立川	中野島	True	False	True	True	dynamic_all	https://wadattsu261.com/content/jn-nambuhome-all-info/	35.6307	139.5519
nambu	JR 南武線｜川崎〜立川	稲田堤	True	False	True	True	dynamic_all	https://wadattsu261.com/content/jn-nambuhome-all-info/	35.6335	139.5351
nambu	JR 南武線｜川崎〜立川	矢野口	True	False	True	True	dynamic_all	https://wadattsu261.com/content/jn-nambuhome-all-info/	35.641	139.5206
nambu	JR 南武線｜川崎〜立川	稲城長沼	True	False	True	True	dynamic_all	https://wadattsu261.com/content/jn-nambuhome-all-info/	35.6442	139.5028
nambu	JR 南武線｜川崎〜立川	南多摩	True	False	True	True	dynamic_all	https://wadattsu261.com/content/jn-nambuhome-all-info/	35.6491	139.4898
nambu	JR 南武線｜川崎〜立川	府中本町	True	False	True	True	dynamic_all	https://wadattsu261.com/content/jn-nambuhome-all-info/	35.6657	139.477
nambu	JR 南武線｜川崎〜立川	分倍河原	True	False	True	True	dynamic_all	https://wadattsu261.com/content/jn-nambuhome-all-info/	35.6684	139.4685
nambu	JR 南武線｜川崎〜立川	西府	True	False	True	True	dynamic_all	https://wadattsu261.com/content/jn-nambuhome-all-info/	35.6709	139.4575
nambu	JR 南武線｜川崎〜立川	谷保	True	False	True	True	dynamic_all	https://wadattsu261.com/content/jn-nambuhome-all-info/	35.6814	139.4467
nambu	JR 南武線｜川崎〜立川	矢川	True	False	True	True	dynamic_all	https://wadattsu261.com/content/jn-nambuhome-all-info/	35.685	139.431
nambu	JR 南武線｜川崎〜立川	西国立	True	False	True	True	dynamic_all	https://wadattsu261.com/content/jn-nambuhome-all-info/	35.693	139.4239
nambu	JR 南武線｜川崎〜立川	立川	True	False	True	True	dynamic_all	https://wadattsu261.com/content/jn-nambuhome-all-info/	35.6987	139.4132
musashino	JR 武蔵野線｜府中本町〜西船橋	府中本町	True	False	True	True	dynamic_all	https://wadattsu261.com/content/jm-musashinohome-all-info/	35.6657	139.477
musashino	JR 武蔵野線｜府中本町〜西船橋	北府中	True	False	True	True	dynamic_all	https://wadattsu261.com/content/jm-musashinohome-all-info/	35.6809	139.4718
musashino	JR 武蔵野線｜府中本町〜西船橋	西国分寺	True	False	True	True	dynamic_all	https://wadattsu261.com/content/jm-musashinohome-all-info/	35.6997	139.4657
musashino	JR 武蔵野線｜府中本町〜西船橋	新小平	True	False	True	True	dynamic_all	https://wadattsu261.com/content/jm-musashinohome-all-info/	35.7309	139.4705
musashino	JR 武蔵野線｜府中本町〜西船橋	新秋津	True	False	True	True	dynamic_all	https://wadattsu261.com/content/jm-musashinohome-all-info/	35.778	139.4934
musashino	JR 武蔵野線｜府中本町〜西船橋	東所沢	True	False	True	True	dynamic_all	https://wadattsu261.com/content/jm-musashinohome-all-info/	35.7948	139.5147
musashino	JR 武蔵野線｜府中本町〜西船橋	新座	True	False	True	True	dynamic_all	https://wadattsu261.com/content/jm-musashinohome-all-info/	35.8038	139.5562
musashino	JR 武蔵野線｜府中本町〜西船橋	北朝霞	True	False	True	True	dynamic_all	https://wadattsu261.com/content/jm-musashinohome-all-info/	35.8155	139.5873
musashino	JR 武蔵野線｜府中本町〜西船橋	西浦和	True	False	True	True	dynamic_all	https://wadattsu261.com/content/jm-musashinohome-all-info/	35.8441	139.6278
musashino	JR 武蔵野線｜府中本町〜西船橋	武蔵浦和	True	False	True	True	dynamic_all	https://wadattsu261.com/content/jm-musashinohome-all-info/	35.8441	139.6478
musashino	JR 武蔵野線｜府中本町〜西船橋	南浦和	True	False	True	True	dynamic_all	https://wadattsu261.com/content/jm-musashinohome-all-info/	35.8476	139.6691
musashino	JR 武蔵野線｜府中本町〜西船橋	東浦和	True	False	True	True	dynamic_all	https://wadattsu261.com/content/jm-musashinohome-all-info/	35.8641	139.7049
musashino	JR 武蔵野線｜府中本町〜西船橋	東川口	True	False	True	True	dynamic_all	https://wadattsu261.com/content/jm-musashinohome-all-info/	35.875	139.744
musashino	JR 武蔵野線｜府中本町〜西船橋	南越谷	True	False	True	True	dynamic_all	https://wadattsu261.com/content/jm-musashinohome-all-info/	35.8761	139.7904
musashino	JR 武蔵野線｜府中本町〜西船橋	越谷レイクタウン	True	False	True	True	dynamic_all	https://wadattsu261.com/content/jm-musashinohome-all-info/	35.8763	139.8221
musashino	JR 武蔵野線｜府中本町〜西船橋	吉川	True	False	True	True	dynamic_all	https://wadattsu261.com/content/jm-musashinohome-all-info/	35.8767	139.8435
musashino	JR 武蔵野線｜府中本町〜西船橋	吉川美南	True	False	True	True	dynamic_all	https://wadattsu261.com/content/jm-musashinohome-all-info/	35.8681	139.8588
musashino	JR 武蔵野線｜府中本町〜西船橋	新三郷	True	False	True	True	dynamic_all	https://wadattsu261.com/content/jm-musashinohome-all-info/	35.8588	139.869
musashino	JR 武蔵野線｜府中本町〜西船橋	三郷	True	False	True	True	dynamic_all	https://wadattsu261.com/content/jm-musashinohome-all-info/	35.844	139.8867
musashino	JR 武蔵野線｜府中本町〜西船橋	南流山	True	False	True	True	dynamic_all	https://wadattsu261.com/content/jm-musashinohome-all-info/	35.838	139.9037
musashino	JR 武蔵野線｜府中本町〜西船橋	新松戸	True	False	True	True	dynamic_all	https://wadattsu261.com/content/jm-musashinohome-all-info/	35.8255	139.921
musashino	JR 武蔵野線｜府中本町〜西船橋	新八柱	True	False	True	True	dynamic_all	https://wadattsu261.com/content/jm-musashinohome-all-info/	35.7911	139.9381
musashino	JR 武蔵野線｜府中本町〜西船橋	東松戸	True	False	True	True	dynamic_all	https://wadattsu261.com/content/jm-musashinohome-all-info/	35.7707	139.9436
musashino	JR 武蔵野線｜府中本町〜西船橋	市川大野	True	False	True	True	dynamic_all	https://wadattsu261.com/content/jm-musashinohome-all-info/	35.7554	139.9517
musashino	JR 武蔵野線｜府中本町〜西船橋	船橋法典	True	False	True	True	dynamic_all	https://wadattsu261.com/content/jm-musashinohome-all-info/	35.7305	139.966
musashino	JR 武蔵野線｜府中本町〜西船橋	西船橋	True	False	True	True	dynamic_all	https://wadattsu261.com/content/jm-musashinohome-all-info/	35.7075	139.9591
utsunomiya	JR 宇都宮線｜東京〜宇都宮	東京	True	False	True	True	dynamic_all	https://wadattsu261.com/content/ju-utsunomiyahome-all-info/	35.6812	139.7671
utsunomiya	JR 宇都宮線｜東京〜宇都宮	上野	True	False	True	True	dynamic_all	https://wadattsu261.com/content/ju-utsunomiyahome-all-info/	35.7142	139.7774
utsunomiya	JR 宇都宮線｜東京〜宇都宮	尾久	True	False	True	True	dynamic_all	https://wadattsu261.com/content/ju-utsunomiyahome-all-info/	35.747	139.7538
utsunomiya	JR 宇都宮線｜東京〜宇都宮	赤羽	True	False	True	True	dynamic_all	https://wadattsu261.com/content/ju-utsunomiyahome-all-info/	35.778	139.7209
utsunomiya	JR 宇都宮線｜東京〜宇都宮	浦和	True	False	True	True	dynamic_all	https://wadattsu261.com/content/ju-utsunomiyahome-all-info/	35.8585	139.6571
utsunomiya	JR 宇都宮線｜東京〜宇都宮	さいたま新都心	True	False	True	True	dynamic_all	https://wadattsu261.com/content/ju-utsunomiyahome-all-info/	35.8938	139.6336
utsunomiya	JR 宇都宮線｜東京〜宇都宮	大宮	True	False	True	True	dynamic_all	https://wadattsu261.com/content/ju-utsunomiyahome-all-info/	35.9064	139.6239
utsunomiya	JR 宇都宮線｜東京〜宇都宮	土呂	True	False	True	True	dynamic_all	https://wadattsu261.com/content/ju-utsunomiyahome-all-info/	35.9315	139.6326
utsunomiya	JR 宇都宮線｜東京〜宇都宮	東大宮	True	False	True	True	dynamic_all	https://wadattsu261.com/content/ju-utsunomiyahome-all-info/	35.9489	139.6403
utsunomiya	JR 宇都宮線｜東京〜宇都宮	蓮田	True	False	True	True	dynamic_all	https://wadattsu261.com/content/ju-utsunomiyahome-all-info/	35.9814	139.6526
utsunomiya	JR 宇都宮線｜東京〜宇都宮	白岡	True	False	True	True	dynamic_all	https://wadattsu261.com/content/ju-utsunomiyahome-all-info/	36.0178	139.6669
utsunomiya	JR 宇都宮線｜東京〜宇都宮	新白岡	True	False	True	True	dynamic_all	https://wadattsu261.com/content/ju-utsunomiyahome-all-info/	36.0386	139.6725
utsunomiya	JR 宇都宮線｜東京〜宇都宮	久喜	True	False	True	True	dynamic_all	https://wadattsu261.com/content/ju-utsunomiyahome-all-info/	36.0658	139.6773
utsunomiya	JR 宇都宮線｜東京〜宇都宮	東鷲宮	True	False	True	True	dynamic_all	https://wadattsu261.com/content/ju-utsunomiyahome-all-info/	36.0895	139.679
utsunomiya	JR 宇都宮線｜東京〜宇都宮	栗橋	True	False	True	True	dynamic_all	https://wadattsu261.com/content/ju-utsunomiyahome-all-info/	36.1364	139.6943
utsunomiya	JR 宇都宮線｜東京〜宇都宮	古河	True	False	True	True	dynamic_all	https://wadattsu261.com/content/ju-utsunomiyahome-all-info/	36.1942	139.7095
utsunomiya	JR 宇都宮線｜東京〜宇都宮	野木	True	False	True	True	dynamic_all	https://wadattsu261.com/content/ju-utsunomiyahome-all-info/	36.2299	139.7407
utsunomiya	JR 宇都宮線｜東京〜宇都宮	間々田	True	False	True	True	dynamic_all	https://wadattsu261.com/content/ju-utsunomiyahome-all-info/	36.2574	139.7613
utsunomiya	JR 宇都宮線｜東京〜宇都宮	小山	True	False	True	True	dynamic_all	https://wadattsu261.com/content/ju-utsunomiyahome-all-info/	36.3127	139.8063
utsunomiya	JR 宇都宮線｜東京〜宇都宮	小金井	True	False	True	True	dynamic_all	https://wadattsu261.com/content/ju-utsunomiyahome-all-info/	36.3744	139.8425
utsunomiya	JR 宇都宮線｜東京〜宇都宮	自治医大	True	False	True	True	dynamic_all	https://wadattsu261.com/content/ju-utsunomiyahome-all-info/	36.3955	139.8544
utsunomiya	JR 宇都宮線｜東京〜宇都宮	石橋	True	False	True	True	dynamic_all	https://wadattsu261.com/content/ju-utsunomiyahome-all-info/	36.4368	139.8662
utsunomiya	JR 宇都宮線｜東京〜宇都宮	雀宮	True	False	True	True	dynamic_all	https://wadattsu261.com/content/ju-utsunomiyahome-all-info/	36.4938	139.8728
utsunomiya	JR 宇都宮線｜東京〜宇都宮	宇都宮	True	False	True	True	dynamic_all	https://wadattsu261.com/content/ju-utsunomiyahome-all-info/	36.5594	139.8987
takasaki	JR 高崎線｜東京〜高崎	東京	True	False	True	True	dynamic_all	https://wadattsu261.com/content/ju-takasakihome-all-info/	35.6812	139.7671
takasaki	JR 高崎線｜東京〜高崎	上野	True	False	True	True	dynamic_all	https://wadattsu261.com/content/ju-takasakihome-all-info/	35.7142	139.7774
takasaki	JR 高崎線｜東京〜高崎	尾久	True	False	True	True	dynamic_all	https://wadattsu261.com/content/ju-takasakihome-all-info/	35.747	139.7538
takasaki	JR 高崎線｜東京〜高崎	赤羽	True	False	True	True	dynamic_all	https://wadattsu261.com/content/ju-takasakihome-all-info/	35.778	139.7209
takasaki	JR 高崎線｜東京〜高崎	浦和	True	False	True	True	dynamic_all	https://wadattsu261.com/content/ju-takasakihome-all-info/	35.8585	139.6571
takasaki	JR 高崎線｜東京〜高崎	さいたま新都心	True	False	True	True	dynamic_all	https://wadattsu261.com/content/ju-takasakihome-all-info/	35.8938	139.6336
takasaki	JR 高崎線｜東京〜高崎	大宮	True	False	True	True	dynamic_all	https://wadattsu261.com/content/ju-takasakihome-all-info/	35.9064	139.6239
takasaki	JR 高崎線｜東京〜高崎	宮原	True	False	True	True	dynamic_all	https://wadattsu261.com/content/ju-takasakihome-all-info/	35.9408	139.6097
takasaki	JR 高崎線｜東京〜高崎	上尾	True	False	True	True	dynamic_all	https://wadattsu261.com/content/ju-takasakihome-all-info/	35.9735	139.5886
takasaki	JR 高崎線｜東京〜高崎	北上尾	True	False	True	True	dynamic_all	https://wadattsu261.com/content/ju-takasakihome-all-info/	35.9857	139.5774
takasaki	JR 高崎線｜東京〜高崎	桶川	True	False	True	True	dynamic_all	https://wadattsu261.com/content/ju-takasakihome-all-info/	35.9985	139.5645
takasaki	JR 高崎線｜東京〜高崎	北本	True	False	True	True	dynamic_all	https://wadattsu261.com/content/ju-takasakihome-all-info/	36.0317	139.5349
takasaki	JR 高崎線｜東京〜高崎	鴻巣	True	False	True	True	dynamic_all	https://wadattsu261.com/content/ju-takasakihome-all-info/	36.0593	139.5093
takasaki	JR 高崎線｜東京〜高崎	北鴻巣	True	False	True	True	dynamic_all	https://wadattsu261.com/content/ju-takasakihome-all-info/	36.0853	139.4768
takasaki	JR 高崎線｜東京〜高崎	吹上	True	False	True	True	dynamic_all	https://wadattsu261.com/content/ju-takasakihome-all-info/	36.1032	139.4531
takasaki	JR 高崎線｜東京〜高崎	行田	True	False	True	True	dynamic_all	https://wadattsu261.com/content/ju-takasakihome-all-info/	36.1139	139.4328
takasaki	JR 高崎線｜東京〜高崎	熊谷	True	False	True	True	dynamic_all	https://wadattsu261.com/content/ju-takasakihome-all-info/	36.1396	139.3894
takasaki	JR 高崎線｜東京〜高崎	籠原	True	False	True	True	dynamic_all	https://wadattsu261.com/content/ju-takasakihome-all-info/	36.1745	139.3307
takasaki	JR 高崎線｜東京〜高崎	深谷	True	False	True	True	dynamic_all	https://wadattsu261.com/content/ju-takasakihome-all-info/	36.1913	139.2815
takasaki	JR 高崎線｜東京〜高崎	岡部	True	False	True	True	dynamic_all	https://wadattsu261.com/content/ju-takasakihome-all-info/	36.2055	139.2375
takasaki	JR 高崎線｜東京〜高崎	本庄	True	False	True	True	dynamic_all	https://wadattsu261.com/content/ju-takasakihome-all-info/	36.2363	139.1883
takasaki	JR 高崎線｜東京〜高崎	神保原	True	False	True	True	dynamic_all	https://wadattsu261.com/content/ju-takasakihome-all-info/	36.2539	139.1495
takasaki	JR 高崎線｜東京〜高崎	新町	True	False	True	True	dynamic_all	https://wadattsu261.com/content/ju-takasakihome-all-info/	36.2725	139.1056
takasaki	JR 高崎線｜東京〜高崎	倉賀野	True	False	True	True	dynamic_all	https://wadattsu261.com/content/ju-takasakihome-all-info/	36.3003	139.0499
takasaki	JR 高崎線｜東京〜高崎	高崎	True	False	True	True	dynamic_all	https://wadattsu261.com/content/ju-takasakihome-all-info/	36.3222	139.0124
metro_g	東京メトロ 銀座線｜浅草〜渋谷	浅草	True	False	True	True	static_car		35.7107	139.7974
metro_g	東京メトロ 銀座線｜浅草〜渋谷	田原町	True	False	True	True	static_car		35.7099	139.7906
metro_g	東京メトロ 銀座線｜浅草〜渋谷	稲荷町	True	False	True	True	dynamic_all	https://wadattsu261.com/content/g-metroginzahome-all-info/	35.7112	139.7827
metro_g	東京メトロ 銀座線｜浅草〜渋谷	上野	True	False	True	True	static_car		35.7142	139.7774
metro_g	東京メトロ 銀座線｜浅草〜渋谷	上野広小路	True	False	True	True	static_car		35.7078	139.773
metro_g	東京メトロ 銀座線｜浅草〜渋谷	末広町	True	False	True	True	dynamic_all	https://wadattsu261.com/content/g-metroginzahome-all-info/	35.7029	139.7717
metro_g	東京メトロ 銀座線｜浅草〜渋谷	神田	True	False	True	True	static_car		35.6917	139.7709
metro_g	東京メトロ 銀座線｜浅草〜渋谷	三越前	True	False	True	True	static_car		35.6849	139.7733
metro_g	東京メトロ 銀座線｜浅草〜渋谷	日本橋	True	False	True	True	static_car		35.6824	139.7745
metro_g	東京メトロ 銀座線｜浅草〜渋谷	京橋	True	False	True	True	static_car		35.6769	139.77
metro_g	東京メトロ 銀座線｜浅草〜渋谷	銀座	True	False	True	True	static_car		35.6719	139.7641
metro_g	東京メトロ 銀座線｜浅草〜渋谷	新橋	True	False	True	True	static_detail		35.6662	139.7586
metro_g	東京メトロ 銀座線｜浅草〜渋谷	虎ノ門	True	False	True	True	static_detail		35.6702	139.75
metro_g	東京メトロ 銀座線｜浅草〜渋谷	溜池山王	True	False	True	True	static_car		35.6736	139.7414
metro_g	東京メトロ 銀座線｜浅草〜渋谷	赤坂見附	True	False	True	True	static_car		35.677	139.737
metro_g	東京メトロ 銀座線｜浅草〜渋谷	青山一丁目	True	False	True	True	static_car		35.6728	139.7242
metro_g	東京メトロ 銀座線｜浅草〜渋谷	外苑前	True	False	True	True	static_car		35.6705	139.7178
metro_g	東京メトロ 銀座線｜浅草〜渋谷	表参道	True	False	True	True	static_car		35.6652	139.712
metro_g	東京メトロ 銀座線｜浅草〜渋谷	渋谷	True	False	True	True	static_car		35.658	139.7016
metro_m	東京メトロ 丸ノ内線｜池袋〜荻窪	池袋	True	False	True	True	static_car		35.7303	139.71
metro_m	東京メトロ 丸ノ内線｜池袋〜荻窪	新大塚	True	False	True	True	static_car		35.7258	139.7299
metro_m	東京メトロ 丸ノ内線｜池袋〜荻窪	茗荷谷	True	False	True	True	static_car		35.7173	139.7368
metro_m	東京メトロ 丸ノ内線｜池袋〜荻窪	後楽園	True	False	True	True	static_car		35.7081	139.7518
metro_m	東京メトロ 丸ノ内線｜池袋〜荻窪	本郷三丁目	True	False	True	True	static_car		35.7067	139.7599
metro_m	東京メトロ 丸ノ内線｜池袋〜荻窪	御茶ノ水	True	False	True	True	dynamic_all	https://wadattsu261.com/content/m-metromarunouchihome-all-info/	35.6996	139.765
metro_m	東京メトロ 丸ノ内線｜池袋〜荻窪	淡路町	True	False	True	True	dynamic_all	https://wadattsu261.com/content/m-metromarunouchihome-all-info/	35.6954	139.7676
metro_m	東京メトロ 丸ノ内線｜池袋〜荻窪	大手町	True	False	True	True	dynamic_all	https://wadattsu261.com/content/m-metromarunouchihome-all-info/	35.6852	139.7645
metro_m	東京メトロ 丸ノ内線｜池袋〜荻窪	東京	True	False	True	True	dynamic_all	https://wadattsu261.com/content/m-metromarunouchihome-all-info/	35.6812	139.7671
metro_m	東京メトロ 丸ノ内線｜池袋〜荻窪	銀座	True	False	True	True	dynamic_all	https://wadattsu261.com/content/m-metromarunouchihome-all-info/	35.6719	139.7641
metro_m	東京メトロ 丸ノ内線｜池袋〜荻窪	霞ケ関	True	False	True	True	dynamic_all	https://wadattsu261.com/content/m-metromarunouchihome-all-info/	35.6739	139.751
metro_m	東京メトロ 丸ノ内線｜池袋〜荻窪	国会議事堂前	True	False	True	True	dynamic_all	https://wadattsu261.com/content/m-metromarunouchihome-all-info/	35.6736	139.7452
metro_m	東京メトロ 丸ノ内線｜池袋〜荻窪	赤坂見附	True	False	True	True	dynamic_all	https://wadattsu261.com/content/m-metromarunouchihome-all-info/	35.677	139.737
metro_m	東京メトロ 丸ノ内線｜池袋〜荻窪	四ツ谷	True	False	True	True	dynamic_all	https://wadattsu261.com/content/m-metromarunouchihome-all-info/	35.686	139.7306
metro_m	東京メトロ 丸ノ内線｜池袋〜荻窪	四谷三丁目	True	False	True	True	dynamic_all	https://wadattsu261.com/content/m-metromarunouchihome-all-info/	35.6879	139.72
metro_m	東京メトロ 丸ノ内線｜池袋〜荻窪	新宿御苑前	True	False	True	True	dynamic_all	https://wadattsu261.com/content/m-metromarunouchihome-all-info/	35.6886	139.7108
metro_m	東京メトロ 丸ノ内線｜池袋〜荻窪	新宿三丁目	True	False	True	True	dynamic_all	https://wadattsu261.com/content/m-metromarunouchihome-all-info/	35.6906	139.706
metro_m	東京メトロ 丸ノ内線｜池袋〜荻窪	新宿	True	False	True	True	dynamic_all	https://wadattsu261.com/content/m-metromarunouchihome-all-info/	35.6896	139.7006
metro_m	東京メトロ 丸ノ内線｜池袋〜荻窪	西新宿	True	False	True	True	dynamic_all	https://wadattsu261.com/content/m-metromarunouchihome-all-info/	35.6945	139.6927
metro_m	東京メトロ 丸ノ内線｜池袋〜荻窪	中野坂上	True	False	True	True	dynamic_all	https://wadattsu261.com/content/m-metromarunouchihome-all-info/	35.6978	139.6828
metro_m	東京メトロ 丸ノ内線｜池袋〜荻窪	新中野	True	False	True	True	dynamic_all	https://wadattsu261.com/content/m-metromarunouchihome-all-info/	35.6975	139.669
metro_m	東京メトロ 丸ノ内線｜池袋〜荻窪	東高円寺	True	False	True	True	dynamic_all	https://wadattsu261.com/content/m-metromarunouchihome-all-info/	35.6978	139.6582
metro_m	東京メトロ 丸ノ内線｜池袋〜荻窪	新高円寺	True	False	True	True	dynamic_all	https://wadattsu261.com/content/m-metromarunouchihome-all-info/	35.6979	139.6481
metro_m	東京メトロ 丸ノ内線｜池袋〜荻窪	南阿佐ケ谷	True	False	True	True	dynamic_all	https://wadattsu261.com/content/m-metromarunouchihome-all-info/	35.699	139.6358
metro_m	東京メトロ 丸ノ内線｜池袋〜荻窪	荻窪	True	False	True	True	dynamic_all	https://wadattsu261.com/content/m-metromarunouchihome-all-info/	35.7045	139.6201
metro_h	東京メトロ 日比谷線｜北千住〜中目黒	北千住	True	False	True	True	static_car		35.7497	139.8051
metro_h	東京メトロ 日比谷線｜北千住〜中目黒	南千住	True	False	True	True	static_car		35.7341	139.7994
metro_h	東京メトロ 日比谷線｜北千住〜中目黒	三ノ輪	True	False	True	True	static_car		35.7295	139.7914
metro_h	東京メトロ 日比谷線｜北千住〜中目黒	入谷	True	False	True	True	static_car		35.7205	139.7846
metro_h	東京メトロ 日比谷線｜北千住〜中目黒	上野	True	False	True	True	static_car		35.7142	139.7774
metro_h	東京メトロ 日比谷線｜北千住〜中目黒	仲御徒町	True	False	True	True	dynamic_all	https://wadattsu261.com/content/h-metrohibiyahome-all-info/	35.7067	139.7761
metro_h	東京メトロ 日比谷線｜北千住〜中目黒	秋葉原	True	False	True	True	dynamic_all	https://wadattsu261.com/content/h-metrohibiyahome-all-info/	35.6984	139.7731
metro_h	東京メトロ 日比谷線｜北千住〜中目黒	小伝馬町	True	False	True	True	dynamic_all	https://wadattsu261.com/content/h-metrohibiyahome-all-info/	35.6905	139.7784
metro_h	東京メトロ 日比谷線｜北千住〜中目黒	人形町	True	False	True	True	dynamic_all	https://wadattsu261.com/content/h-metrohibiyahome-all-info/	35.6863	139.7823
metro_h	東京メトロ 日比谷線｜北千住〜中目黒	茅場町	True	False	True	True	dynamic_all	https://wadattsu261.com/content/h-metrohibiyahome-all-info/	35.68	139.78
metro_h	東京メトロ 日比谷線｜北千住〜中目黒	八丁堀	True	False	True	True	dynamic_all	https://wadattsu261.com/content/h-metrohibiyahome-all-info/	35.6746	139.7777
metro_h	東京メトロ 日比谷線｜北千住〜中目黒	築地	True	False	True	True	dynamic_all	https://wadattsu261.com/content/h-metrohibiyahome-all-info/	35.6682	139.7724
metro_h	東京メトロ 日比谷線｜北千住〜中目黒	東銀座	True	False	True	True	dynamic_all	https://wadattsu261.com/content/h-metrohibiyahome-all-info/	35.6694	139.7673
metro_h	東京メトロ 日比谷線｜北千住〜中目黒	銀座	True	False	True	True	dynamic_all	https://wadattsu261.com/content/h-metrohibiyahome-all-info/	35.6719	139.7641
metro_h	東京メトロ 日比谷線｜北千住〜中目黒	日比谷	True	False	True	True	dynamic_all	https://wadattsu261.com/content/h-metrohibiyahome-all-info/	35.6746	139.7599
metro_h	東京メトロ 日比谷線｜北千住〜中目黒	霞ケ関	True	False	True	True	dynamic_all	https://wadattsu261.com/content/h-metrohibiyahome-all-info/	35.6739	139.751
metro_h	東京メトロ 日比谷線｜北千住〜中目黒	虎ノ門ヒルズ	True	False	True	True	dynamic_all	https://wadattsu261.com/content/h-metrohibiyahome-all-info/	35.6669	139.7477
metro_h	東京メトロ 日比谷線｜北千住〜中目黒	神谷町	True	False	True	True	dynamic_all	https://wadattsu261.com/content/h-metrohibiyahome-all-info/	35.6629	139.7451
metro_h	東京メトロ 日比谷線｜北千住〜中目黒	六本木	True	False	True	True	dynamic_all	https://wadattsu261.com/content/h-metrohibiyahome-all-info/	35.6628	139.7314
metro_h	東京メトロ 日比谷線｜北千住〜中目黒	広尾	True	False	True	True	dynamic_all	https://wadattsu261.com/content/h-metrohibiyahome-all-info/	35.6522	139.7222
metro_h	東京メトロ 日比谷線｜北千住〜中目黒	恵比寿	True	False	True	True	dynamic_all	https://wadattsu261.com/content/h-metrohibiyahome-all-info/	35.6467	139.7101
metro_h	東京メトロ 日比谷線｜北千住〜中目黒	中目黒	True	False	True	True	dynamic_all	https://wadattsu261.com/content/h-metrohibiyahome-all-info/	35.6443	139.699
metro_t	東京メトロ 東西線｜中野〜西船橋	中野	True	False	True	True	dynamic_all	https://wadattsu261.com/content/t-metrotozaihome-all-info/	35.7058	139.6658
metro_t	東京メトロ 東西線｜中野〜西船橋	落合	True	False	True	True	dynamic_all	https://wadattsu261.com/content/t-metrotozaihome-all-info/	35.7107	139.6708
metro_t	東京メトロ 東西線｜中野〜西船橋	高田馬場	True	False	True	True	dynamic_all	https://wadattsu261.com/content/t-metrotozaihome-all-info/	35.7126	139.7039
metro_t	東京メトロ 東西線｜中野〜西船橋	早稲田	True	False	True	True	dynamic_all	https://wadattsu261.com/content/t-metrotozaihome-all-info/	35.7056	139.721
metro_t	東京メトロ 東西線｜中野〜西船橋	神楽坂	True	False	True	True	dynamic_all	https://wadattsu261.com/content/t-metrotozaihome-all-info/	35.7039	139.7344
metro_t	東京メトロ 東西線｜中野〜西船橋	飯田橋	True	False	True	True	dynamic_all	https://wadattsu261.com/content/t-metrotozaihome-all-info/	35.702	139.745
metro_t	東京メトロ 東西線｜中野〜西船橋	九段下	True	False	True	True	dynamic_all	https://wadattsu261.com/content/t-metrotozaihome-all-info/	35.6955	139.7515
metro_t	東京メトロ 東西線｜中野〜西船橋	竹橋	True	False	True	True	dynamic_all	https://wadattsu261.com/content/t-metrotozaihome-all-info/	35.6907	139.7568
metro_t	東京メトロ 東西線｜中野〜西船橋	大手町	True	False	True	True	dynamic_all	https://wadattsu261.com/content/t-metrotozaihome-all-info/	35.6852	139.7645
metro_t	東京メトロ 東西線｜中野〜西船橋	日本橋	True	False	True	True	dynamic_all	https://wadattsu261.com/content/t-metrotozaihome-all-info/	35.6824	139.7745
metro_t	東京メトロ 東西線｜中野〜西船橋	茅場町	True	False	True	True	dynamic_all	https://wadattsu261.com/content/t-metrotozaihome-all-info/	35.68	139.78
metro_t	東京メトロ 東西線｜中野〜西船橋	門前仲町	True	False	True	True	dynamic_all	https://wadattsu261.com/content/t-metrotozaihome-all-info/	35.6719	139.7956
metro_t	東京メトロ 東西線｜中野〜西船橋	木場	True	False	True	True	dynamic_all	https://wadattsu261.com/content/t-metrotozaihome-all-info/	35.6695	139.807
metro_t	東京メトロ 東西線｜中野〜西船橋	東陽町	True	False	True	True	dynamic_all	https://wadattsu261.com/content/t-metrotozaihome-all-info/	35.6696	139.8176
metro_t	東京メトロ 東西線｜中野〜西船橋	南砂町	True	False	True	True	dynamic_all	https://wadattsu261.com/content/t-metrotozaihome-all-info/	35.6689	139.8307
metro_t	東京メトロ 東西線｜中野〜西船橋	西葛西	True	False	True	True	dynamic_all	https://wadattsu261.com/content/t-metrotozaihome-all-info/	35.6645	139.8594
metro_t	東京メトロ 東西線｜中野〜西船橋	葛西	True	False	True	True	dynamic_all	https://wadattsu261.com/content/t-metrotozaihome-all-info/	35.6636	139.8726
metro_t	東京メトロ 東西線｜中野〜西船橋	浦安	True	False	True	True	dynamic_all	https://wadattsu261.com/content/t-metrotozaihome-all-info/	35.6659	139.8934
metro_t	東京メトロ 東西線｜中野〜西船橋	南行徳	True	False	True	True	dynamic_all	https://wadattsu261.com/content/t-metrotozaihome-all-info/	35.6727	139.9022
metro_t	東京メトロ 東西線｜中野〜西船橋	行徳	True	False	True	True	dynamic_all	https://wadattsu261.com/content/t-metrotozaihome-all-info/	35.6826	139.9142
metro_t	東京メトロ 東西線｜中野〜西船橋	妙典	True	False	True	True	dynamic_all	https://wadattsu261.com/content/t-metrotozaihome-all-info/	35.6917	139.9253
metro_t	東京メトロ 東西線｜中野〜西船橋	原木中山	True	False	True	True	dynamic_all	https://wadattsu261.com/content/t-metrotozaihome-all-info/	35.7031	139.9422
metro_t	東京メトロ 東西線｜中野〜西船橋	西船橋	True	False	True	True	dynamic_all	https://wadattsu261.com/content/t-metrotozaihome-all-info/	35.7075	139.9591
metro_c	東京メトロ 千代田線｜代々木上原〜北綾瀬	代々木上原	True	False	True	True	dynamic_all	https://wadattsu261.com/content/c-metrochiyodahome-all-info/	35.6691	139.6798
metro_c	東京メトロ 千代田線｜代々木上原〜北綾瀬	代々木公園	True	False	True	True	dynamic_all	https://wadattsu261.com/content/c-metrochiyodahome-all-info/	35.669	139.69
metro_c	東京メトロ 千代田線｜代々木上原〜北綾瀬	明治神宮前	True	False	True	True	dynamic_all	https://wadattsu261.com/content/c-metrochiyodahome-all-info/	35.6685	139.705
metro_c	東京メトロ 千代田線｜代々木上原〜北綾瀬	表参道	True	False	True	True	dynamic_all	https://wadattsu261.com/content/c-metrochiyodahome-all-info/	35.6652	139.712
metro_c	東京メトロ 千代田線｜代々木上原〜北綾瀬	乃木坂	True	False	True	True	dynamic_all	https://wadattsu261.com/content/c-metrochiyodahome-all-info/	35.6666	139.7264
metro_c	東京メトロ 千代田線｜代々木上原〜北綾瀬	赤坂	True	False	True	True	dynamic_all	https://wadattsu261.com/content/c-metrochiyodahome-all-info/	35.6724	139.7365
metro_c	東京メトロ 千代田線｜代々木上原〜北綾瀬	国会議事堂前	True	False	True	True	dynamic_all	https://wadattsu261.com/content/c-metrochiyodahome-all-info/	35.6736	139.7452
metro_c	東京メトロ 千代田線｜代々木上原〜北綾瀬	霞ケ関	True	False	True	True	dynamic_all	https://wadattsu261.com/content/c-metrochiyodahome-all-info/	35.6739	139.751
metro_c	東京メトロ 千代田線｜代々木上原〜北綾瀬	日比谷	True	False	True	True	dynamic_all	https://wadattsu261.com/content/c-metrochiyodahome-all-info/	35.6746	139.7599
metro_c	東京メトロ 千代田線｜代々木上原〜北綾瀬	二重橋前	True	False	True	True	dynamic_all	https://wadattsu261.com/content/c-metrochiyodahome-all-info/	35.6774	139.7617
metro_c	東京メトロ 千代田線｜代々木上原〜北綾瀬	大手町	True	False	True	True	dynamic_all	https://wadattsu261.com/content/c-metrochiyodahome-all-info/	35.6852	139.7645
metro_c	東京メトロ 千代田線｜代々木上原〜北綾瀬	新御茶ノ水	True	False	True	True	dynamic_all	https://wadattsu261.com/content/c-metrochiyodahome-all-info/	35.6981	139.766
metro_c	東京メトロ 千代田線｜代々木上原〜北綾瀬	湯島	True	False	True	True	dynamic_all	https://wadattsu261.com/content/c-metrochiyodahome-all-info/	35.7077	139.77
metro_c	東京メトロ 千代田線｜代々木上原〜北綾瀬	根津	True	False	True	True	dynamic_all	https://wadattsu261.com/content/c-metrochiyodahome-all-info/	35.717	139.7656
metro_c	東京メトロ 千代田線｜代々木上原〜北綾瀬	千駄木	True	False	True	True	dynamic_all	https://wadattsu261.com/content/c-metrochiyodahome-all-info/	35.7255	139.763
metro_c	東京メトロ 千代田線｜代々木上原〜北綾瀬	西日暮里	True	False	True	True	dynamic_all	https://wadattsu261.com/content/c-metrochiyodahome-all-info/	35.7321	139.7668
metro_c	東京メトロ 千代田線｜代々木上原〜北綾瀬	町屋	True	False	True	True	dynamic_all	https://wadattsu261.com/content/c-metrochiyodahome-all-info/	35.742	139.7801
metro_c	東京メトロ 千代田線｜代々木上原〜北綾瀬	北千住	True	False	True	True	dynamic_all	https://wadattsu261.com/content/c-metrochiyodahome-all-info/	35.7497	139.8051
metro_c	東京メトロ 千代田線｜代々木上原〜北綾瀬	綾瀬	True	False	True	True	dynamic_all	https://wadattsu261.com/content/c-metrochiyodahome-all-info/	35.7622	139.8249
metro_c	東京メトロ 千代田線｜代々木上原〜北綾瀬	北綾瀬	True	False	True	True	dynamic_all	https://wadattsu261.com/content/c-metrochiyodahome-all-info/	35.777	139.832
metro_z	東京メトロ 半蔵門線｜渋谷〜押上	渋谷	True	False	True	True	dynamic_all	https://wadattsu261.com/content/z-metrohanzomonhome-all-info/	35.658	139.7016
metro_z	東京メトロ 半蔵門線｜渋谷〜押上	表参道	True	False	True	True	dynamic_all	https://wadattsu261.com/content/z-metrohanzomonhome-all-info/	35.6652	139.712
metro_z	東京メトロ 半蔵門線｜渋谷〜押上	青山一丁目	True	False	True	True	dynamic_all	https://wadattsu261.com/content/z-metrohanzomonhome-all-info/	35.6728	139.7242
metro_z	東京メトロ 半蔵門線｜渋谷〜押上	永田町	True	False	True	True	dynamic_all	https://wadattsu261.com/content/z-metrohanzomonhome-all-info/	35.6786	139.7403
metro_z	東京メトロ 半蔵門線｜渋谷〜押上	半蔵門	True	False	True	True	dynamic_all	https://wadattsu261.com/content/z-metrohanzomonhome-all-info/	35.6857	139.7417
metro_z	東京メトロ 半蔵門線｜渋谷〜押上	九段下	True	False	True	True	dynamic_all	https://wadattsu261.com/content/z-metrohanzomonhome-all-info/	35.6955	139.7515
metro_z	東京メトロ 半蔵門線｜渋谷〜押上	神保町	True	False	True	True	dynamic_all	https://wadattsu261.com/content/z-metrohanzomonhome-all-info/	35.6959	139.7578
metro_z	東京メトロ 半蔵門線｜渋谷〜押上	大手町	True	False	True	True	dynamic_all	https://wadattsu261.com/content/z-metrohanzomonhome-all-info/	35.6852	139.7645
metro_z	東京メトロ 半蔵門線｜渋谷〜押上	三越前	True	False	True	True	dynamic_all	https://wadattsu261.com/content/z-metrohanzomonhome-all-info/	35.6849	139.7733
metro_z	東京メトロ 半蔵門線｜渋谷〜押上	水天宮前	True	False	True	True	dynamic_all	https://wadattsu261.com/content/z-metrohanzomonhome-all-info/	35.6827	139.7853
metro_z	東京メトロ 半蔵門線｜渋谷〜押上	清澄白河	True	False	True	True	dynamic_all	https://wadattsu261.com/content/z-metrohanzomonhome-all-info/	35.6821	139.7988
metro_z	東京メトロ 半蔵門線｜渋谷〜押上	住吉	True	False	True	True	dynamic_all	https://wadattsu261.com/content/z-metrohanzomonhome-all-info/	35.6891	139.8157
metro_z	東京メトロ 半蔵門線｜渋谷〜押上	錦糸町	True	False	True	True	dynamic_all	https://wadattsu261.com/content/z-metrohanzomonhome-all-info/	35.6964	139.814
metro_z	東京メトロ 半蔵門線｜渋谷〜押上	押上	True	False	True	True	dynamic_all	https://wadattsu261.com/content/z-metrohanzomonhome-all-info/	35.7107	139.813
metro_n	東京メトロ 南北線｜目黒〜赤羽岩淵	目黒	True	False	True	True	dynamic_all	https://wadattsu261.com/content/n-metronambokuhome-all-info/	35.6339	139.7158
metro_n	東京メトロ 南北線｜目黒〜赤羽岩淵	白金台	True	False	True	True	dynamic_all	https://wadattsu261.com/content/n-metronambokuhome-all-info/	35.638	139.7263
metro_n	東京メトロ 南北線｜目黒〜赤羽岩淵	白金高輪	True	False	True	True	dynamic_all	https://wadattsu261.com/content/n-metronambokuhome-all-info/	35.6429	139.734
metro_n	東京メトロ 南北線｜目黒〜赤羽岩淵	麻布十番	True	False	True	True	dynamic_all	https://wadattsu261.com/content/n-metronambokuhome-all-info/	35.6553	139.737
metro_n	東京メトロ 南北線｜目黒〜赤羽岩淵	六本木一丁目	True	False	True	True	dynamic_all	https://wadattsu261.com/content/n-metronambokuhome-all-info/	35.6656	139.7389
metro_n	東京メトロ 南北線｜目黒〜赤羽岩淵	溜池山王	True	False	True	True	dynamic_all	https://wadattsu261.com/content/n-metronambokuhome-all-info/	35.6736	139.7414
metro_n	東京メトロ 南北線｜目黒〜赤羽岩淵	永田町	True	False	True	True	dynamic_all	https://wadattsu261.com/content/n-metronambokuhome-all-info/	35.6786	139.7403
metro_n	東京メトロ 南北線｜目黒〜赤羽岩淵	四ツ谷	True	False	True	True	dynamic_all	https://wadattsu261.com/content/n-metronambokuhome-all-info/	35.686	139.7306
metro_n	東京メトロ 南北線｜目黒〜赤羽岩淵	市ケ谷	True	False	True	True	dynamic_all	https://wadattsu261.com/content/n-metronambokuhome-all-info/	35.691	139.7356
metro_n	東京メトロ 南北線｜目黒〜赤羽岩淵	飯田橋	True	False	True	True	dynamic_all	https://wadattsu261.com/content/n-metronambokuhome-all-info/	35.702	139.745
metro_n	東京メトロ 南北線｜目黒〜赤羽岩淵	後楽園	True	False	True	True	dynamic_all	https://wadattsu261.com/content/n-metronambokuhome-all-info/	35.7081	139.7518
metro_n	東京メトロ 南北線｜目黒〜赤羽岩淵	東大前	True	False	True	True	dynamic_all	https://wadattsu261.com/content/n-metronambokuhome-all-info/	35.7176	139.758
metro_n	東京メトロ 南北線｜目黒〜赤羽岩淵	本駒込	True	False	True	True	dynamic_all	https://wadattsu261.com/content/n-metronambokuhome-all-info/	35.7243	139.7539
metro_n	東京メトロ 南北線｜目黒〜赤羽岩淵	駒込	True	False	True	True	dynamic_all	https://wadattsu261.com/content/n-metronambokuhome-all-info/	35.7365	139.7469
metro_n	東京メトロ 南北線｜目黒〜赤羽岩淵	西ケ原	True	False	True	True	dynamic_all	https://wadattsu261.com/content/n-metronambokuhome-all-info/	35.746	139.7421
metro_n	東京メトロ 南北線｜目黒〜赤羽岩淵	王子	True	False	True	True	dynamic_all	https://wadattsu261.com/content/n-metronambokuhome-all-info/	35.753	139.738
metro_n	東京メトロ 南北線｜目黒〜赤羽岩淵	王子神谷	True	False	True	True	dynamic_all	https://wadattsu261.com/content/n-metronambokuhome-all-info/	35.7652	139.7357
metro_n	東京メトロ 南北線｜目黒〜赤羽岩淵	志茂	True	False	True	True	dynamic_all	https://wadattsu261.com/content/n-metronambokuhome-all-info/	35.7779	139.732
metro_n	東京メトロ 南北線｜目黒〜赤羽岩淵	赤羽岩淵	True	False	True	True	dynamic_all	https://wadattsu261.com/content/n-metronambokuhome-all-info/	35.7834	139.7221
metro_y	東京メトロ 有楽町線｜和光市〜新木場	和光市	True	False	True	True	dynamic_all	https://wadattsu261.com/content/y-metroyurakuchohome-all-info/	35.7885	139.6127
metro_y	東京メトロ 有楽町線｜和光市〜新木場	地下鉄成増	True	False	True	True	dynamic_all	https://wadattsu261.com/content/y-metroyurakuchohome-all-info/	35.7765	139.6314
metro_y	東京メトロ 有楽町線｜和光市〜新木場	地下鉄赤塚	True	False	True	True	dynamic_all	https://wadattsu261.com/content/y-metroyurakuchohome-all-info/	35.7699	139.644
metro_y	東京メトロ 有楽町線｜和光市〜新木場	平和台	True	False	True	True	dynamic_all	https://wadattsu261.com/content/y-metroyurakuchohome-all-info/	35.7579	139.6538
metro_y	東京メトロ 有楽町線｜和光市〜新木場	氷川台	True	False	True	True	dynamic_all	https://wadattsu261.com/content/y-metroyurakuchohome-all-info/	35.7495	139.6654
metro_y	東京メトロ 有楽町線｜和光市〜新木場	小竹向原	True	False	True	True	dynamic_all	https://wadattsu261.com/content/y-metroyurakuchohome-all-info/	35.7438	139.6786
metro_y	東京メトロ 有楽町線｜和光市〜新木場	千川	True	False	True	True	dynamic_all	https://wadattsu261.com/content/y-metroyurakuchohome-all-info/	35.7382	139.6892
metro_y	東京メトロ 有楽町線｜和光市〜新木場	要町	True	False	True	True	dynamic_all	https://wadattsu261.com/content/y-metroyurakuchohome-all-info/	35.7332	139.6988
metro_y	東京メトロ 有楽町線｜和光市〜新木場	池袋	True	False	True	True	dynamic_all	https://wadattsu261.com/content/y-metroyurakuchohome-all-info/	35.7303	139.71
metro_y	東京メトロ 有楽町線｜和光市〜新木場	東池袋	True	False	True	True	dynamic_all	https://wadattsu261.com/content/y-metroyurakuchohome-all-info/	35.7255	139.7196
metro_y	東京メトロ 有楽町線｜和光市〜新木場	護国寺	True	False	True	True	dynamic_all	https://wadattsu261.com/content/y-metroyurakuchohome-all-info/	35.719	139.7275
metro_y	東京メトロ 有楽町線｜和光市〜新木場	江戸川橋	True	False	True	True	dynamic_all	https://wadattsu261.com/content/y-metroyurakuchohome-all-info/	35.7096	139.7328
metro_y	東京メトロ 有楽町線｜和光市〜新木場	飯田橋	True	False	True	True	dynamic_all	https://wadattsu261.com/content/y-metroyurakuchohome-all-info/	35.702	139.745
metro_y	東京メトロ 有楽町線｜和光市〜新木場	市ケ谷	True	False	True	True	dynamic_all	https://wadattsu261.com/content/y-metroyurakuchohome-all-info/	35.691	139.7356
metro_y	東京メトロ 有楽町線｜和光市〜新木場	麹町	True	False	True	True	dynamic_all	https://wadattsu261.com/content/y-metroyurakuchohome-all-info/	35.684	139.7379
metro_y	東京メトロ 有楽町線｜和光市〜新木場	永田町	True	False	True	True	dynamic_all	https://wadattsu261.com/content/y-metroyurakuchohome-all-info/	35.6786	139.7403
metro_y	東京メトロ 有楽町線｜和光市〜新木場	桜田門	True	False	True	True	dynamic_all	https://wadattsu261.com/content/y-metroyurakuchohome-all-info/	35.6773	139.7516
metro_y	東京メトロ 有楽町線｜和光市〜新木場	有楽町	True	False	True	True	dynamic_all	https://wadattsu261.com/content/y-metroyurakuchohome-all-info/	35.675	139.7633
metro_y	東京メトロ 有楽町線｜和光市〜新木場	銀座一丁目	True	False	True	True	dynamic_all	https://wadattsu261.com/content/y-metroyurakuchohome-all-info/	35.6743	139.767
metro_y	東京メトロ 有楽町線｜和光市〜新木場	新富町	True	False	True	True	dynamic_all	https://wadattsu261.com/content/y-metroyurakuchohome-all-info/	35.6705	139.7735
metro_y	東京メトロ 有楽町線｜和光市〜新木場	月島	True	False	True	True	dynamic_all	https://wadattsu261.com/content/y-metroyurakuchohome-all-info/	35.6639	139.7847
metro_y	東京メトロ 有楽町線｜和光市〜新木場	豊洲	True	False	True	True	dynamic_all	https://wadattsu261.com/content/y-metroyurakuchohome-all-info/	35.6549	139.7961
metro_y	東京メトロ 有楽町線｜和光市〜新木場	辰巳	True	False	True	True	dynamic_all	https://wadattsu261.com/content/y-metroyurakuchohome-all-info/	35.6456	139.8107
metro_y	東京メトロ 有楽町線｜和光市〜新木場	新木場	True	False	True	True	dynamic_all	https://wadattsu261.com/content/y-metroyurakuchohome-all-info/	35.6459	139.8267
metro_f	東京メトロ 副都心線｜和光市〜渋谷	和光市	True	False	True	True	dynamic_hub	https://wadattsu261.com/f-metrofukutoshinhome-info/	35.7885	139.6127
metro_f	東京メトロ 副都心線｜和光市〜渋谷	地下鉄成増	True	False	True	True	dynamic_hub	https://wadattsu261.com/f-metrofukutoshinhome-info/	35.7765	139.6314
metro_f	東京メトロ 副都心線｜和光市〜渋谷	地下鉄赤塚	True	False	True	True	dynamic_hub	https://wadattsu261.com/f-metrofukutoshinhome-info/	35.7699	139.644
metro_f	東京メトロ 副都心線｜和光市〜渋谷	平和台	True	False	True	True	dynamic_hub	https://wadattsu261.com/f-metrofukutoshinhome-info/	35.7579	139.6538
metro_f	東京メトロ 副都心線｜和光市〜渋谷	氷川台	True	False	True	True	dynamic_hub	https://wadattsu261.com/f-metrofukutoshinhome-info/	35.7495	139.6654
metro_f	東京メトロ 副都心線｜和光市〜渋谷	小竹向原	True	False	True	True	dynamic_hub	https://wadattsu261.com/f-metrofukutoshinhome-info/	35.7438	139.6786
metro_f	東京メトロ 副都心線｜和光市〜渋谷	千川	True	False	True	True	dynamic_hub	https://wadattsu261.com/f-metrofukutoshinhome-info/	35.7382	139.6892
metro_f	東京メトロ 副都心線｜和光市〜渋谷	要町	True	False	True	True	dynamic_hub	https://wadattsu261.com/f-metrofukutoshinhome-info/	35.7332	139.6988
metro_f	東京メトロ 副都心線｜和光市〜渋谷	池袋	True	False	True	True	dynamic_hub	https://wadattsu261.com/f-metrofukutoshinhome-info/	35.7303	139.71
metro_f	東京メトロ 副都心線｜和光市〜渋谷	雑司が谷	True	False	True	True	dynamic_hub	https://wadattsu261.com/f-metrofukutoshinhome-info/	35.7202	139.7145
metro_f	東京メトロ 副都心線｜和光市〜渋谷	西早稲田	True	False	True	True	dynamic_hub	https://wadattsu261.com/f-metrofukutoshinhome-info/	35.7078	139.709
metro_f	東京メトロ 副都心線｜和光市〜渋谷	東新宿	True	False	True	True	dynamic_hub	https://wadattsu261.com/f-metrofukutoshinhome-info/	35.6979	139.7079
metro_f	東京メトロ 副都心線｜和光市〜渋谷	新宿三丁目	True	False	True	True	dynamic_hub	https://wadattsu261.com/f-metrofukutoshinhome-info/	35.6906	139.706
metro_f	東京メトロ 副都心線｜和光市〜渋谷	北参道	True	False	True	True	dynamic_hub	https://wadattsu261.com/f-metrofukutoshinhome-info/	35.6785	139.7057
metro_f	東京メトロ 副都心線｜和光市〜渋谷	明治神宮前	True	False	True	True	dynamic_hub	https://wadattsu261.com/f-metrofukutoshinhome-info/	35.6685	139.705
metro_f	東京メトロ 副都心線｜和光市〜渋谷	渋谷	True	False	True	True	dynamic_hub	https://wadattsu261.com/f-metrofukutoshinhome-info/	35.658	139.7016
denentoshi	東急 田園都市線｜渋谷〜中央林間	渋谷	True	False	True	True	dynamic_all	https://wadattsu261.com/content/dt-tokyudenentoshihome-all-info/	35.658	139.7016
denentoshi	東急 田園都市線｜渋谷〜中央林間	池尻大橋	True	False	True	True	dynamic_all	https://wadattsu261.com/content/dt-tokyudenentoshihome-all-info/	35.6506	139.6846
denentoshi	東急 田園都市線｜渋谷〜中央林間	三軒茶屋	True	False	True	True	dynamic_all	https://wadattsu261.com/content/dt-tokyudenentoshihome-all-info/	35.643	139.67
denentoshi	東急 田園都市線｜渋谷〜中央林間	駒沢大学	True	False	True	True	dynamic_all	https://wadattsu261.com/content/dt-tokyudenentoshihome-all-info/	35.6333	139.6615
denentoshi	東急 田園都市線｜渋谷〜中央林間	桜新町	True	False	True	True	dynamic_all	https://wadattsu261.com/content/dt-tokyudenentoshihome-all-info/	35.6318	139.6446
denentoshi	東急 田園都市線｜渋谷〜中央林間	用賀	True	False	True	True	dynamic_all	https://wadattsu261.com/content/dt-tokyudenentoshihome-all-info/	35.6265	139.6339
denentoshi	東急 田園都市線｜渋谷〜中央林間	二子玉川	True	False	True	True	dynamic_all	https://wadattsu261.com/content/dt-tokyudenentoshihome-all-info/	35.6118	139.6267
denentoshi	東急 田園都市線｜渋谷〜中央林間	二子新地	True	False	True	True	dynamic_all	https://wadattsu261.com/content/dt-tokyudenentoshihome-all-info/	35.6071	139.6222
denentoshi	東急 田園都市線｜渋谷〜中央林間	高津	True	False	True	True	dynamic_all	https://wadattsu261.com/content/dt-tokyudenentoshihome-all-info/	35.6035	139.617
denentoshi	東急 田園都市線｜渋谷〜中央林間	溝の口	True	False	True	True	dynamic_all	https://wadattsu261.com/content/dt-tokyudenentoshihome-all-info/	35.6	139.6106
denentoshi	東急 田園都市線｜渋谷〜中央林間	梶が谷	True	False	True	True	dynamic_all	https://wadattsu261.com/content/dt-tokyudenentoshihome-all-info/	35.5936	139.6051
denentoshi	東急 田園都市線｜渋谷〜中央林間	宮崎台	True	False	True	True	dynamic_all	https://wadattsu261.com/content/dt-tokyudenentoshihome-all-info/	35.587	139.5915
denentoshi	東急 田園都市線｜渋谷〜中央林間	宮前平	True	False	True	True	dynamic_all	https://wadattsu261.com/content/dt-tokyudenentoshihome-all-info/	35.5846	139.5815
denentoshi	東急 田園都市線｜渋谷〜中央林間	鷺沼	True	False	True	True	dynamic_all	https://wadattsu261.com/content/dt-tokyudenentoshihome-all-info/	35.5794	139.573
denentoshi	東急 田園都市線｜渋谷〜中央林間	たまプラーザ	True	False	True	True	dynamic_all	https://wadattsu261.com/content/dt-tokyudenentoshihome-all-info/	35.5774	139.5586
denentoshi	東急 田園都市線｜渋谷〜中央林間	あざみ野	True	False	True	True	dynamic_all	https://wadattsu261.com/content/dt-tokyudenentoshihome-all-info/	35.5688	139.5535
denentoshi	東急 田園都市線｜渋谷〜中央林間	江田	True	False	True	True	dynamic_all	https://wadattsu261.com/content/dt-tokyudenentoshihome-all-info/	35.5586	139.5514
denentoshi	東急 田園都市線｜渋谷〜中央林間	市が尾	True	False	True	True	dynamic_all	https://wadattsu261.com/content/dt-tokyudenentoshihome-all-info/	35.5514	139.5412
denentoshi	東急 田園都市線｜渋谷〜中央林間	藤が丘	True	False	True	True	dynamic_all	https://wadattsu261.com/content/dt-tokyudenentoshihome-all-info/	35.5431	139.5272
denentoshi	東急 田園都市線｜渋谷〜中央林間	青葉台	True	False	True	True	dynamic_all	https://wadattsu261.com/content/dt-tokyudenentoshihome-all-info/	35.5429	139.5174
denentoshi	東急 田園都市線｜渋谷〜中央林間	田奈	True	False	True	True	dynamic_all	https://wadattsu261.com/content/dt-tokyudenentoshihome-all-info/	35.5361	139.5049
denentoshi	東急 田園都市線｜渋谷〜中央林間	長津田	True	False	True	True	dynamic_all	https://wadattsu261.com/content/dt-tokyudenentoshihome-all-info/	35.5317	139.4949
denentoshi	東急 田園都市線｜渋谷〜中央林間	つくし野	True	False	True	True	dynamic_all	https://wadattsu261.com/content/dt-tokyudenentoshihome-all-info/	35.5275	139.4854
denentoshi	東急 田園都市線｜渋谷〜中央林間	すずかけ台	True	False	True	True	dynamic_all	https://wadattsu261.com/content/dt-tokyudenentoshihome-all-info/	35.5168	139.4815
denentoshi	東急 田園都市線｜渋谷〜中央林間	南町田グランベリーパーク	True	False	True	True	dynamic_all	https://wadattsu261.com/content/dt-tokyudenentoshihome-all-info/	35.5116	139.4702
denentoshi	東急 田園都市線｜渋谷〜中央林間	つきみ野	True	False	True	True	dynamic_all	https://wadattsu261.com/content/dt-tokyudenentoshihome-all-info/	35.5104	139.458
denentoshi	東急 田園都市線｜渋谷〜中央林間	中央林間	True	False	True	True	dynamic_all	https://wadattsu261.com/content/dt-tokyudenentoshihome-all-info/	35.5079	139.4441
meguro	東急 目黒線｜目黒〜日吉	目黒	True	False	True	True	dynamic_hub	https://wadattsu261.com/mg-tokyumegurohome-info/	35.6339	139.7158
meguro	東急 目黒線｜目黒〜日吉	不動前	True	False	True	True	dynamic_hub	https://wadattsu261.com/mg-tokyumegurohome-info/	35.6257	139.7134
meguro	東急 目黒線｜目黒〜日吉	武蔵小山	True	False	True	True	dynamic_hub	https://wadattsu261.com/mg-tokyumegurohome-info/	35.6205	139.7044
meguro	東急 目黒線｜目黒〜日吉	西小山	True	False	True	True	dynamic_hub	https://wadattsu261.com/mg-tokyumegurohome-info/	35.6157	139.6989
meguro	東急 目黒線｜目黒〜日吉	洗足	True	False	True	True	dynamic_hub	https://wadattsu261.com/mg-tokyumegurohome-info/	35.6103	139.6943
meguro	東急 目黒線｜目黒〜日吉	大岡山	True	False	True	True	dynamic_hub	https://wadattsu261.com/mg-tokyumegurohome-info/	35.6076	139.6856
meguro	東急 目黒線｜目黒〜日吉	奥沢	True	False	True	True	dynamic_hub	https://wadattsu261.com/mg-tokyumegurohome-info/	35.6037	139.6723
meguro	東急 目黒線｜目黒〜日吉	田園調布	True	False	True	True	dynamic_hub	https://wadattsu261.com/mg-tokyumegurohome-info/	35.5969	139.6673
meguro	東急 目黒線｜目黒〜日吉	多摩川	True	False	True	True	dynamic_hub	https://wadattsu261.com/mg-tokyumegurohome-info/	35.5898	139.6688
meguro	東急 目黒線｜目黒〜日吉	新丸子	True	False	True	True	dynamic_hub	https://wadattsu261.com/mg-tokyumegurohome-info/	35.5806	139.6617
meguro	東急 目黒線｜目黒〜日吉	武蔵小杉	True	False	True	True	dynamic_hub	https://wadattsu261.com/mg-tokyumegurohome-info/	35.575	139.663
meguro	東急 目黒線｜目黒〜日吉	元住吉	True	False	True	True	dynamic_hub	https://wadattsu261.com/mg-tokyumegurohome-info/	35.564	139.654
meguro	東急 目黒線｜目黒〜日吉	日吉	True	False	True	True	dynamic_hub	https://wadattsu261.com/mg-tokyumegurohome-info/	35.5531	139.6468
odakyu	小田急 小田原線｜新宿〜小田原	新宿	True	False	True	True	dynamic_hub	https://wadattsu261.com/stationhome-info/	35.6896	139.7006
odakyu	小田急 小田原線｜新宿〜小田原	南新宿	True	False	True	True	dynamic_hub	https://wadattsu261.com/stationhome-info/	35.6835	139.6987
odakyu	小田急 小田原線｜新宿〜小田原	参宮橋	True	False	True	True	dynamic_hub	https://wadattsu261.com/stationhome-info/	35.6786	139.6937
odakyu	小田急 小田原線｜新宿〜小田原	代々木八幡	True	False	True	True	dynamic_hub	https://wadattsu261.com/stationhome-info/	35.6699	139.6889
odakyu	小田急 小田原線｜新宿〜小田原	代々木上原	True	False	True	True	dynamic_hub	https://wadattsu261.com/stationhome-info/	35.6691	139.6798
odakyu	小田急 小田原線｜新宿〜小田原	東北沢	True	False	True	True	dynamic_hub	https://wadattsu261.com/stationhome-info/	35.665	139.673
odakyu	小田急 小田原線｜新宿〜小田原	下北沢	True	False	True	True	dynamic_hub	https://wadattsu261.com/stationhome-info/	35.6615	139.6668
odakyu	小田急 小田原線｜新宿〜小田原	世田谷代田	True	False	True	True	dynamic_hub	https://wadattsu261.com/stationhome-info/	35.658	139.6615
odakyu	小田急 小田原線｜新宿〜小田原	梅ヶ丘	True	False	True	True	dynamic_hub	https://wadattsu261.com/stationhome-info/	35.655	139.6536
odakyu	小田急 小田原線｜新宿〜小田原	豪徳寺	True	False	True	True	dynamic_hub	https://wadattsu261.com/stationhome-info/	35.6536	139.6476
odakyu	小田急 小田原線｜新宿〜小田原	経堂	True	False	True	True	dynamic_hub	https://wadattsu261.com/stationhome-info/	35.6516	139.6366
odakyu	小田急 小田原線｜新宿〜小田原	千歳船橋	True	False	True	True	dynamic_hub	https://wadattsu261.com/stationhome-info/	35.6479	139.6236
odakyu	小田急 小田原線｜新宿〜小田原	祖師ヶ谷大蔵	True	False	True	True	dynamic_hub	https://wadattsu261.com/stationhome-info/	35.6434	139.6099
odakyu	小田急 小田原線｜新宿〜小田原	成城学園前	True	False	True	True	dynamic_hub	https://wadattsu261.com/stationhome-info/	35.64	139.599
odakyu	小田急 小田原線｜新宿〜小田原	喜多見	True	False	True	True	dynamic_hub	https://wadattsu261.com/stationhome-info/	35.6361	139.5872
odakyu	小田急 小田原線｜新宿〜小田原	狛江	True	False	True	True	dynamic_hub	https://wadattsu261.com/stationhome-info/	35.6328	139.5771
odakyu	小田急 小田原線｜新宿〜小田原	和泉多摩川	True	False	True	True	dynamic_hub	https://wadattsu261.com/stationhome-info/	35.6278	139.5739
odakyu	小田急 小田原線｜新宿〜小田原	登戸	True	False	True	True	dynamic_hub	https://wadattsu261.com/stationhome-info/	35.6207	139.57
odakyu	小田急 小田原線｜新宿〜小田原	向ヶ丘遊園	True	False	True	True	dynamic_hub	https://wadattsu261.com/stationhome-info/	35.6174	139.5648
odakyu	小田急 小田原線｜新宿〜小田原	生田	True	False	True	True	dynamic_hub	https://wadattsu261.com/stationhome-info/	35.6152	139.542
odakyu	小田急 小田原線｜新宿〜小田原	読売ランド前	True	False	True	True	dynamic_hub	https://wadattsu261.com/stationhome-info/	35.6147	139.5274
odakyu	小田急 小田原線｜新宿〜小田原	百合ヶ丘	True	False	True	True	dynamic_hub	https://wadattsu261.com/stationhome-info/	35.6089	139.5167
odakyu	小田急 小田原線｜新宿〜小田原	新百合ヶ丘	True	False	True	True	dynamic_hub	https://wadattsu261.com/stationhome-info/	35.6038	139.5076
odakyu	小田急 小田原線｜新宿〜小田原	柿生	True	False	True	True	dynamic_hub	https://wadattsu261.com/stationhome-info/	35.5895	139.4972
odakyu	小田急 小田原線｜新宿〜小田原	鶴川	True	False	True	True	dynamic_hub	https://wadattsu261.com/stationhome-info/	35.5839	139.4804
odakyu	小田急 小田原線｜新宿〜小田原	玉川学園前	True	False	True	True	dynamic_hub	https://wadattsu261.com/stationhome-info/	35.563	139.463
odakyu	小田急 小田原線｜新宿〜小田原	町田	True	False	True	True	dynamic_hub	https://wadattsu261.com/stationhome-info/	35.542	139.4451
odakyu	小田急 小田原線｜新宿〜小田原	相模大野	True	False	True	True	dynamic_hub	https://wadattsu261.com/stationhome-info/	35.532	139.4379
odakyu	小田急 小田原線｜新宿〜小田原	小田急相模原	True	False	True	True	dynamic_hub	https://wadattsu261.com/stationhome-info/	35.5158	139.4231
odakyu	小田急 小田原線｜新宿〜小田原	相武台前	True	False	True	True	dynamic_hub	https://wadattsu261.com/stationhome-info/	35.4994	139.4077
odakyu	小田急 小田原線｜新宿〜小田原	座間	True	False	True	True	dynamic_hub	https://wadattsu261.com/stationhome-info/	35.4802	139.399
odakyu	小田急 小田原線｜新宿〜小田原	海老名	True	False	True	True	dynamic_hub	https://wadattsu261.com/stationhome-info/	35.4522	139.3909
odakyu	小田急 小田原線｜新宿〜小田原	厚木	True	False	True	True	dynamic_hub	https://wadattsu261.com/stationhome-info/	35.4432	139.3788
odakyu	小田急 小田原線｜新宿〜小田原	本厚木	True	False	True	True	dynamic_hub	https://wadattsu261.com/stationhome-info/	35.439	139.3644
odakyu	小田急 小田原線｜新宿〜小田原	愛甲石田	True	False	True	True	dynamic_hub	https://wadattsu261.com/stationhome-info/	35.4177	139.3443
odakyu	小田急 小田原線｜新宿〜小田原	伊勢原	True	False	True	True	dynamic_hub	https://wadattsu261.com/stationhome-info/	35.3952	139.3135
odakyu	小田急 小田原線｜新宿〜小田原	鶴巻温泉	True	False	True	True	dynamic_hub	https://wadattsu261.com/stationhome-info/	35.3827	139.2788
odakyu	小田急 小田原線｜新宿〜小田原	東海大学前	True	False	True	True	dynamic_hub	https://wadattsu261.com/stationhome-info/	35.3738	139.2717
odakyu	小田急 小田原線｜新宿〜小田原	秦野	True	False	True	True	dynamic_hub	https://wadattsu261.com/stationhome-info/	35.3701	139.2254
odakyu	小田急 小田原線｜新宿〜小田原	渋沢	True	False	True	True	dynamic_hub	https://wadattsu261.com/stationhome-info/	35.3749	139.1838
odakyu	小田急 小田原線｜新宿〜小田原	新松田	True	False	True	True	dynamic_hub	https://wadattsu261.com/stationhome-info/	35.3457	139.1399
odakyu	小田急 小田原線｜新宿〜小田原	開成	True	False	True	True	dynamic_hub	https://wadattsu261.com/stationhome-info/	35.3269	139.1356
odakyu	小田急 小田原線｜新宿〜小田原	栢山	True	False	True	True	dynamic_hub	https://wadattsu261.com/stationhome-info/	35.3102	139.1423
odakyu	小田急 小田原線｜新宿〜小田原	富水	True	False	True	True	dynamic_hub	https://wadattsu261.com/stationhome-info/	35.294	139.1526
odakyu	小田急 小田原線｜新宿〜小田原	螢田	True	False	True	True	dynamic_hub	https://wadattsu261.com/stationhome-info/	35.2818	139.1586
odakyu	小田急 小田原線｜新宿〜小田原	足柄	True	False	True	True	dynamic_hub	https://wadattsu261.com/stationhome-info/	35.2719	139.1548
odakyu	小田急 小田原線｜新宿〜小田原	小田原	True	False	True	True	dynamic_hub	https://wadattsu261.com/stationhome-info/	35.2564	139.1559
keio	京王線｜新宿〜京王八王子	新宿	True	False	True	True	dynamic_all	https://wadattsu261.com/content/ko-keiohome-all-info/	35.6896	139.7006
keio	京王線｜新宿〜京王八王子	笹塚	True	False	True	True	dynamic_all	https://wadattsu261.com/content/ko-keiohome-all-info/	35.6736	139.667
keio	京王線｜新宿〜京王八王子	代田橋	True	False	True	True	dynamic_all	https://wadattsu261.com/content/ko-keiohome-all-info/	35.6712	139.659
keio	京王線｜新宿〜京王八王子	明大前	True	False	True	True	dynamic_all	https://wadattsu261.com/content/ko-keiohome-all-info/	35.6685	139.6503
keio	京王線｜新宿〜京王八王子	下高井戸	True	False	True	True	dynamic_all	https://wadattsu261.com/content/ko-keiohome-all-info/	35.6661	139.6416
keio	京王線｜新宿〜京王八王子	桜上水	True	False	True	True	dynamic_all	https://wadattsu261.com/content/ko-keiohome-all-info/	35.6676	139.6307
keio	京王線｜新宿〜京王八王子	上北沢	True	False	True	True	dynamic_all	https://wadattsu261.com/content/ko-keiohome-all-info/	35.6689	139.6234
keio	京王線｜新宿〜京王八王子	八幡山	True	False	True	True	dynamic_all	https://wadattsu261.com/content/ko-keiohome-all-info/	35.6697	139.6153
keio	京王線｜新宿〜京王八王子	芦花公園	True	False	True	True	dynamic_all	https://wadattsu261.com/content/ko-keiohome-all-info/	35.6705	139.6083
keio	京王線｜新宿〜京王八王子	千歳烏山	True	False	True	True	dynamic_all	https://wadattsu261.com/content/ko-keiohome-all-info/	35.6683	139.6008
keio	京王線｜新宿〜京王八王子	仙川	True	False	True	True	dynamic_all	https://wadattsu261.com/content/ko-keiohome-all-info/	35.6625	139.5849
keio	京王線｜新宿〜京王八王子	つつじヶ丘	True	False	True	True	dynamic_all	https://wadattsu261.com/content/ko-keiohome-all-info/	35.6581	139.5751
keio	京王線｜新宿〜京王八王子	柴崎	True	False	True	True	dynamic_all	https://wadattsu261.com/content/ko-keiohome-all-info/	35.6538	139.5667
keio	京王線｜新宿〜京王八王子	国領	True	False	True	True	dynamic_all	https://wadattsu261.com/content/ko-keiohome-all-info/	35.6501	139.5583
keio	京王線｜新宿〜京王八王子	布田	True	False	True	True	dynamic_all	https://wadattsu261.com/content/ko-keiohome-all-info/	35.6501	139.5516
keio	京王線｜新宿〜京王八王子	調布	True	False	True	True	dynamic_all	https://wadattsu261.com/content/ko-keiohome-all-info/	35.6518	139.5446
keio	京王線｜新宿〜京王八王子	西調布	True	False	True	True	dynamic_all	https://wadattsu261.com/content/ko-keiohome-all-info/	35.6572	139.5305
keio	京王線｜新宿〜京王八王子	飛田給	True	False	True	True	dynamic_all	https://wadattsu261.com/content/ko-keiohome-all-info/	35.6601	139.5231
keio	京王線｜新宿〜京王八王子	武蔵野台	True	False	True	True	dynamic_all	https://wadattsu261.com/content/ko-keiohome-all-info/	35.6647	139.5111
keio	京王線｜新宿〜京王八王子	多磨霊園	True	False	True	True	dynamic_all	https://wadattsu261.com/content/ko-keiohome-all-info/	35.6662	139.5022
keio	京王線｜新宿〜京王八王子	東府中	True	False	True	True	dynamic_all	https://wadattsu261.com/content/ko-keiohome-all-info/	35.669	139.4952
keio	京王線｜新宿〜京王八王子	府中	True	False	True	True	dynamic_all	https://wadattsu261.com/content/ko-keiohome-all-info/	35.6722	139.4802
keio	京王線｜新宿〜京王八王子	分倍河原	True	False	True	True	dynamic_all	https://wadattsu261.com/content/ko-keiohome-all-info/	35.6684	139.4685
keio	京王線｜新宿〜京王八王子	中河原	True	False	True	True	dynamic_all	https://wadattsu261.com/content/ko-keiohome-all-info/	35.659	139.4574
keio	京王線｜新宿〜京王八王子	聖蹟桜ヶ丘	True	False	True	True	dynamic_all	https://wadattsu261.com/content/ko-keiohome-all-info/	35.6506	139.4477
keio	京王線｜新宿〜京王八王子	百草園	True	False	True	True	dynamic_all	https://wadattsu261.com/content/ko-keiohome-all-info/	35.6573	139.4315
keio	京王線｜新宿〜京王八王子	高幡不動	True	False	True	True	dynamic_all	https://wadattsu261.com/content/ko-keiohome-all-info/	35.6621	139.413
keio	京王線｜新宿〜京王八王子	南平	True	False	True	True	dynamic_all	https://wadattsu261.com/content/ko-keiohome-all-info/	35.6544	139.392
keio	京王線｜新宿〜京王八王子	平山城址公園	True	False	True	True	dynamic_all	https://wadattsu261.com/content/ko-keiohome-all-info/	35.6475	139.3795
keio	京王線｜新宿〜京王八王子	長沼	True	False	True	True	dynamic_all	https://wadattsu261.com/content/ko-keiohome-all-info/	35.6427	139.3663
keio	京王線｜新宿〜京王八王子	北野	True	False	True	True	dynamic_all	https://wadattsu261.com/content/ko-keiohome-all-info/	35.6442	139.354
keio	京王線｜新宿〜京王八王子	京王八王子	True	False	True	True	dynamic_all	https://wadattsu261.com/content/ko-keiohome-all-info/	35.6578	139.3435
seibu_ike	西武 池袋線｜池袋〜飯能	池袋	True	False	True	True	dynamic_all	https://wadattsu261.com/content/si-seibuikebukurohome-all-info/	35.7303	139.71
seibu_ike	西武 池袋線｜池袋〜飯能	椎名町	True	False	True	True	dynamic_all	https://wadattsu261.com/content/si-seibuikebukurohome-all-info/	35.7264	139.6941
seibu_ike	西武 池袋線｜池袋〜飯能	東長崎	True	False	True	True	dynamic_all	https://wadattsu261.com/content/si-seibuikebukurohome-all-info/	35.73	139.6834
seibu_ike	西武 池袋線｜池袋〜飯能	江古田	True	False	True	True	dynamic_all	https://wadattsu261.com/content/si-seibuikebukurohome-all-info/	35.7377	139.6729
seibu_ike	西武 池袋線｜池袋〜飯能	桜台	True	False	True	True	dynamic_all	https://wadattsu261.com/content/si-seibuikebukurohome-all-info/	35.7387	139.6617
seibu_ike	西武 池袋線｜池袋〜飯能	練馬	True	False	True	True	dynamic_all	https://wadattsu261.com/content/si-seibuikebukurohome-all-info/	35.7378	139.654
seibu_ike	西武 池袋線｜池袋〜飯能	中村橋	True	False	True	True	dynamic_all	https://wadattsu261.com/content/si-seibuikebukurohome-all-info/	35.7368	139.6375
seibu_ike	西武 池袋線｜池袋〜飯能	富士見台	True	False	True	True	dynamic_all	https://wadattsu261.com/content/si-seibuikebukurohome-all-info/	35.7357	139.6296
seibu_ike	西武 池袋線｜池袋〜飯能	練馬高野台	True	False	True	True	dynamic_all	https://wadattsu261.com/content/si-seibuikebukurohome-all-info/	35.7407	139.6168
seibu_ike	西武 池袋線｜池袋〜飯能	石神井公園	True	False	True	True	dynamic_all	https://wadattsu261.com/content/si-seibuikebukurohome-all-info/	35.7436	139.6068
seibu_ike	西武 池袋線｜池袋〜飯能	大泉学園	True	False	True	True	dynamic_all	https://wadattsu261.com/content/si-seibuikebukurohome-all-info/	35.7494	139.5865
seibu_ike	西武 池袋線｜池袋〜飯能	保谷	True	False	True	True	dynamic_all	https://wadattsu261.com/content/si-seibuikebukurohome-all-info/	35.7482	139.5671
seibu_ike	西武 池袋線｜池袋〜飯能	ひばりヶ丘	True	False	True	True	dynamic_all	https://wadattsu261.com/content/si-seibuikebukurohome-all-info/	35.7516	139.5443
seibu_ike	西武 池袋線｜池袋〜飯能	東久留米	True	False	True	True	dynamic_all	https://wadattsu261.com/content/si-seibuikebukurohome-all-info/	35.76	139.5335
seibu_ike	西武 池袋線｜池袋〜飯能	清瀬	True	False	True	True	dynamic_all	https://wadattsu261.com/content/si-seibuikebukurohome-all-info/	35.772	139.5199
seibu_ike	西武 池袋線｜池袋〜飯能	秋津	True	False	True	True	dynamic_all	https://wadattsu261.com/content/si-seibuikebukurohome-all-info/	35.7788	139.4964
seibu_ike	西武 池袋線｜池袋〜飯能	所沢	True	False	True	True	dynamic_all	https://wadattsu261.com/content/si-seibuikebukurohome-all-info/	35.7867	139.4733
seibu_ike	西武 池袋線｜池袋〜飯能	西所沢	True	False	True	True	dynamic_all	https://wadattsu261.com/content/si-seibuikebukurohome-all-info/	35.7893	139.4563
seibu_ike	西武 池袋線｜池袋〜飯能	小手指	True	False	True	True	dynamic_all	https://wadattsu261.com/content/si-seibuikebukurohome-all-info/	35.8009	139.438
seibu_ike	西武 池袋線｜池袋〜飯能	狭山ヶ丘	True	False	True	True	dynamic_all	https://wadattsu261.com/content/si-seibuikebukurohome-all-info/	35.8107	139.4169
seibu_ike	西武 池袋線｜池袋〜飯能	武蔵藤沢	True	False	True	True	dynamic_all	https://wadattsu261.com/content/si-seibuikebukurohome-all-info/	35.8209	139.4128
seibu_ike	西武 池袋線｜池袋〜飯能	稲荷山公園	True	False	True	True	dynamic_all	https://wadattsu261.com/content/si-seibuikebukurohome-all-info/	35.8441	139.3983
seibu_ike	西武 池袋線｜池袋〜飯能	入間市	True	False	True	True	dynamic_all	https://wadattsu261.com/content/si-seibuikebukurohome-all-info/	35.8428	139.3902
seibu_ike	西武 池袋線｜池袋〜飯能	仏子	True	False	True	True	dynamic_all	https://wadattsu261.com/content/si-seibuikebukurohome-all-info/	35.8376	139.3607
seibu_ike	西武 池袋線｜池袋〜飯能	元加治	True	False	True	True	dynamic_all	https://wadattsu261.com/content/si-seibuikebukurohome-all-info/	35.8406	139.3453
seibu_ike	西武 池袋線｜池袋〜飯能	飯能	True	False	True	True	dynamic_all	https://wadattsu261.com/content/si-seibuikebukurohome-all-info/	35.851	139.3188
tobu_tojo	東武 東上線｜池袋〜小川町	池袋	True	False	True	True	dynamic_all	https://wadattsu261.com/content/tj-tobutojohome-all-info/	35.7303	139.71
tobu_tojo	東武 東上線｜池袋〜小川町	北池袋	True	False	True	True	dynamic_all	https://wadattsu261.com/content/tj-tobutojohome-all-info/	35.741	139.716
tobu_tojo	東武 東上線｜池袋〜小川町	下板橋	True	False	True	True	dynamic_all	https://wadattsu261.com/content/tj-tobutojohome-all-info/	35.7457	139.7148
tobu_tojo	東武 東上線｜池袋〜小川町	大山	True	False	True	True	dynamic_all	https://wadattsu261.com/content/tj-tobutojohome-all-info/	35.748	139.702
tobu_tojo	東武 東上線｜池袋〜小川町	中板橋	True	False	True	True	dynamic_all	https://wadattsu261.com/content/tj-tobutojohome-all-info/	35.756	139.6942
tobu_tojo	東武 東上線｜池袋〜小川町	ときわ台	True	False	True	True	dynamic_all	https://wadattsu261.com/content/tj-tobutojohome-all-info/	35.7588	139.6891
tobu_tojo	東武 東上線｜池袋〜小川町	上板橋	True	False	True	True	dynamic_all	https://wadattsu261.com/content/tj-tobutojohome-all-info/	35.7638	139.6763
tobu_tojo	東武 東上線｜池袋〜小川町	東武練馬	True	False	True	True	dynamic_all	https://wadattsu261.com/content/tj-tobutojohome-all-info/	35.7688	139.661
tobu_tojo	東武 東上線｜池袋〜小川町	下赤塚	True	False	True	True	dynamic_all	https://wadattsu261.com/content/tj-tobutojohome-all-info/	35.7703	139.645
tobu_tojo	東武 東上線｜池袋〜小川町	成増	True	False	True	True	dynamic_all	https://wadattsu261.com/content/tj-tobutojohome-all-info/	35.7777	139.633
tobu_tojo	東武 東上線｜池袋〜小川町	和光市	True	False	True	True	dynamic_all	https://wadattsu261.com/content/tj-tobutojohome-all-info/	35.7885	139.6127
tobu_tojo	東武 東上線｜池袋〜小川町	朝霞	True	False	True	True	dynamic_all	https://wadattsu261.com/content/tj-tobutojohome-all-info/	35.7972	139.6003
tobu_tojo	東武 東上線｜池袋〜小川町	朝霞台	True	False	True	True	dynamic_all	https://wadattsu261.com/content/tj-tobutojohome-all-info/	35.8144	139.587
tobu_tojo	東武 東上線｜池袋〜小川町	志木	True	False	True	True	dynamic_all	https://wadattsu261.com/content/tj-tobutojohome-all-info/	35.8221	139.5753
tobu_tojo	東武 東上線｜池袋〜小川町	柳瀬川	True	False	True	True	dynamic_all	https://wadattsu261.com/content/tj-tobutojohome-all-info/	35.8309	139.5624
tobu_tojo	東武 東上線｜池袋〜小川町	みずほ台	True	False	True	True	dynamic_all	https://wadattsu261.com/content/tj-tobutojohome-all-info/	35.8379	139.5506
tobu_tojo	東武 東上線｜池袋〜小川町	鶴瀬	True	False	True	True	dynamic_all	https://wadattsu261.com/content/tj-tobutojohome-all-info/	35.8456	139.5395
tobu_tojo	東武 東上線｜池袋〜小川町	ふじみ野	True	False	True	True	dynamic_all	https://wadattsu261.com/content/tj-tobutojohome-all-info/	35.8606	139.5233
tobu_tojo	東武 東上線｜池袋〜小川町	上福岡	True	False	True	True	dynamic_all	https://wadattsu261.com/content/tj-tobutojohome-all-info/	35.8738	139.5118
tobu_tojo	東武 東上線｜池袋〜小川町	新河岸	True	False	True	True	dynamic_all	https://wadattsu261.com/content/tj-tobutojohome-all-info/	35.8915	139.4974
tobu_tojo	東武 東上線｜池袋〜小川町	川越	True	False	True	True	dynamic_all	https://wadattsu261.com/content/tj-tobutojohome-all-info/	35.9071	139.483
tobu_tojo	東武 東上線｜池袋〜小川町	川越市	True	False	True	True	dynamic_all	https://wadattsu261.com/content/tj-tobutojohome-all-info/	35.9141	139.477
tobu_tojo	東武 東上線｜池袋〜小川町	霞ヶ関	True	False	True	True	dynamic_all	https://wadattsu261.com/content/tj-tobutojohome-all-info/	35.9256	139.4428
tobu_tojo	東武 東上線｜池袋〜小川町	鶴ヶ島	True	False	True	True	dynamic_all	https://wadattsu261.com/content/tj-tobutojohome-all-info/	35.9365	139.4236
tobu_tojo	東武 東上線｜池袋〜小川町	若葉	True	False	True	True	dynamic_all	https://wadattsu261.com/content/tj-tobutojohome-all-info/	35.9489	139.4084
tobu_tojo	東武 東上線｜池袋〜小川町	坂戸	True	False	True	True	dynamic_all	https://wadattsu261.com/content/tj-tobutojohome-all-info/	35.9572	139.3959
tobu_tojo	東武 東上線｜池袋〜小川町	北坂戸	True	False	True	True	dynamic_all	https://wadattsu261.com/content/tj-tobutojohome-all-info/	35.9729	139.3978
tobu_tojo	東武 東上線｜池袋〜小川町	高坂	True	False	True	True	dynamic_all	https://wadattsu261.com/content/tj-tobutojohome-all-info/	36.0025	139.3978
tobu_tojo	東武 東上線｜池袋〜小川町	東松山	True	False	True	True	dynamic_all	https://wadattsu261.com/content/tj-tobutojohome-all-info/	36.034	139.4019
tobu_tojo	東武 東上線｜池袋〜小川町	森林公園	True	False	True	True	dynamic_all	https://wadattsu261.com/content/tj-tobutojohome-all-info/	36.045	139.3746
tobu_tojo	東武 東上線｜池袋〜小川町	つきのわ	True	False	True	True	dynamic_all	https://wadattsu261.com/content/tj-tobutojohome-all-info/	36.0431	139.3451
tobu_tojo	東武 東上線｜池袋〜小川町	武蔵嵐山	True	False	True	True	dynamic_all	https://wadattsu261.com/content/tj-tobutojohome-all-info/	36.0442	139.3285
tobu_tojo	東武 東上線｜池袋〜小川町	小川町（東武）	True	False	True	True	dynamic_all	https://wadattsu261.com/content/tj-tobutojohome-all-info/	36.0591	139.2605
keio_new	京王新線｜新宿〜笹塚	新宿	True	False	True	True	dynamic_all	https://wadattsu261.com/content/ko-keiohome-all-info/	35.6896	139.7006
keio_new	京王新線｜新宿〜笹塚	初台	True	False	True	True	dynamic_all	https://wadattsu261.com/content/ko-keiohome-all-info/	35.681	139.686
keio_new	京王新線｜新宿〜笹塚	幡ヶ谷	True	False	True	True	dynamic_all	https://wadattsu261.com/content/ko-keiohome-all-info/	35.6773	139.6763
keio_new	京王新線｜新宿〜笹塚	笹塚	True	False	True	True	dynamic_all	https://wadattsu261.com/content/ko-keiohome-all-info/	35.6736	139.667
toei_a	都営浅草線｜西馬込〜押上	西馬込	False	True	True	True	dynamic_all	https://wadattsu261.com/content/a-toeiasakusahome-all-info/		
toei_a	都営浅草線｜西馬込〜押上	馬込	False	True	True	True	dynamic_all	https://wadattsu261.com/content/a-toeiasakusahome-all-info/		
toei_a	都営浅草線｜西馬込〜押上	中延	False	True	True	True	dynamic_all	https://wadattsu261.com/content/a-toeiasakusahome-all-info/		
toei_a	都営浅草線｜西馬込〜押上	戸越	False	True	True	True	dynamic_all	https://wadattsu261.com/content/a-toeiasakusahome-all-info/		
toei_a	都営浅草線｜西馬込〜押上	五反田	False	True	True	True	dynamic_all	https://wadattsu261.com/content/a-toeiasakusahome-all-info/		
toei_a	都営浅草線｜西馬込〜押上	高輪台	False	True	True	True	dynamic_all	https://wadattsu261.com/content/a-toeiasakusahome-all-info/		
toei_a	都営浅草線｜西馬込〜押上	泉岳寺	False	True	True	True	dynamic_all	https://wadattsu261.com/content/a-toeiasakusahome-all-info/		
toei_a	都営浅草線｜西馬込〜押上	三田	False	True	True	True	dynamic_all	https://wadattsu261.com/content/a-toeiasakusahome-all-info/		
toei_a	都営浅草線｜西馬込〜押上	大門	False	True	True	True	dynamic_all	https://wadattsu261.com/content/a-toeiasakusahome-all-info/		
toei_a	都営浅草線｜西馬込〜押上	新橋	False	True	True	True	dynamic_all	https://wadattsu261.com/content/a-toeiasakusahome-all-info/		
toei_a	都営浅草線｜西馬込〜押上	東銀座	False	True	True	True	dynamic_all	https://wadattsu261.com/content/a-toeiasakusahome-all-info/		
toei_a	都営浅草線｜西馬込〜押上	宝町	False	True	True	True	dynamic_all	https://wadattsu261.com/content/a-toeiasakusahome-all-info/		
toei_a	都営浅草線｜西馬込〜押上	日本橋	False	True	True	True	dynamic_all	https://wadattsu261.com/content/a-toeiasakusahome-all-info/		
toei_a	都営浅草線｜西馬込〜押上	人形町	False	True	True	True	dynamic_all	https://wadattsu261.com/content/a-toeiasakusahome-all-info/		
toei_a	都営浅草線｜西馬込〜押上	東日本橋	False	True	True	True	dynamic_all	https://wadattsu261.com/content/a-toeiasakusahome-all-info/		
toei_a	都営浅草線｜西馬込〜押上	浅草橋	False	True	True	True	dynamic_all	https://wadattsu261.com/content/a-toeiasakusahome-all-info/		
toei_a	都営浅草線｜西馬込〜押上	蔵前	False	True	True	True	dynamic_all	https://wadattsu261.com/content/a-toeiasakusahome-all-info/		
toei_a	都営浅草線｜西馬込〜押上	浅草	False	True	True	True	dynamic_all	https://wadattsu261.com/content/a-toeiasakusahome-all-info/		
toei_a	都営浅草線｜西馬込〜押上	本所吾妻橋	False	True	True	True	dynamic_all	https://wadattsu261.com/content/a-toeiasakusahome-all-info/		
toei_a	都営浅草線｜西馬込〜押上	押上	False	True	True	True	dynamic_all	https://wadattsu261.com/content/a-toeiasakusahome-all-info/		
toei_i	都営三田線｜目黒〜西高島平	目黒	False	True	True	True	dynamic_all	https://wadattsu261.com/content/i-toeimitahome-all-info/		
toei_i	都営三田線｜目黒〜西高島平	白金台	False	True	True	True	dynamic_all	https://wadattsu261.com/content/i-toeimitahome-all-info/		
toei_i	都営三田線｜目黒〜西高島平	白金高輪	False	True	True	True	dynamic_all	https://wadattsu261.com/content/i-toeimitahome-all-info/		
toei_i	都営三田線｜目黒〜西高島平	三田	False	True	True	True	dynamic_all	https://wadattsu261.com/content/i-toeimitahome-all-info/		
toei_i	都営三田線｜目黒〜西高島平	芝公園	False	True	True	True	dynamic_all	https://wadattsu261.com/content/i-toeimitahome-all-info/		
toei_i	都営三田線｜目黒〜西高島平	御成門	False	True	True	True	dynamic_all	https://wadattsu261.com/content/i-toeimitahome-all-info/		
toei_i	都営三田線｜目黒〜西高島平	内幸町	False	True	True	True	dynamic_all	https://wadattsu261.com/content/i-toeimitahome-all-info/		
toei_i	都営三田線｜目黒〜西高島平	日比谷	False	True	True	True	dynamic_all	https://wadattsu261.com/content/i-toeimitahome-all-info/		
toei_i	都営三田線｜目黒〜西高島平	大手町	False	True	True	True	dynamic_all	https://wadattsu261.com/content/i-toeimitahome-all-info/		
toei_i	都営三田線｜目黒〜西高島平	神保町	False	True	True	True	dynamic_all	https://wadattsu261.com/content/i-toeimitahome-all-info/		
toei_i	都営三田線｜目黒〜西高島平	水道橋	False	True	True	True	dynamic_all	https://wadattsu261.com/content/i-toeimitahome-all-info/		
toei_i	都営三田線｜目黒〜西高島平	春日	False	True	True	True	dynamic_all	https://wadattsu261.com/content/i-toeimitahome-all-info/		
toei_i	都営三田線｜目黒〜西高島平	白山	False	True	True	True	dynamic_all	https://wadattsu261.com/content/i-toeimitahome-all-info/		
toei_i	都営三田線｜目黒〜西高島平	千石	False	True	True	True	dynamic_all	https://wadattsu261.com/content/i-toeimitahome-all-info/		
toei_i	都営三田線｜目黒〜西高島平	巣鴨	False	True	True	True	dynamic_all	https://wadattsu261.com/content/i-toeimitahome-all-info/		
toei_i	都営三田線｜目黒〜西高島平	西巣鴨	False	True	True	True	dynamic_all	https://wadattsu261.com/content/i-toeimitahome-all-info/		
toei_i	都営三田線｜目黒〜西高島平	新板橋	False	True	True	True	dynamic_all	https://wadattsu261.com/content/i-toeimitahome-all-info/		
toei_i	都営三田線｜目黒〜西高島平	板橋区役所前	False	True	True	True	dynamic_all	https://wadattsu261.com/content/i-toeimitahome-all-info/		
toei_i	都営三田線｜目黒〜西高島平	板橋本町	False	True	True	True	dynamic_all	https://wadattsu261.com/content/i-toeimitahome-all-info/		
toei_i	都営三田線｜目黒〜西高島平	本蓮沼	False	True	True	True	dynamic_all	https://wadattsu261.com/content/i-toeimitahome-all-info/		
toei_i	都営三田線｜目黒〜西高島平	志村坂上	False	True	True	True	dynamic_all	https://wadattsu261.com/content/i-toeimitahome-all-info/		
toei_i	都営三田線｜目黒〜西高島平	志村三丁目	False	True	True	True	dynamic_all	https://wadattsu261.com/content/i-toeimitahome-all-info/		
toei_i	都営三田線｜目黒〜西高島平	蓮根	False	True	True	True	dynamic_all	https://wadattsu261.com/content/i-toeimitahome-all-info/		
toei_i	都営三田線｜目黒〜西高島平	西台	False	True	True	True	dynamic_all	https://wadattsu261.com/content/i-toeimitahome-all-info/		
toei_i	都営三田線｜目黒〜西高島平	高島平	False	True	True	True	dynamic_all	https://wadattsu261.com/content/i-toeimitahome-all-info/		
toei_i	都営三田線｜目黒〜西高島平	新高島平	False	True	True	True	dynamic_all	https://wadattsu261.com/content/i-toeimitahome-all-info/		
toei_i	都営三田線｜目黒〜西高島平	西高島平	False	True	True	True	dynamic_all	https://wadattsu261.com/content/i-toeimitahome-all-info/		
toei_s	都営新宿線｜新宿〜本八幡	新宿	False	True	True	True	dynamic_all	https://wadattsu261.com/content/s-toeishinjukuhome-all-info/		
toei_s	都営新宿線｜新宿〜本八幡	新宿三丁目	False	True	True	True	dynamic_all	https://wadattsu261.com/content/s-toeishinjukuhome-all-info/		
toei_s	都営新宿線｜新宿〜本八幡	曙橋	False	True	True	True	dynamic_all	https://wadattsu261.com/content/s-toeishinjukuhome-all-info/		
toei_s	都営新宿線｜新宿〜本八幡	市ヶ谷	False	True	True	True	dynamic_all	https://wadattsu261.com/content/s-toeishinjukuhome-all-info/		
toei_s	都営新宿線｜新宿〜本八幡	九段下	False	True	True	True	dynamic_all	https://wadattsu261.com/content/s-toeishinjukuhome-all-info/		
toei_s	都営新宿線｜新宿〜本八幡	神保町	False	True	True	True	dynamic_all	https://wadattsu261.com/content/s-toeishinjukuhome-all-info/		
toei_s	都営新宿線｜新宿〜本八幡	小川町	False	True	True	True	dynamic_all	https://wadattsu261.com/content/s-toeishinjukuhome-all-info/		
toei_s	都営新宿線｜新宿〜本八幡	岩本町	False	True	True	True	dynamic_all	https://wadattsu261.com/content/s-toeishinjukuhome-all-info/		
toei_s	都営新宿線｜新宿〜本八幡	馬喰横山	False	True	True	True	dynamic_all	https://wadattsu261.com/content/s-toeishinjukuhome-all-info/		
toei_s	都営新宿線｜新宿〜本八幡	浜町	False	True	True	True	dynamic_all	https://wadattsu261.com/content/s-toeishinjukuhome-all-info/		
toei_s	都営新宿線｜新宿〜本八幡	森下	False	True	True	True	dynamic_all	https://wadattsu261.com/content/s-toeishinjukuhome-all-info/		
toei_s	都営新宿線｜新宿〜本八幡	菊川	False	True	True	True	dynamic_all	https://wadattsu261.com/content/s-toeishinjukuhome-all-info/		
toei_s	都営新宿線｜新宿〜本八幡	住吉	False	True	True	True	dynamic_all	https://wadattsu261.com/content/s-toeishinjukuhome-all-info/		
toei_s	都営新宿線｜新宿〜本八幡	西大島	False	True	True	True	dynamic_all	https://wadattsu261.com/content/s-toeishinjukuhome-all-info/		
toei_s	都営新宿線｜新宿〜本八幡	大島	False	True	True	True	dynamic_all	https://wadattsu261.com/content/s-toeishinjukuhome-all-info/		
toei_s	都営新宿線｜新宿〜本八幡	東大島	False	True	True	True	dynamic_all	https://wadattsu261.com/content/s-toeishinjukuhome-all-info/		
toei_s	都営新宿線｜新宿〜本八幡	船堀	False	True	True	True	dynamic_all	https://wadattsu261.com/content/s-toeishinjukuhome-all-info/		
toei_s	都営新宿線｜新宿〜本八幡	一之江	False	True	True	True	dynamic_all	https://wadattsu261.com/content/s-toeishinjukuhome-all-info/		
toei_s	都営新宿線｜新宿〜本八幡	瑞江	False	True	True	True	dynamic_all	https://wadattsu261.com/content/s-toeishinjukuhome-all-info/		
toei_s	都営新宿線｜新宿〜本八幡	篠崎	False	True	True	True	dynamic_all	https://wadattsu261.com/content/s-toeishinjukuhome-all-info/		
toei_s	都営新宿線｜新宿〜本八幡	本八幡	False	True	True	True	dynamic_all	https://wadattsu261.com/content/s-toeishinjukuhome-all-info/		
toei_e	都営大江戸線｜光が丘〜都庁前〜環状部	新宿西口	False	True	True	True	dynamic_all	https://wadattsu261.com/content/e-toeioedohome-all-info/		
toei_e	都営大江戸線｜光が丘〜都庁前〜環状部	東新宿	False	True	True	True	dynamic_all	https://wadattsu261.com/content/e-toeioedohome-all-info/		
toei_e	都営大江戸線｜光が丘〜都庁前〜環状部	若松河田	False	True	True	True	dynamic_all	https://wadattsu261.com/content/e-toeioedohome-all-info/		
toei_e	都営大江戸線｜光が丘〜都庁前〜環状部	牛込柳町	False	True	True	True	dynamic_all	https://wadattsu261.com/content/e-toeioedohome-all-info/		
toei_e	都営大江戸線｜光が丘〜都庁前〜環状部	牛込神楽坂	False	True	True	True	dynamic_all	https://wadattsu261.com/content/e-toeioedohome-all-info/		
toei_e	都営大江戸線｜光が丘〜都庁前〜環状部	飯田橋	False	True	True	True	dynamic_all	https://wadattsu261.com/content/e-toeioedohome-all-info/		
toei_e	都営大江戸線｜光が丘〜都庁前〜環状部	春日	False	True	True	True	dynamic_all	https://wadattsu261.com/content/e-toeioedohome-all-info/		
toei_e	都営大江戸線｜光が丘〜都庁前〜環状部	本郷三丁目	False	True	True	True	dynamic_all	https://wadattsu261.com/content/e-toeioedohome-all-info/		
toei_e	都営大江戸線｜光が丘〜都庁前〜環状部	上野御徒町	False	True	True	True	dynamic_all	https://wadattsu261.com/content/e-toeioedohome-all-info/		
toei_e	都営大江戸線｜光が丘〜都庁前〜環状部	新御徒町	False	True	True	True	dynamic_all	https://wadattsu261.com/content/e-toeioedohome-all-info/		
toei_e	都営大江戸線｜光が丘〜都庁前〜環状部	蔵前	False	True	True	True	dynamic_all	https://wadattsu261.com/content/e-toeioedohome-all-info/		
toei_e	都営大江戸線｜光が丘〜都庁前〜環状部	両国	False	True	True	True	dynamic_all	https://wadattsu261.com/content/e-toeioedohome-all-info/		
toei_e	都営大江戸線｜光が丘〜都庁前〜環状部	森下	False	True	True	True	dynamic_all	https://wadattsu261.com/content/e-toeioedohome-all-info/		
toei_e	都営大江戸線｜光が丘〜都庁前〜環状部	清澄白河	False	True	True	True	dynamic_all	https://wadattsu261.com/content/e-toeioedohome-all-info/		
toei_e	都営大江戸線｜光が丘〜都庁前〜環状部	門前仲町	False	True	True	True	dynamic_all	https://wadattsu261.com/content/e-toeioedohome-all-info/		
toei_e	都営大江戸線｜光が丘〜都庁前〜環状部	月島	False	True	True	True	dynamic_all	https://wadattsu261.com/content/e-toeioedohome-all-info/		
toei_e	都営大江戸線｜光が丘〜都庁前〜環状部	勝どき	False	True	True	True	dynamic_all	https://wadattsu261.com/content/e-toeioedohome-all-info/		
toei_e	都営大江戸線｜光が丘〜都庁前〜環状部	築地市場	False	True	True	True	dynamic_all	https://wadattsu261.com/content/e-toeioedohome-all-info/		
toei_e	都営大江戸線｜光が丘〜都庁前〜環状部	汐留	False	True	True	True	dynamic_all	https://wadattsu261.com/content/e-toeioedohome-all-info/		
toei_e	都営大江戸線｜光が丘〜都庁前〜環状部	大門	False	True	True	True	dynamic_all	https://wadattsu261.com/content/e-toeioedohome-all-info/		
toei_e	都営大江戸線｜光が丘〜都庁前〜環状部	赤羽橋	False	True	True	True	dynamic_all	https://wadattsu261.com/content/e-toeioedohome-all-info/		
toei_e	都営大江戸線｜光が丘〜都庁前〜環状部	麻布十番	False	True	True	True	dynamic_all	https://wadattsu261.com/content/e-toeioedohome-all-info/		
toei_e	都営大江戸線｜光が丘〜都庁前〜環状部	六本木	False	True	True	True	dynamic_all	https://wadattsu261.com/content/e-toeioedohome-all-info/		
toei_e	都営大江戸線｜光が丘〜都庁前〜環状部	青山一丁目	False	True	True	True	dynamic_all	https://wadattsu261.com/content/e-toeioedohome-all-info/		
toei_e	都営大江戸線｜光が丘〜都庁前〜環状部	国立競技場	False	True	True	True	dynamic_all	https://wadattsu261.com/content/e-toeioedohome-all-info/		
toei_e	都営大江戸線｜光が丘〜都庁前〜環状部	代々木	False	True	True	True	dynamic_all	https://wadattsu261.com/content/e-toeioedohome-all-info/		
toei_e	都営大江戸線｜光が丘〜都庁前〜環状部	新宿	False	True	True	True	dynamic_all	https://wadattsu261.com/content/e-toeioedohome-all-info/		
toei_e	都営大江戸線｜光が丘〜都庁前〜環状部	都庁前	False	True	True	True	dynamic_all	https://wadattsu261.com/content/e-toeioedohome-all-info/		
toei_e	都営大江戸線｜光が丘〜都庁前〜環状部	西新宿五丁目	False	True	True	True	dynamic_all	https://wadattsu261.com/content/e-toeioedohome-all-info/		
toei_e	都営大江戸線｜光が丘〜都庁前〜環状部	中野坂上	False	True	True	True	dynamic_all	https://wadattsu261.com/content/e-toeioedohome-all-info/		
toei_e	都営大江戸線｜光が丘〜都庁前〜環状部	東中野	False	True	True	True	dynamic_all	https://wadattsu261.com/content/e-toeioedohome-all-info/		
toei_e	都営大江戸線｜光が丘〜都庁前〜環状部	中井	False	True	True	True	dynamic_all	https://wadattsu261.com/content/e-toeioedohome-all-info/		
toei_e	都営大江戸線｜光が丘〜都庁前〜環状部	落合南長崎	False	True	True	True	dynamic_all	https://wadattsu261.com/content/e-toeioedohome-all-info/		
toei_e	都営大江戸線｜光が丘〜都庁前〜環状部	新江古田	False	True	True	True	dynamic_all	https://wadattsu261.com/content/e-toeioedohome-all-info/		
toei_e	都営大江戸線｜光が丘〜都庁前〜環状部	練馬	False	True	True	True	dynamic_all	https://wadattsu261.com/content/e-toeioedohome-all-info/		
toei_e	都営大江戸線｜光が丘〜都庁前〜環状部	豊島園	False	True	True	True	dynamic_all	https://wadattsu261.com/content/e-toeioedohome-all-info/		
toei_e	都営大江戸線｜光が丘〜都庁前〜環状部	練馬春日町	False	True	True	True	dynamic_all	https://wadattsu261.com/content/e-toeioedohome-all-info/		
toei_e	都営大江戸線｜光が丘〜都庁前〜環状部	光が丘	False	True	True	True	dynamic_all	https://wadattsu261.com/content/e-toeioedohome-all-info/		
seibu_shinjuku	西武新宿線｜西武新宿〜本川越	西武新宿	False	True	True	True	dynamic_all	https://wadattsu261.com/content/ss-seibushinjukuhome-all-info/		
seibu_shinjuku	西武新宿線｜西武新宿〜本川越	高田馬場	False	True	True	True	dynamic_all	https://wadattsu261.com/content/ss-seibushinjukuhome-all-info/		
seibu_shinjuku	西武新宿線｜西武新宿〜本川越	下落合	False	True	True	True	dynamic_all	https://wadattsu261.com/content/ss-seibushinjukuhome-all-info/		
seibu_shinjuku	西武新宿線｜西武新宿〜本川越	中井	False	True	True	True	dynamic_all	https://wadattsu261.com/content/ss-seibushinjukuhome-all-info/		
seibu_shinjuku	西武新宿線｜西武新宿〜本川越	新井薬師前	False	True	True	True	dynamic_all	https://wadattsu261.com/content/ss-seibushinjukuhome-all-info/		
seibu_shinjuku	西武新宿線｜西武新宿〜本川越	沼袋	False	True	True	True	dynamic_all	https://wadattsu261.com/content/ss-seibushinjukuhome-all-info/		
seibu_shinjuku	西武新宿線｜西武新宿〜本川越	野方	False	True	True	True	dynamic_all	https://wadattsu261.com/content/ss-seibushinjukuhome-all-info/		
seibu_shinjuku	西武新宿線｜西武新宿〜本川越	都立家政	False	True	True	True	dynamic_all	https://wadattsu261.com/content/ss-seibushinjukuhome-all-info/		
seibu_shinjuku	西武新宿線｜西武新宿〜本川越	鷺ノ宮	False	True	True	True	dynamic_all	https://wadattsu261.com/content/ss-seibushinjukuhome-all-info/		
seibu_shinjuku	西武新宿線｜西武新宿〜本川越	下井草	False	True	True	True	dynamic_all	https://wadattsu261.com/content/ss-seibushinjukuhome-all-info/		
seibu_shinjuku	西武新宿線｜西武新宿〜本川越	井荻	False	True	True	True	dynamic_all	https://wadattsu261.com/content/ss-seibushinjukuhome-all-info/		
seibu_shinjuku	西武新宿線｜西武新宿〜本川越	上井草	False	True	True	True	dynamic_all	https://wadattsu261.com/content/ss-seibushinjukuhome-all-info/		
seibu_shinjuku	西武新宿線｜西武新宿〜本川越	上石神井	False	True	True	True	dynamic_all	https://wadattsu261.com/content/ss-seibushinjukuhome-all-info/		
seibu_shinjuku	西武新宿線｜西武新宿〜本川越	武蔵関	False	True	True	True	dynamic_all	https://wadattsu261.com/content/ss-seibushinjukuhome-all-info/		
seibu_shinjuku	西武新宿線｜西武新宿〜本川越	東伏見	False	True	True	True	dynamic_all	https://wadattsu261.com/content/ss-seibushinjukuhome-all-info/		
seibu_shinjuku	西武新宿線｜西武新宿〜本川越	西武柳沢	False	True	True	True	dynamic_all	https://wadattsu261.com/content/ss-seibushinjukuhome-all-info/		
seibu_shinjuku	西武新宿線｜西武新宿〜本川越	田無	False	True	True	True	dynamic_all	https://wadattsu261.com/content/ss-seibushinjukuhome-all-info/		
seibu_shinjuku	西武新宿線｜西武新宿〜本川越	花小金井	False	True	True	True	dynamic_all	https://wadattsu261.com/content/ss-seibushinjukuhome-all-info/		
seibu_shinjuku	西武新宿線｜西武新宿〜本川越	小平	False	True	True	True	dynamic_all	https://wadattsu261.com/content/ss-seibushinjukuhome-all-info/		
seibu_shinjuku	西武新宿線｜西武新宿〜本川越	久米川	False	True	True	True	dynamic_all	https://wadattsu261.com/content/ss-seibushinjukuhome-all-info/		
seibu_shinjuku	西武新宿線｜西武新宿〜本川越	東村山	False	True	True	True	dynamic_all	https://wadattsu261.com/content/ss-seibushinjukuhome-all-info/		
seibu_shinjuku	西武新宿線｜西武新宿〜本川越	所沢	False	True	True	True	dynamic_all	https://wadattsu261.com/content/ss-seibushinjukuhome-all-info/		
seibu_shinjuku	西武新宿線｜西武新宿〜本川越	航空公園	False	True	True	True	dynamic_all	https://wadattsu261.com/content/ss-seibushinjukuhome-all-info/		
seibu_shinjuku	西武新宿線｜西武新宿〜本川越	新所沢	False	True	True	True	dynamic_all	https://wadattsu261.com/content/ss-seibushinjukuhome-all-info/		
seibu_shinjuku	西武新宿線｜西武新宿〜本川越	入曽	False	True	True	True	dynamic_all	https://wadattsu261.com/content/ss-seibushinjukuhome-all-info/		
seibu_shinjuku	西武新宿線｜西武新宿〜本川越	狭山市	False	True	True	True	dynamic_all	https://wadattsu261.com/content/ss-seibushinjukuhome-all-info/		
seibu_shinjuku	西武新宿線｜西武新宿〜本川越	新狭山	False	True	True	True	dynamic_all	https://wadattsu261.com/content/ss-seibushinjukuhome-all-info/		
seibu_shinjuku	西武新宿線｜西武新宿〜本川越	南大塚	False	True	True	True	dynamic_all	https://wadattsu261.com/content/ss-seibushinjukuhome-all-info/		
seibu_shinjuku	西武新宿線｜西武新宿〜本川越	本川越	False	True	True	True	dynamic_all	https://wadattsu261.com/content/ss-seibushinjukuhome-all-info/		
rinkai	りんかい線｜大崎〜新木場	大崎	False	True	True	True	dynamic_all	https://wadattsu261.com/content/r-rinkaihome-all-info/		
rinkai	りんかい線｜大崎〜新木場	大井町	False	True	True	True	dynamic_all	https://wadattsu261.com/content/r-rinkaihome-all-info/		
rinkai	りんかい線｜大崎〜新木場	品川シーサイド	False	True	True	True	dynamic_all	https://wadattsu261.com/content/r-rinkaihome-all-info/		
rinkai	りんかい線｜大崎〜新木場	天王洲アイル	False	True	True	True	dynamic_all	https://wadattsu261.com/content/r-rinkaihome-all-info/		
rinkai	りんかい線｜大崎〜新木場	東京テレポート	False	True	True	True	dynamic_all	https://wadattsu261.com/content/r-rinkaihome-all-info/		
rinkai	りんかい線｜大崎〜新木場	国際展示場	False	True	True	True	dynamic_all	https://wadattsu261.com/content/r-rinkaihome-all-info/		
rinkai	りんかい線｜大崎〜新木場	東雲	False	True	True	True	dynamic_all	https://wadattsu261.com/content/r-rinkaihome-all-info/		
rinkai	りんかい線｜大崎〜新木場	新木場	False	True	True	True	dynamic_all	https://wadattsu261.com/content/r-rinkaihome-all-info/		
oimachi	東急大井町線｜大井町〜溝の口	大井町	False	True	True	True	dynamic_all	https://wadattsu261.com/content/om-tokyuoimachihome-all-info/		
oimachi	東急大井町線｜大井町〜溝の口	下神明	False	True	True	True	dynamic_all	https://wadattsu261.com/content/om-tokyuoimachihome-all-info/		
oimachi	東急大井町線｜大井町〜溝の口	戸越公園	False	True	True	True	dynamic_all	https://wadattsu261.com/content/om-tokyuoimachihome-all-info/		
oimachi	東急大井町線｜大井町〜溝の口	中延	False	True	True	True	dynamic_all	https://wadattsu261.com/content/om-tokyuoimachihome-all-info/		
oimachi	東急大井町線｜大井町〜溝の口	荏原町	False	True	True	True	dynamic_all	https://wadattsu261.com/content/om-tokyuoimachihome-all-info/		
oimachi	東急大井町線｜大井町〜溝の口	旗の台	False	True	True	True	dynamic_all	https://wadattsu261.com/content/om-tokyuoimachihome-all-info/		
oimachi	東急大井町線｜大井町〜溝の口	北千束	False	True	True	True	dynamic_all	https://wadattsu261.com/content/om-tokyuoimachihome-all-info/		
oimachi	東急大井町線｜大井町〜溝の口	大岡山	False	True	True	True	dynamic_all	https://wadattsu261.com/content/om-tokyuoimachihome-all-info/		
oimachi	東急大井町線｜大井町〜溝の口	緑が丘	False	True	True	True	dynamic_all	https://wadattsu261.com/content/om-tokyuoimachihome-all-info/		
oimachi	東急大井町線｜大井町〜溝の口	自由が丘	False	True	True	True	dynamic_all	https://wadattsu261.com/content/om-tokyuoimachihome-all-info/		
oimachi	東急大井町線｜大井町〜溝の口	九品仏	False	True	True	True	dynamic_all	https://wadattsu261.com/content/om-tokyuoimachihome-all-info/		
oimachi	東急大井町線｜大井町〜溝の口	尾山台	False	True	True	True	dynamic_all	https://wadattsu261.com/content/om-tokyuoimachihome-all-info/		
oimachi	東急大井町線｜大井町〜溝の口	等々力	False	True	True	True	dynamic_all	https://wadattsu261.com/content/om-tokyuoimachihome-all-info/		
oimachi	東急大井町線｜大井町〜溝の口	上野毛	False	True	True	True	dynamic_all	https://wadattsu261.com/content/om-tokyuoimachihome-all-info/		
oimachi	東急大井町線｜大井町〜溝の口	二子玉川	False	True	True	True	dynamic_all	https://wadattsu261.com/content/om-tokyuoimachihome-all-info/		
oimachi	東急大井町線｜大井町〜溝の口	溝の口	False	True	True	True	dynamic_all	https://wadattsu261.com/content/om-tokyuoimachihome-all-info/		
tx	つくばエクスプレス｜秋葉原〜つくば	秋葉原	False	True	True	True	dynamic_hub	https://wadattsu261.com/tx-tsukubaexpresshome-info/		
tx	つくばエクスプレス｜秋葉原〜つくば	新御徒町	False	True	True	True	dynamic_hub	https://wadattsu261.com/tx-tsukubaexpresshome-info/		
tx	つくばエクスプレス｜秋葉原〜つくば	浅草	False	True	True	True	dynamic_hub	https://wadattsu261.com/tx-tsukubaexpresshome-info/		
tx	つくばエクスプレス｜秋葉原〜つくば	南千住	False	True	True	True	dynamic_hub	https://wadattsu261.com/tx-tsukubaexpresshome-info/		
tx	つくばエクスプレス｜秋葉原〜つくば	北千住	False	True	True	True	dynamic_hub	https://wadattsu261.com/tx-tsukubaexpresshome-info/		
tx	つくばエクスプレス｜秋葉原〜つくば	青井	False	True	False	False	source_not_listed	https://wadattsu261.com/tx-tsukubaexpresshome-info/		
tx	つくばエクスプレス｜秋葉原〜つくば	六町	False	True	False	False	source_not_listed	https://wadattsu261.com/tx-tsukubaexpresshome-info/		
tx	つくばエクスプレス｜秋葉原〜つくば	八潮	False	True	True	True	dynamic_hub	https://wadattsu261.com/tx-tsukubaexpresshome-info/		
tx	つくばエクスプレス｜秋葉原〜つくば	三郷中央	False	True	True	True	dynamic_hub	https://wadattsu261.com/tx-tsukubaexpresshome-info/		
tx	つくばエクスプレス｜秋葉原〜つくば	南流山	False	True	True	True	dynamic_hub	https://wadattsu261.com/tx-tsukubaexpresshome-info/		
tx	つくばエクスプレス｜秋葉原〜つくば	流山セントラルパーク	False	True	True	True	dynamic_hub	https://wadattsu261.com/tx-tsukubaexpresshome-info/		
tx	つくばエクスプレス｜秋葉原〜つくば	流山おおたかの森	False	True	True	True	dynamic_hub	https://wadattsu261.com/tx-tsukubaexpresshome-info/		
tx	つくばエクスプレス｜秋葉原〜つくば	柏の葉キャンパス	False	True	False	False	source_not_listed	https://wadattsu261.com/tx-tsukubaexpresshome-info/		
tx	つくばエクスプレス｜秋葉原〜つくば	柏たなか	False	True	False	False	source_not_listed	https://wadattsu261.com/tx-tsukubaexpresshome-info/		
tx	つくばエクスプレス｜秋葉原〜つくば	守谷	False	True	False	False	source_not_listed	https://wadattsu261.com/tx-tsukubaexpresshome-info/		
tx	つくばエクスプレス｜秋葉原〜つくば	みらい平	False	True	False	False	source_not_listed	https://wadattsu261.com/tx-tsukubaexpresshome-info/		
tx	つくばエクスプレス｜秋葉原〜つくば	みどりの	False	True	False	False	source_not_listed	https://wadattsu261.com/tx-tsukubaexpresshome-info/		
tx	つくばエクスプレス｜秋葉原〜つくば	万博記念公園	False	True	False	False	source_not_listed	https://wadattsu261.com/tx-tsukubaexpresshome-info/		
tx	つくばエクスプレス｜秋葉原〜つくば	研究学園	False	True	False	False	source_not_listed	https://wadattsu261.com/tx-tsukubaexpresshome-info/		
tx	つくばエクスプレス｜秋葉原〜つくば	つくば	False	True	False	False	source_not_listed	https://wadattsu261.com/tx-tsukubaexpresshome-info/		
monorail	東京モノレール｜浜松町〜羽田空港第2ターミナル	モノレール浜松町	False	True	True	True	dynamic_hub	https://wadattsu261.com/mo-tokyomonorailhome-info/		
monorail	東京モノレール｜浜松町〜羽田空港第2ターミナル	天王洲アイル	False	True	True	True	dynamic_hub	https://wadattsu261.com/mo-tokyomonorailhome-info/		
monorail	東京モノレール｜浜松町〜羽田空港第2ターミナル	大井競馬場前	False	True	True	True	dynamic_hub	https://wadattsu261.com/mo-tokyomonorailhome-info/		
monorail	東京モノレール｜浜松町〜羽田空港第2ターミナル	流通センター	False	True	True	True	dynamic_hub	https://wadattsu261.com/mo-tokyomonorailhome-info/		
monorail	東京モノレール｜浜松町〜羽田空港第2ターミナル	昭和島	False	True	True	True	dynamic_hub	https://wadattsu261.com/mo-tokyomonorailhome-info/		
monorail	東京モノレール｜浜松町〜羽田空港第2ターミナル	整備場	False	True	True	True	dynamic_hub	https://wadattsu261.com/mo-tokyomonorailhome-info/		
monorail	東京モノレール｜浜松町〜羽田空港第2ターミナル	天空橋	False	True	True	True	dynamic_hub	https://wadattsu261.com/mo-tokyomonorailhome-info/		
monorail	東京モノレール｜浜松町〜羽田空港第2ターミナル	羽田空港第3ターミナル	False	True	True	True	dynamic_hub	https://wadattsu261.com/mo-tokyomonorailhome-info/		
monorail	東京モノレール｜浜松町〜羽田空港第2ターミナル	新整備場	False	True	True	True	dynamic_hub	https://wadattsu261.com/mo-tokyomonorailhome-info/		
monorail	東京モノレール｜浜松町〜羽田空港第2ターミナル	羽田空港第1ターミナル	False	True	True	True	dynamic_hub	https://wadattsu261.com/mo-tokyomonorailhome-info/		
monorail	東京モノレール｜浜松町〜羽田空港第2ターミナル	羽田空港第2ターミナル	False	True	True	True	dynamic_hub	https://wadattsu261.com/mo-tokyomonorailhome-info/		
tobu_skytree	東武スカイツリーライン等｜浅草・押上〜久喜（詳細掲載駅）	久喜	False	True	True	True	dynamic_hub	https://wadattsu261.com/ts-tobuisezakihome-info/		
tobu_skytree	東武スカイツリーライン等｜浅草・押上〜久喜（詳細掲載駅）	東武動物公園	False	True	True	True	dynamic_hub	https://wadattsu261.com/ts-tobuisezakihome-info/		
tobu_skytree	東武スカイツリーライン等｜浅草・押上〜久喜（詳細掲載駅）	春日部	False	True	True	True	dynamic_hub	https://wadattsu261.com/ts-tobuisezakihome-info/		
tobu_skytree	東武スカイツリーライン等｜浅草・押上〜久喜（詳細掲載駅）	せんげん台	False	True	True	True	dynamic_hub	https://wadattsu261.com/ts-tobuisezakihome-info/		
tobu_skytree	東武スカイツリーライン等｜浅草・押上〜久喜（詳細掲載駅）	北越谷	False	True	True	True	dynamic_hub	https://wadattsu261.com/ts-tobuisezakihome-info/		
tobu_skytree	東武スカイツリーライン等｜浅草・押上〜久喜（詳細掲載駅）	越谷	False	True	True	True	dynamic_hub	https://wadattsu261.com/ts-tobuisezakihome-info/		
tobu_skytree	東武スカイツリーライン等｜浅草・押上〜久喜（詳細掲載駅）	新越谷	False	True	True	True	dynamic_hub	https://wadattsu261.com/ts-tobuisezakihome-info/		
tobu_skytree	東武スカイツリーライン等｜浅草・押上〜久喜（詳細掲載駅）	蒲生	False	True	True	True	dynamic_hub	https://wadattsu261.com/ts-tobuisezakihome-info/		
tobu_skytree	東武スカイツリーライン等｜浅草・押上〜久喜（詳細掲載駅）	新田	False	True	True	True	dynamic_hub	https://wadattsu261.com/ts-tobuisezakihome-info/		
tobu_skytree	東武スカイツリーライン等｜浅草・押上〜久喜（詳細掲載駅）	獨協大学前	False	True	True	True	dynamic_hub	https://wadattsu261.com/ts-tobuisezakihome-info/		
tobu_skytree	東武スカイツリーライン等｜浅草・押上〜久喜（詳細掲載駅）	草加	False	True	True	True	dynamic_hub	https://wadattsu261.com/ts-tobuisezakihome-info/		
tobu_skytree	東武スカイツリーライン等｜浅草・押上〜久喜（詳細掲載駅）	谷塚	False	True	True	True	dynamic_hub	https://wadattsu261.com/ts-tobuisezakihome-info/		
tobu_skytree	東武スカイツリーライン等｜浅草・押上〜久喜（詳細掲載駅）	竹ノ塚	False	True	True	True	dynamic_hub	https://wadattsu261.com/ts-tobuisezakihome-info/		
tobu_skytree	東武スカイツリーライン等｜浅草・押上〜久喜（詳細掲載駅）	西新井	False	True	True	True	dynamic_hub	https://wadattsu261.com/ts-tobuisezakihome-info/		
tobu_skytree	東武スカイツリーライン等｜浅草・押上〜久喜（詳細掲載駅）	梅島	False	True	True	True	dynamic_hub	https://wadattsu261.com/ts-tobuisezakihome-info/		
tobu_skytree	東武スカイツリーライン等｜浅草・押上〜久喜（詳細掲載駅）	五反野	False	True	True	True	dynamic_hub	https://wadattsu261.com/ts-tobuisezakihome-info/		
tobu_skytree	東武スカイツリーライン等｜浅草・押上〜久喜（詳細掲載駅）	小菅	False	True	True	True	dynamic_hub	https://wadattsu261.com/ts-tobuisezakihome-info/		
tobu_skytree	東武スカイツリーライン等｜浅草・押上〜久喜（詳細掲載駅）	北千住	False	True	True	True	dynamic_hub	https://wadattsu261.com/ts-tobuisezakihome-info/		
tobu_skytree	東武スカイツリーライン等｜浅草・押上〜久喜（詳細掲載駅）	曳舟	False	True	True	True	dynamic_hub	https://wadattsu261.com/ts-tobuisezakihome-info/		
tobu_skytree	東武スカイツリーライン等｜浅草・押上〜久喜（詳細掲載駅）	押上	False	True	True	True	dynamic_hub	https://wadattsu261.com/ts-tobuisezakihome-info/		
tobu_skytree	東武スカイツリーライン等｜浅草・押上〜久喜（詳細掲載駅）	牛田	False	True	True	True	dynamic_hub	https://wadattsu261.com/ts-tobuisezakihome-info/		
tobu_skytree	東武スカイツリーライン等｜浅草・押上〜久喜（詳細掲載駅）	堀切	False	True	True	True	dynamic_hub	https://wadattsu261.com/ts-tobuisezakihome-info/		
tobu_skytree	東武スカイツリーライン等｜浅草・押上〜久喜（詳細掲載駅）	鐘ヶ淵	False	True	True	True	dynamic_hub	https://wadattsu261.com/ts-tobuisezakihome-info/		
tobu_skytree	東武スカイツリーライン等｜浅草・押上〜久喜（詳細掲載駅）	東向島	False	True	True	True	dynamic_hub	https://wadattsu261.com/ts-tobuisezakihome-info/		
tobu_skytree	東武スカイツリーライン等｜浅草・押上〜久喜（詳細掲載駅）	とうきょうスカイツリー	False	True	True	True	dynamic_hub	https://wadattsu261.com/ts-tobuisezakihome-info/		
tobu_skytree	東武スカイツリーライン等｜浅草・押上〜久喜（詳細掲載駅）	浅草	False	True	True	True	dynamic_hub	https://wadattsu261.com/ts-tobuisezakihome-info/		
keisei_main	京成本線｜京成上野〜成田空港	成田空港	False	True	True	True	dynamic_hub	https://wadattsu261.com/ks-keiseihome-info/		
keisei_main	京成本線｜京成上野〜成田空港	空港第2ビル	False	True	True	True	dynamic_hub	https://wadattsu261.com/ks-keiseihome-info/		
keisei_main	京成本線｜京成上野〜成田空港	京成成田	False	True	True	True	dynamic_hub	https://wadattsu261.com/ks-keiseihome-info/		
keisei_main	京成本線｜京成上野〜成田空港	公津の杜	False	True	True	True	dynamic_hub	https://wadattsu261.com/ks-keiseihome-info/		
keisei_main	京成本線｜京成上野〜成田空港	宗吾参道	False	True	True	True	dynamic_hub	https://wadattsu261.com/ks-keiseihome-info/		
keisei_main	京成本線｜京成上野〜成田空港	京成酒々井	False	True	True	True	dynamic_hub	https://wadattsu261.com/ks-keiseihome-info/		
keisei_main	京成本線｜京成上野〜成田空港	大佐倉	False	True	True	True	dynamic_hub	https://wadattsu261.com/ks-keiseihome-info/		
keisei_main	京成本線｜京成上野〜成田空港	京成佐倉	False	True	True	True	dynamic_hub	https://wadattsu261.com/ks-keiseihome-info/		
keisei_main	京成本線｜京成上野〜成田空港	京成臼井	False	True	True	True	dynamic_hub	https://wadattsu261.com/ks-keiseihome-info/		
keisei_main	京成本線｜京成上野〜成田空港	ユーカリが丘	False	True	True	True	dynamic_hub	https://wadattsu261.com/ks-keiseihome-info/		
keisei_main	京成本線｜京成上野〜成田空港	志津	False	True	True	True	dynamic_hub	https://wadattsu261.com/ks-keiseihome-info/		
keisei_main	京成本線｜京成上野〜成田空港	勝田台	False	True	True	True	dynamic_hub	https://wadattsu261.com/ks-keiseihome-info/		
keisei_main	京成本線｜京成上野〜成田空港	京成大和田	False	True	True	True	dynamic_hub	https://wadattsu261.com/ks-keiseihome-info/		
keisei_main	京成本線｜京成上野〜成田空港	八千代台	False	True	True	True	dynamic_hub	https://wadattsu261.com/ks-keiseihome-info/		
keisei_main	京成本線｜京成上野〜成田空港	実籾	False	True	True	True	dynamic_hub	https://wadattsu261.com/ks-keiseihome-info/		
keisei_main	京成本線｜京成上野〜成田空港	京成大久保	False	True	True	True	dynamic_hub	https://wadattsu261.com/ks-keiseihome-info/		
keisei_main	京成本線｜京成上野〜成田空港	京成津田沼	False	True	True	True	dynamic_hub	https://wadattsu261.com/ks-keiseihome-info/		
keisei_main	京成本線｜京成上野〜成田空港	谷津	False	True	True	True	dynamic_hub	https://wadattsu261.com/ks-keiseihome-info/		
keisei_main	京成本線｜京成上野〜成田空港	船橋競馬場	False	True	True	True	dynamic_hub	https://wadattsu261.com/ks-keiseihome-info/		
keisei_main	京成本線｜京成上野〜成田空港	大神宮下	False	True	True	True	dynamic_hub	https://wadattsu261.com/ks-keiseihome-info/		
keisei_main	京成本線｜京成上野〜成田空港	京成船橋	False	True	True	True	dynamic_hub	https://wadattsu261.com/ks-keiseihome-info/		
keisei_main	京成本線｜京成上野〜成田空港	海神	False	True	True	True	dynamic_hub	https://wadattsu261.com/ks-keiseihome-info/		
keisei_main	京成本線｜京成上野〜成田空港	京成西船	False	True	True	True	dynamic_hub	https://wadattsu261.com/ks-keiseihome-info/		
keisei_main	京成本線｜京成上野〜成田空港	東中山	False	True	True	True	dynamic_hub	https://wadattsu261.com/ks-keiseihome-info/		
keisei_main	京成本線｜京成上野〜成田空港	京成中山	False	True	True	True	dynamic_hub	https://wadattsu261.com/ks-keiseihome-info/		
keisei_main	京成本線｜京成上野〜成田空港	鬼越	False	True	True	True	dynamic_hub	https://wadattsu261.com/ks-keiseihome-info/		
keisei_main	京成本線｜京成上野〜成田空港	京成八幡	False	True	True	True	dynamic_hub	https://wadattsu261.com/ks-keiseihome-info/		
keisei_main	京成本線｜京成上野〜成田空港	菅野	False	True	True	True	dynamic_hub	https://wadattsu261.com/ks-keiseihome-info/		
keisei_main	京成本線｜京成上野〜成田空港	市川真間	False	True	True	True	dynamic_hub	https://wadattsu261.com/ks-keiseihome-info/		
keisei_main	京成本線｜京成上野〜成田空港	国府台	False	True	True	True	dynamic_hub	https://wadattsu261.com/ks-keiseihome-info/		
keisei_main	京成本線｜京成上野〜成田空港	江戸川	False	True	True	True	dynamic_hub	https://wadattsu261.com/ks-keiseihome-info/		
keisei_main	京成本線｜京成上野〜成田空港	京成小岩	False	True	True	True	dynamic_hub	https://wadattsu261.com/ks-keiseihome-info/		
keisei_main	京成本線｜京成上野〜成田空港	京成高砂	False	True	True	True	dynamic_hub	https://wadattsu261.com/ks-keiseihome-info/		
keisei_main	京成本線｜京成上野〜成田空港	青砥	False	True	True	True	dynamic_hub	https://wadattsu261.com/ks-keiseihome-info/		
keisei_main	京成本線｜京成上野〜成田空港	お花茶屋	False	True	True	True	dynamic_hub	https://wadattsu261.com/ks-keiseihome-info/		
keisei_main	京成本線｜京成上野〜成田空港	堀切菖蒲園	False	True	True	True	dynamic_hub	https://wadattsu261.com/ks-keiseihome-info/		
keisei_main	京成本線｜京成上野〜成田空港	京成関屋	False	True	True	True	dynamic_hub	https://wadattsu261.com/ks-keiseihome-info/		
keisei_main	京成本線｜京成上野〜成田空港	千住大橋	False	True	True	True	dynamic_hub	https://wadattsu261.com/ks-keiseihome-info/		
keisei_main	京成本線｜京成上野〜成田空港	町屋	False	True	True	True	dynamic_hub	https://wadattsu261.com/ks-keiseihome-info/		
keisei_main	京成本線｜京成上野〜成田空港	新三河島	False	True	True	True	dynamic_hub	https://wadattsu261.com/ks-keiseihome-info/		
keisei_main	京成本線｜京成上野〜成田空港	日暮里	False	True	True	True	dynamic_hub	https://wadattsu261.com/ks-keiseihome-info/		
keisei_main	京成本線｜京成上野〜成田空港	京成上野	False	True	True	True	dynamic_hub	https://wadattsu261.com/ks-keiseihome-info/		
keio_inokashira	京王井の頭線｜渋谷〜吉祥寺	渋谷	False	True	True	True	dynamic_all	https://wadattsu261.com/content/in-keioinokashirahome-all-info/		
keio_inokashira	京王井の頭線｜渋谷〜吉祥寺	神泉	False	True	True	True	dynamic_all	https://wadattsu261.com/content/in-keioinokashirahome-all-info/		
keio_inokashira	京王井の頭線｜渋谷〜吉祥寺	駒場東大前	False	True	True	True	dynamic_all	https://wadattsu261.com/content/in-keioinokashirahome-all-info/		
keio_inokashira	京王井の頭線｜渋谷〜吉祥寺	池ノ上	False	True	True	True	dynamic_all	https://wadattsu261.com/content/in-keioinokashirahome-all-info/		
keio_inokashira	京王井の頭線｜渋谷〜吉祥寺	下北沢	False	True	True	True	dynamic_all	https://wadattsu261.com/content/in-keioinokashirahome-all-info/		
keio_inokashira	京王井の頭線｜渋谷〜吉祥寺	新代田	False	True	True	True	dynamic_all	https://wadattsu261.com/content/in-keioinokashirahome-all-info/		
keio_inokashira	京王井の頭線｜渋谷〜吉祥寺	東松原	False	True	True	True	dynamic_all	https://wadattsu261.com/content/in-keioinokashirahome-all-info/		
keio_inokashira	京王井の頭線｜渋谷〜吉祥寺	明大前	False	True	True	True	dynamic_all	https://wadattsu261.com/content/in-keioinokashirahome-all-info/		
keio_inokashira	京王井の頭線｜渋谷〜吉祥寺	永福町	False	True	True	True	dynamic_all	https://wadattsu261.com/content/in-keioinokashirahome-all-info/		
keio_inokashira	京王井の頭線｜渋谷〜吉祥寺	西永福	False	True	True	True	dynamic_all	https://wadattsu261.com/content/in-keioinokashirahome-all-info/		
keio_inokashira	京王井の頭線｜渋谷〜吉祥寺	浜田山	False	True	True	True	dynamic_all	https://wadattsu261.com/content/in-keioinokashirahome-all-info/		
keio_inokashira	京王井の頭線｜渋谷〜吉祥寺	高井戸	False	True	True	True	dynamic_all	https://wadattsu261.com/content/in-keioinokashirahome-all-info/		
keio_inokashira	京王井の頭線｜渋谷〜吉祥寺	富士見ヶ丘	False	True	True	True	dynamic_all	https://wadattsu261.com/content/in-keioinokashirahome-all-info/		
keio_inokashira	京王井の頭線｜渋谷〜吉祥寺	久我山	False	True	True	True	dynamic_all	https://wadattsu261.com/content/in-keioinokashirahome-all-info/		
keio_inokashira	京王井の頭線｜渋谷〜吉祥寺	三鷹台	False	True	True	True	dynamic_all	https://wadattsu261.com/content/in-keioinokashirahome-all-info/		
keio_inokashira	京王井の頭線｜渋谷〜吉祥寺	井の頭公園	False	True	True	True	dynamic_all	https://wadattsu261.com/content/in-keioinokashirahome-all-info/		
keio_inokashira	京王井の頭線｜渋谷〜吉祥寺	吉祥寺	False	True	True	True	dynamic_all	https://wadattsu261.com/content/in-keioinokashirahome-all-info/		
seibu_haijima	西武拝島線｜小平〜拝島	小平	False	True	True	True	dynamic_all	https://wadattsu261.com/content/ss-seibuhaijimahome-all-info/		
seibu_haijima	西武拝島線｜小平〜拝島	萩山	False	True	True	True	dynamic_all	https://wadattsu261.com/content/ss-seibuhaijimahome-all-info/		
seibu_haijima	西武拝島線｜小平〜拝島	小川	False	True	True	True	dynamic_all	https://wadattsu261.com/content/ss-seibuhaijimahome-all-info/		
seibu_haijima	西武拝島線｜小平〜拝島	東大和市	False	True	True	True	dynamic_all	https://wadattsu261.com/content/ss-seibuhaijimahome-all-info/		
seibu_haijima	西武拝島線｜小平〜拝島	玉川上水	False	True	True	True	dynamic_all	https://wadattsu261.com/content/ss-seibuhaijimahome-all-info/		
seibu_haijima	西武拝島線｜小平〜拝島	武蔵砂川	False	True	True	True	dynamic_all	https://wadattsu261.com/content/ss-seibuhaijimahome-all-info/		
seibu_haijima	西武拝島線｜小平〜拝島	西武立川	False	True	True	True	dynamic_all	https://wadattsu261.com/content/ss-seibuhaijimahome-all-info/		
seibu_haijima	西武拝島線｜小平〜拝島	拝島	False	True	True	True	dynamic_all	https://wadattsu261.com/content/ss-seibuhaijimahome-all-info/		
