priority	station	route_id	route_name	coverage_level	coverage_description	source_url	route_connections_in_app	lat	lon	v13_in_app_mode	v13_dynamic_source
P0	横浜	keihin	JR 京浜東北・根岸線｜大宮〜大船	D	アプリ内蔵（号車＋ドア）	https://wadattsu261.com/content/yokohama-keihin-negishihome-info/	15	35.466	139.622	static_detail	
P0	横浜	tokaido	JR 東海道線｜東京〜熱海	D	アプリ内蔵（号車＋ドア）	https://wadattsu261.com/content/yokohama-tokaidohome-info/	15	35.466	139.622	static_detail	
P0	横浜	yokohama	JR 横浜線・根岸線直通｜八王子〜大船	D	アプリ内蔵（号車＋ドア）	https://wadattsu261.com/content/yokohama-keihin-negishihome-info/	15	35.466	139.622	static_detail	
P0	横浜	yokosuka	JR 横須賀線｜東京〜久里浜	D	アプリ内蔵（号車＋ドア）	https://wadattsu261.com/content/yokohama-yokosuka-shonanshinjukuline-info/	15	35.466	139.622	static_detail	
P0	横浜	shonan_u	JR 湘南新宿ライン｜宇都宮〜逗子	D	アプリ内蔵（号車＋ドア）	https://wadattsu261.com/content/yokohama-yokosuka-shonanshinjukuline-info/	15	35.466	139.622	static_detail	
P0	横浜	shonan_t	JR 湘南新宿ライン｜高崎〜小田原	D	アプリ内蔵（号車＋ドア）	https://wadattsu261.com/content/yokohama-yokosuka-shonanshinjukuline-info/	15	35.466	139.622	static_detail	
P0	横浜	mm	みなとみらい線｜横浜〜元町・中華街	C	アプリ内蔵（簡易号車）	https://wadattsu261.com/content/yokohama-tokyutoyoko-minatomiraihome-info/	15	35.466	139.622	static_car	
P0	横浜	keikyu_k	京急 久里浜線直通｜泉岳寺〜三崎口	C	アプリ内蔵（簡易号車）	https://wadattsu261.com/content/yokohama-keikyuhome-info/	15	35.466	139.622	static_car	
P0	横浜	keikyu	京急 本線｜泉岳寺〜浦賀	C	アプリ内蔵（簡易号車）	https://wadattsu261.com/content/yokohama-keikyuhome-info/	15	35.466	139.622	static_car	
P0	横浜	keikyu_a	京急 空港線直通｜横浜〜羽田空港	C	アプリ内蔵（簡易号車）	https://wadattsu261.com/content/yokohama-keikyuhome-info/	15	35.466	139.622	static_car	
P0	横浜	keikyu_z	京急 逗子線直通｜横浜〜逗子・葉山	C	アプリ内蔵（簡易号車）	https://wadattsu261.com/content/yokohama-keikyuhome-info/	15	35.466	139.622	static_car	
P0	横浜	toyoko	東急東横線・みなとみらい線｜渋谷〜元町・中華街	C	アプリ内蔵（簡易号車）	https://wadattsu261.com/content/yokohama-tokyutoyoko-minatomiraihome-info/	15	35.466	139.622	static_car	
P0	横浜	blue	横浜市営 ブルーライン｜あざみ野〜湘南台	D	アプリ内蔵（号車＋ドア）	https://wadattsu261.com/content/yokohama-yokohamablueline-info/	15	35.466	139.622	static_detail	
P0	横浜	izumino	相鉄 いずみ野線直通｜横浜〜湘南台	C	アプリ内蔵（簡易号車）	https://wadattsu261.com/content/yokohama-sotetsuhome-info/	15	35.466	139.622	static_car	
P0	横浜	sotetsu	相鉄 本線｜横浜〜海老名	C	アプリ内蔵（簡易号車）	https://wadattsu261.com/content/yokohama-sotetsuhome-info/	15	35.466	139.622	static_car	
P0	東京	chuo	JR 中央線快速｜東京〜高尾	V2	路線全駅/駅別一覧確認済み	https://wadattsu261.com/content/jc-chuorapidhome-all-info/#:~:text=%E6%9D%B1%E4%BA%AC	11	35.6812	139.7671	online_car	https://wadattsu261.com/content/jc-chuorapidhome-all-info/
P0	東京	keihin	JR 京浜東北・根岸線｜大宮〜大船	V1	駅別詳細ページ確認済み	https://wadattsu261.com/content/tokyo-yamanote-keihinhome-info/	11	35.6812	139.7671	online_car	https://wadattsu261.com/content/jk-keihin-negishiall-info/
P0	東京	keiyo	JR 京葉線｜東京〜蘇我	V2	路線全駅/駅別一覧確認済み	https://wadattsu261.com/content/je-keiyohome-all-info/#:~:text=%E6%9D%B1%E4%BA%AC	11	35.6812	139.7671	online_car	https://wadattsu261.com/content/je-keiyohome-all-info/
P0	東京	utsunomiya	JR 宇都宮線｜東京〜宇都宮	V2	路線全駅/駅別一覧確認済み	https://wadattsu261.com/content/ju-utsunomiyahome-all-info/#:~:text=%E6%9D%B1%E4%BA%AC	11	35.6812	139.7671	online_car	https://wadattsu261.com/content/ju-utsunomiyahome-all-info/
P0	東京	yamanote	JR 山手線｜環状運転	D	アプリ内蔵（号車＋ドア）	https://wadattsu261.com/content/tokyo-yamanote-keihinhome-info/	11	35.6812	139.7671	static_detail	
P0	東京	joban	JR 常磐線快速｜品川〜取手	V2	路線全駅/駅別一覧確認済み	https://wadattsu261.com/content/jj-jobanrapidhome-all-info/#:~:text=%E6%9D%B1%E4%BA%AC	11	35.6812	139.7671	online_car	https://wadattsu261.com/content/jj-jobanrapidhome-all-info/
P0	東京	tokaido	JR 東海道線｜東京〜熱海	V1	駅別詳細ページ確認済み	https://wadattsu261.com/content/tokyo-tokaido-uenotokyoline-info/	11	35.6812	139.7671	online_car	https://wadattsu261.com/content/jt-tokaidohome-all-info/
P0	東京	yokosuka	JR 横須賀線｜東京〜久里浜	V1	駅別詳細ページ確認済み	https://wadattsu261.com/content/tokyo-yokosuka-soburapidhome-info/	11	35.6812	139.7671	online_car	https://wadattsu261.com/content/jo-yokosuka-soburapidhome-all-info/
P0	東京	sobu	JR 総武線快速｜東京〜千葉	V2	路線全駅/駅別一覧確認済み	https://wadattsu261.com/content/jo-yokosuka-soburapidhome-all-info/#:~:text=%E6%9D%B1%E4%BA%AC	11	35.6812	139.7671	online_car	https://wadattsu261.com/content/jo-yokosuka-soburapidhome-all-info/
P0	東京	takasaki	JR 高崎線｜東京〜高崎	V2	路線全駅/駅別一覧確認済み	https://wadattsu261.com/content/ju-takasakihome-all-info/#:~:text=%E6%9D%B1%E4%BA%AC	11	35.6812	139.7671	online_car	https://wadattsu261.com/content/ju-takasakihome-all-info/
P0	東京	metro_m	東京メトロ 丸ノ内線｜池袋〜荻窪	V2	路線全駅/駅別一覧確認済み	https://wadattsu261.com/content/m-metromarunouchihome-all-info/#:~:text=%E6%9D%B1%E4%BA%AC	11	35.6812	139.7671	online_car	https://wadattsu261.com/content/m-metromarunouchihome-all-info/
P0	新宿	chuo_sobu	JR 中央・総武線各停｜三鷹〜千葉	V2	路線全駅/駅別一覧確認済み	https://wadattsu261.com/content/jb-chuo-sobuslowhome-all-info/#:~:text=%E6%96%B0%E5%AE%BF	10	35.6896	139.7006	online_car	https://wadattsu261.com/content/jb-chuo-sobuslowhome-all-info/
P0	新宿	chuo	JR 中央線快速｜東京〜高尾	V2	路線全駅/駅別一覧確認済み	https://wadattsu261.com/content/jc-chuorapidhome-all-info/#:~:text=%E6%96%B0%E5%AE%BF	10	35.6896	139.7006	online_car	https://wadattsu261.com/content/jc-chuorapidhome-all-info/
P0	新宿	saikyo	JR 埼京・川越線｜大崎〜川越	V2	路線全駅/駅別一覧確認済み	https://wadattsu261.com/content/ja-saikyo-kawagoehome-all-info/#:~:text=%E6%96%B0%E5%AE%BF	10	35.6896	139.7006	online_car	https://wadattsu261.com/content/ja-saikyo-kawagoehome-all-info/
P0	新宿	yamanote	JR 山手線｜環状運転	D	アプリ内蔵（号車＋ドア）	https://wadattsu261.com/content/shinjuku-yamanote-chuoslowhome-info/	10	35.6896	139.7006	static_detail	
P0	新宿	shonan_u	JR 湘南新宿ライン｜宇都宮〜逗子	V2	路線全駅/駅別一覧確認済み	https://wadattsu261.com/content/js-shonanshinjukuline-all-info/#:~:text=%E6%96%B0%E5%AE%BF	10	35.6896	139.7006	online_car	https://wadattsu261.com/content/js-shonanshinjukuline-all-info/
P0	新宿	shonan_t	JR 湘南新宿ライン｜高崎〜小田原	V2	路線全駅/駅別一覧確認済み	https://wadattsu261.com/content/js-shonanshinjukuline-all-info/#:~:text=%E6%96%B0%E5%AE%BF	10	35.6896	139.7006	online_car	https://wadattsu261.com/content/js-shonanshinjukuline-all-info/
P0	新宿	keio_new	京王新線｜新宿〜笹塚	V2	路線全駅/駅別一覧確認済み	https://wadattsu261.com/content/ko-keiohome-all-info/#:~:text=%E6%96%B0%E5%AE%BF	10	35.6896	139.7006	online_car	https://wadattsu261.com/content/ko-keiohome-all-info/
P0	新宿	keio	京王線｜新宿〜京王八王子	V2	路線全駅/駅別一覧確認済み	https://wadattsu261.com/content/ko-keiohome-all-info/#:~:text=%E6%96%B0%E5%AE%BF	10	35.6896	139.7006	online_car	https://wadattsu261.com/content/ko-keiohome-all-info/
P0	新宿	odakyu	小田急 小田原線｜新宿〜小田原	R	路線一覧/汎用案内のみ	https://wadattsu261.com/stationhome-info/	10	35.6896	139.7006	external_link	
P0	新宿	metro_m	東京メトロ 丸ノ内線｜池袋〜荻窪	V2	路線全駅/駅別一覧確認済み	https://wadattsu261.com/content/m-metromarunouchihome-all-info/#:~:text=%E6%96%B0%E5%AE%BF	10	35.6896	139.7006	online_car	https://wadattsu261.com/content/m-metromarunouchihome-all-info/
P0	池袋	saikyo	JR 埼京・川越線｜大崎〜川越	V2	路線全駅/駅別一覧確認済み	https://wadattsu261.com/content/ja-saikyo-kawagoehome-all-info/#:~:text=%E6%B1%A0%E8%A2%8B	9	35.7303	139.71	online_car	https://wadattsu261.com/content/ja-saikyo-kawagoehome-all-info/
P0	池袋	yamanote	JR 山手線｜環状運転	V2	路線全駅/駅別一覧確認済み	https://wadattsu261.com/content/jy-yamanotehome-soto-uchimawari-info/#:~:text=%E6%B1%A0%E8%A2%8B	9	35.7303	139.71	online_car	https://wadattsu261.com/content/jy-yamanotehome-soto-uchimawari-info/
P0	池袋	shonan_u	JR 湘南新宿ライン｜宇都宮〜逗子	V2	路線全駅/駅別一覧確認済み	https://wadattsu261.com/content/js-shonanshinjukuline-all-info/#:~:text=%E6%B1%A0%E8%A2%8B	9	35.7303	139.71	online_car	https://wadattsu261.com/content/js-shonanshinjukuline-all-info/
P0	池袋	shonan_t	JR 湘南新宿ライン｜高崎〜小田原	V2	路線全駅/駅別一覧確認済み	https://wadattsu261.com/content/js-shonanshinjukuline-all-info/#:~:text=%E6%B1%A0%E8%A2%8B	9	35.7303	139.71	online_car	https://wadattsu261.com/content/js-shonanshinjukuline-all-info/
P0	池袋	metro_m	東京メトロ 丸ノ内線｜池袋〜荻窪	C	アプリ内蔵（簡易号車）	https://wadattsu261.com/content/m-metromarunouchihome-all-info/	9	35.7303	139.71	static_car	
P0	池袋	metro_f	東京メトロ 副都心線｜和光市〜渋谷	V2	路線全駅/駅別一覧確認済み	https://wadattsu261.com/f-metrofukutoshinhome-info/#:~:text=%E6%B1%A0%E8%A2%8B	9	35.7303	139.71	external_link	
P0	池袋	metro_y	東京メトロ 有楽町線｜和光市〜新木場	V2	路線全駅/駅別一覧確認済み	https://wadattsu261.com/content/y-metroyurakuchohome-all-info/#:~:text=%E6%B1%A0%E8%A2%8B	9	35.7303	139.71	online_car	https://wadattsu261.com/content/y-metroyurakuchohome-all-info/
P0	池袋	tobu_tojo	東武 東上線｜池袋〜小川町	V2	路線全駅/駅別一覧確認済み	https://wadattsu261.com/content/tj-tobutojohome-all-info/#:~:text=%E6%B1%A0%E8%A2%8B	9	35.7303	139.71	online_car	https://wadattsu261.com/content/tj-tobutojohome-all-info/
P0	池袋	seibu_ike	西武 池袋線｜池袋〜飯能	V2	路線全駅/駅別一覧確認済み	https://wadattsu261.com/content/si-seibuikebukurohome-all-info/#:~:text=%E6%B1%A0%E8%A2%8B	9	35.7303	139.71	online_car	https://wadattsu261.com/content/si-seibuikebukurohome-all-info/
P0	渋谷	saikyo	JR 埼京・川越線｜大崎〜川越	V2	路線全駅/駅別一覧確認済み	https://wadattsu261.com/content/ja-saikyo-kawagoehome-all-info/#:~:text=%E6%B8%8B%E8%B0%B7	9	35.658	139.7016	online_car	https://wadattsu261.com/content/ja-saikyo-kawagoehome-all-info/
P0	渋谷	yamanote	JR 山手線｜環状運転	V2	路線全駅/駅別一覧確認済み	https://wadattsu261.com/content/jy-yamanotehome-soto-uchimawari-info/#:~:text=%E6%B8%8B%E8%B0%B7	9	35.658	139.7016	online_car	https://wadattsu261.com/content/jy-yamanotehome-soto-uchimawari-info/
P0	渋谷	shonan_u	JR 湘南新宿ライン｜宇都宮〜逗子	V2	路線全駅/駅別一覧確認済み	https://wadattsu261.com/content/js-shonanshinjukuline-all-info/#:~:text=%E6%B8%8B%E8%B0%B7	9	35.658	139.7016	online_car	https://wadattsu261.com/content/js-shonanshinjukuline-all-info/
P0	渋谷	shonan_t	JR 湘南新宿ライン｜高崎〜小田原	V2	路線全駅/駅別一覧確認済み	https://wadattsu261.com/content/js-shonanshinjukuline-all-info/#:~:text=%E6%B8%8B%E8%B0%B7	9	35.658	139.7016	online_car	https://wadattsu261.com/content/js-shonanshinjukuline-all-info/
P0	渋谷	metro_f	東京メトロ 副都心線｜和光市〜渋谷	V2	路線全駅/駅別一覧確認済み	https://wadattsu261.com/f-metrofukutoshinhome-info/#:~:text=%E6%B8%8B%E8%B0%B7	9	35.658	139.7016	external_link	
P0	渋谷	metro_z	東京メトロ 半蔵門線｜渋谷〜押上	V2	路線全駅/駅別一覧確認済み	https://wadattsu261.com/content/z-metrohanzomonhome-all-info/#:~:text=%E6%B8%8B%E8%B0%B7	9	35.658	139.7016	online_car	https://wadattsu261.com/content/z-metrohanzomonhome-all-info/
P0	渋谷	metro_g	東京メトロ 銀座線｜浅草〜渋谷	C	アプリ内蔵（簡易号車）	https://wadattsu261.com/content/g-metroginzahome-all-info/	9	35.658	139.7016	static_car	
P0	渋谷	denentoshi	東急 田園都市線｜渋谷〜中央林間	V2	路線全駅/駅別一覧確認済み	https://wadattsu261.com/content/dt-tokyudenentoshihome-all-info/#:~:text=%E6%B8%8B%E8%B0%B7	9	35.658	139.7016	online_car	https://wadattsu261.com/content/dt-tokyudenentoshihome-all-info/
P0	渋谷	toyoko	東急東横線・みなとみらい線｜渋谷〜元町・中華街	V2	路線全駅/駅別一覧確認済み	https://wadattsu261.com/ty-tokyutoyokohome-info/#:~:text=%E6%B8%8B%E8%B0%B7	9	35.658	139.7016	external_link	
P0	上野	keihin	JR 京浜東北・根岸線｜大宮〜大船	V1	駅別詳細ページ確認済み	https://wadattsu261.com/content/ueno-yamanote-keihinhome-info/	7	35.7142	139.7774	online_car	https://wadattsu261.com/content/jk-keihin-negishiall-info/
P0	上野	utsunomiya	JR 宇都宮線｜東京〜宇都宮	V2	路線全駅/駅別一覧確認済み	https://wadattsu261.com/content/ju-utsunomiyahome-all-info/#:~:text=%E4%B8%8A%E9%87%8E	7	35.7142	139.7774	online_car	https://wadattsu261.com/content/ju-utsunomiyahome-all-info/
P0	上野	yamanote	JR 山手線｜環状運転	D	アプリ内蔵（号車＋ドア）	https://wadattsu261.com/content/ueno-yamanote-keihinhome-info/	7	35.7142	139.7774	static_detail	
P0	上野	joban	JR 常磐線快速｜品川〜取手	V2	路線全駅/駅別一覧確認済み	https://wadattsu261.com/content/jj-jobanrapidhome-all-info/#:~:text=%E4%B8%8A%E9%87%8E	7	35.7142	139.7774	online_car	https://wadattsu261.com/content/jj-jobanrapidhome-all-info/
P0	上野	takasaki	JR 高崎線｜東京〜高崎	V2	路線全駅/駅別一覧確認済み	https://wadattsu261.com/content/ju-takasakihome-all-info/#:~:text=%E4%B8%8A%E9%87%8E	7	35.7142	139.7774	online_car	https://wadattsu261.com/content/ju-takasakihome-all-info/
P0	上野	metro_h	東京メトロ 日比谷線｜北千住〜中目黒	C	アプリ内蔵（簡易号車）	https://wadattsu261.com/content/h-metrohibiyahome-all-info/	7	35.7142	139.7774	static_car	
P0	上野	metro_g	東京メトロ 銀座線｜浅草〜渋谷	C	アプリ内蔵（簡易号車）	https://wadattsu261.com/content/g-metroginzahome-all-info/	7	35.7142	139.7774	static_car	
P0	品川	keihin	JR 京浜東北・根岸線｜大宮〜大船	V1	駅別詳細ページ確認済み	https://wadattsu261.com/content/shinagawa-keihinhome-info/	7	35.6285	139.7388	online_car	https://wadattsu261.com/content/jk-keihin-negishiall-info/
P0	品川	yamanote	JR 山手線｜環状運転	C	アプリ内蔵（号車）	https://wadattsu261.com/content/shinagawa-yamanotehome-info/	7	35.6285	139.7388	static_car	
P0	品川	joban	JR 常磐線快速｜品川〜取手	V2	路線全駅/駅別一覧確認済み	https://wadattsu261.com/content/jj-jobanrapidhome-all-info/#:~:text=%E5%93%81%E5%B7%9D	7	35.6285	139.7388	online_car	https://wadattsu261.com/content/jj-jobanrapidhome-all-info/
P0	品川	tokaido	JR 東海道線｜東京〜熱海	D	アプリ内蔵（号車＋ドア）	https://wadattsu261.com/content/shinagawa-tokaido-joban-uenotokyoline-info/	7	35.6285	139.7388	static_detail	
P0	品川	yokosuka	JR 横須賀線｜東京〜久里浜	D	アプリ内蔵（号車＋ドア）	https://wadattsu261.com/content/shinagawa-yokosukahome-info/	7	35.6285	139.7388	static_detail	
P0	品川	keikyu_k	京急 久里浜線直通｜泉岳寺〜三崎口	R	路線一覧/汎用案内のみ	https://wadattsu261.com/stationhome-info/	7	35.6285	139.7388	external_link	
P0	品川	keikyu	京急 本線｜泉岳寺〜浦賀	R	路線一覧/汎用案内のみ	https://wadattsu261.com/stationhome-info/	7	35.6285	139.7388	external_link	
P0	大宮	keihin	JR 京浜東北・根岸線｜大宮〜大船	V1	駅別詳細ページ確認済み	https://wadattsu261.com/content/omiya-keihinhome-no1-2-info/	6	35.9064	139.6239	online_car	https://wadattsu261.com/content/jk-keihin-negishiall-info/
P0	大宮	saikyo	JR 埼京・川越線｜大崎〜川越	V2	路線全駅/駅別一覧確認済み	https://wadattsu261.com/content/ja-saikyo-kawagoehome-all-info/#:~:text=%E5%A4%A7%E5%AE%AE	6	35.9064	139.6239	online_car	https://wadattsu261.com/content/ja-saikyo-kawagoehome-all-info/
P0	大宮	utsunomiya	JR 宇都宮線｜東京〜宇都宮	V2	路線全駅/駅別一覧確認済み	https://wadattsu261.com/content/ju-utsunomiyahome-all-info/#:~:text=%E5%A4%A7%E5%AE%AE	6	35.9064	139.6239	online_car	https://wadattsu261.com/content/ju-utsunomiyahome-all-info/
P0	大宮	shonan_u	JR 湘南新宿ライン｜宇都宮〜逗子	V2	路線全駅/駅別一覧確認済み	https://wadattsu261.com/content/js-shonanshinjukuline-all-info/#:~:text=%E5%A4%A7%E5%AE%AE	6	35.9064	139.6239	online_car	https://wadattsu261.com/content/js-shonanshinjukuline-all-info/
P0	大宮	shonan_t	JR 湘南新宿ライン｜高崎〜小田原	V2	路線全駅/駅別一覧確認済み	https://wadattsu261.com/content/js-shonanshinjukuline-all-info/#:~:text=%E5%A4%A7%E5%AE%AE	6	35.9064	139.6239	online_car	https://wadattsu261.com/content/js-shonanshinjukuline-all-info/
P0	大宮	takasaki	JR 高崎線｜東京〜高崎	V2	路線全駅/駅別一覧確認済み	https://wadattsu261.com/content/ju-takasakihome-all-info/#:~:text=%E5%A4%A7%E5%AE%AE	6	35.9064	139.6239	online_car	https://wadattsu261.com/content/ju-takasakihome-all-info/
P0	新橋	keihin	JR 京浜東北・根岸線｜大宮〜大船	V1	駅別詳細ページ確認済み	https://wadattsu261.com/content/shinbashi-yamanote-keihinhome-info/	6	35.6662	139.7586	online_car	https://wadattsu261.com/content/jk-keihin-negishiall-info/
P0	新橋	yamanote	JR 山手線｜環状運転	C	アプリ内蔵（簡易号車）	https://wadattsu261.com/content/jy-yamanotehome-soto-uchimawari-info/	6	35.6662	139.7586	static_car	
P0	新橋	joban	JR 常磐線快速｜品川〜取手	V2	路線全駅/駅別一覧確認済み	https://wadattsu261.com/content/jj-jobanrapidhome-all-info/#:~:text=%E6%96%B0%E6%A9%8B	6	35.6662	139.7586	online_car	https://wadattsu261.com/content/jj-jobanrapidhome-all-info/
P0	新橋	tokaido	JR 東海道線｜東京〜熱海	D	アプリ内蔵（号車＋ドア）	https://wadattsu261.com/content/shinbashi-tokaidohome-info/	6	35.6662	139.7586	static_detail	
P0	新橋	yokosuka	JR 横須賀線｜東京〜久里浜	D	アプリ内蔵（号車＋ドア）	https://wadattsu261.com/content/shinbashi-yokosukahome-info/	6	35.6662	139.7586	static_detail	
P0	新橋	metro_g	東京メトロ 銀座線｜浅草〜渋谷	D	アプリ内蔵（号車＋ドア）	https://www.tokyometro.jp/station/line_images/figure_platform_g08_a.png | https://www.tokyometro.jp/station/line_images/figure_platform_g08_b.png	6	35.6662	139.7586	static_detail	
P0	武蔵小杉	nambu	JR 南武線｜川崎〜立川	V2	路線全駅/駅別一覧確認済み	https://wadattsu261.com/content/jn-nambuhome-all-info/#:~:text=%E6%AD%A6%E8%94%B5%E5%B0%8F%E6%9D%89	6	35.575	139.663	online_car	https://wadattsu261.com/content/jn-nambuhome-all-info/
P0	武蔵小杉	yokosuka	JR 横須賀線｜東京〜久里浜	V1	駅別詳細ページ確認済み	https://wadattsu261.com/content/musashikosugi-yokosuka-shonanshinjukuline-sotetsudirecthome-info/	6	35.575	139.663	online_car	https://wadattsu261.com/content/jo-yokosuka-soburapidhome-all-info/
P0	武蔵小杉	shonan_u	JR 湘南新宿ライン｜宇都宮〜逗子	V2	路線全駅/駅別一覧確認済み	https://wadattsu261.com/content/js-shonanshinjukuline-all-info/#:~:text=%E6%AD%A6%E8%94%B5%E5%B0%8F%E6%9D%89	6	35.575	139.663	online_car	https://wadattsu261.com/content/js-shonanshinjukuline-all-info/
P0	武蔵小杉	shonan_t	JR 湘南新宿ライン｜高崎〜小田原	V2	路線全駅/駅別一覧確認済み	https://wadattsu261.com/content/js-shonanshinjukuline-all-info/#:~:text=%E6%AD%A6%E8%94%B5%E5%B0%8F%E6%9D%89	6	35.575	139.663	online_car	https://wadattsu261.com/content/js-shonanshinjukuline-all-info/
P0	武蔵小杉	meguro	東急 目黒線｜目黒〜日吉	V2	路線全駅/駅別一覧確認済み	https://wadattsu261.com/mg-tokyumegurohome-info/#:~:text=%E6%AD%A6%E8%94%B5%E5%B0%8F%E6%9D%89	6	35.575	139.663	external_link	
P0	武蔵小杉	toyoko	東急東横線・みなとみらい線｜渋谷〜元町・中華街	V2	路線全駅/駅別一覧確認済み	https://wadattsu261.com/ty-tokyutoyokohome-info/#:~:text=%E6%AD%A6%E8%94%B5%E5%B0%8F%E6%9D%89	6	35.575	139.663	external_link	
P0	赤羽	keihin	JR 京浜東北・根岸線｜大宮〜大船	V1	駅別詳細ページ確認済み	https://wadattsu261.com/content/akabane-keihinhome-info/	6	35.778	139.7209	online_car	https://wadattsu261.com/content/jk-keihin-negishiall-info/
P0	赤羽	saikyo	JR 埼京・川越線｜大崎〜川越	V2	路線全駅/駅別一覧確認済み	https://wadattsu261.com/content/ja-saikyo-kawagoehome-all-info/#:~:text=%E8%B5%A4%E7%BE%BD	6	35.778	139.7209	online_car	https://wadattsu261.com/content/ja-saikyo-kawagoehome-all-info/
P0	赤羽	utsunomiya	JR 宇都宮線｜東京〜宇都宮	V2	路線全駅/駅別一覧確認済み	https://wadattsu261.com/content/ju-utsunomiyahome-all-info/#:~:text=%E8%B5%A4%E7%BE%BD	6	35.778	139.7209	online_car	https://wadattsu261.com/content/ju-utsunomiyahome-all-info/
P0	赤羽	shonan_u	JR 湘南新宿ライン｜宇都宮〜逗子	V2	路線全駅/駅別一覧確認済み	https://wadattsu261.com/content/js-shonanshinjukuline-all-info/#:~:text=%E8%B5%A4%E7%BE%BD	6	35.778	139.7209	online_car	https://wadattsu261.com/content/js-shonanshinjukuline-all-info/
P0	赤羽	shonan_t	JR 湘南新宿ライン｜高崎〜小田原	V2	路線全駅/駅別一覧確認済み	https://wadattsu261.com/content/js-shonanshinjukuline-all-info/#:~:text=%E8%B5%A4%E7%BE%BD	6	35.778	139.7209	online_car	https://wadattsu261.com/content/js-shonanshinjukuline-all-info/
P0	赤羽	takasaki	JR 高崎線｜東京〜高崎	V2	路線全駅/駅別一覧確認済み	https://wadattsu261.com/content/ju-takasakihome-all-info/#:~:text=%E8%B5%A4%E7%BE%BD	6	35.778	139.7209	online_car	https://wadattsu261.com/content/ju-takasakihome-all-info/
P0	恵比寿	saikyo	JR 埼京・川越線｜大崎〜川越	V2	路線全駅/駅別一覧確認済み	https://wadattsu261.com/content/ja-saikyo-kawagoehome-all-info/#:~:text=%E6%81%B5%E6%AF%94%E5%AF%BF	5	35.6467	139.7101	online_car	https://wadattsu261.com/content/ja-saikyo-kawagoehome-all-info/
P0	恵比寿	yamanote	JR 山手線｜環状運転	D	アプリ内蔵（号車＋ドア）	https://wadattsu261.com/content/ebisu-yamanotehome-info/	5	35.6467	139.7101	static_detail	
P0	恵比寿	shonan_u	JR 湘南新宿ライン｜宇都宮〜逗子	V2	路線全駅/駅別一覧確認済み	https://wadattsu261.com/content/js-shonanshinjukuline-all-info/#:~:text=%E6%81%B5%E6%AF%94%E5%AF%BF	5	35.6467	139.7101	online_car	https://wadattsu261.com/content/js-shonanshinjukuline-all-info/
P0	恵比寿	shonan_t	JR 湘南新宿ライン｜高崎〜小田原	V2	路線全駅/駅別一覧確認済み	https://wadattsu261.com/content/js-shonanshinjukuline-all-info/#:~:text=%E6%81%B5%E6%AF%94%E5%AF%BF	5	35.6467	139.7101	online_car	https://wadattsu261.com/content/js-shonanshinjukuline-all-info/
P0	恵比寿	metro_h	東京メトロ 日比谷線｜北千住〜中目黒	V2	路線全駅/駅別一覧確認済み	https://wadattsu261.com/content/h-metrohibiyahome-all-info/#:~:text=%E6%81%B5%E6%AF%94%E5%AF%BF	5	35.6467	139.7101	online_car	https://wadattsu261.com/content/h-metrohibiyahome-all-info/
P0	浦和	keihin	JR 京浜東北・根岸線｜大宮〜大船	V1	駅別詳細ページ確認済み	https://wadattsu261.com/content/urawa-keihinhome-info/	5	35.8585	139.6571	online_car	https://wadattsu261.com/content/jk-keihin-negishiall-info/
P0	浦和	utsunomiya	JR 宇都宮線｜東京〜宇都宮	V2	路線全駅/駅別一覧確認済み	https://wadattsu261.com/content/ju-utsunomiyahome-all-info/#:~:text=%E6%B5%A6%E5%92%8C	5	35.8585	139.6571	online_car	https://wadattsu261.com/content/ju-utsunomiyahome-all-info/
P0	浦和	shonan_u	JR 湘南新宿ライン｜宇都宮〜逗子	V2	路線全駅/駅別一覧確認済み	https://wadattsu261.com/content/js-shonanshinjukuline-all-info/#:~:text=%E6%B5%A6%E5%92%8C	5	35.8585	139.6571	online_car	https://wadattsu261.com/content/js-shonanshinjukuline-all-info/
P0	浦和	shonan_t	JR 湘南新宿ライン｜高崎〜小田原	V2	路線全駅/駅別一覧確認済み	https://wadattsu261.com/content/js-shonanshinjukuline-all-info/#:~:text=%E6%B5%A6%E5%92%8C	5	35.8585	139.6571	online_car	https://wadattsu261.com/content/js-shonanshinjukuline-all-info/
P0	浦和	takasaki	JR 高崎線｜東京〜高崎	V2	路線全駅/駅別一覧確認済み	https://wadattsu261.com/content/ju-takasakihome-all-info/#:~:text=%E6%B5%A6%E5%92%8C	5	35.8585	139.6571	online_car	https://wadattsu261.com/content/ju-takasakihome-all-info/
P0	四ツ谷	chuo_sobu	JR 中央・総武線各停｜三鷹〜千葉	V2	路線全駅/駅別一覧確認済み	https://wadattsu261.com/content/jb-chuo-sobuslowhome-all-info/#:~:text=%E5%9B%9B%E3%83%84%E8%B0%B7	4	35.686	139.7306	online_car	https://wadattsu261.com/content/jb-chuo-sobuslowhome-all-info/
P0	四ツ谷	chuo	JR 中央線快速｜東京〜高尾	V2	路線全駅/駅別一覧確認済み	https://wadattsu261.com/content/jc-chuorapidhome-all-info/#:~:text=%E5%9B%9B%E3%83%84%E8%B0%B7	4	35.686	139.7306	online_car	https://wadattsu261.com/content/jc-chuorapidhome-all-info/
P0	四ツ谷	metro_m	東京メトロ 丸ノ内線｜池袋〜荻窪	V2	路線全駅/駅別一覧確認済み	https://wadattsu261.com/content/m-metromarunouchihome-all-info/#:~:text=%E5%9B%9B%E3%83%84%E8%B0%B7	4	35.686	139.7306	online_car	https://wadattsu261.com/content/m-metromarunouchihome-all-info/
P0	四ツ谷	metro_n	東京メトロ 南北線｜目黒〜赤羽岩淵	V2	路線全駅/駅別一覧確認済み	https://wadattsu261.com/content/n-metronambokuhome-all-info/#:~:text=%E5%9B%9B%E3%83%84%E8%B0%B7	4	35.686	139.7306	online_car	https://wadattsu261.com/content/n-metronambokuhome-all-info/
P0	大手町	metro_m	東京メトロ 丸ノ内線｜池袋〜荻窪	V2	路線全駅/駅別一覧確認済み	https://wadattsu261.com/content/m-metromarunouchihome-all-info/#:~:text=%E5%A4%A7%E6%89%8B%E7%94%BA	4	35.6852	139.7645	online_car	https://wadattsu261.com/content/m-metromarunouchihome-all-info/
P0	大手町	metro_c	東京メトロ 千代田線｜代々木上原〜北綾瀬	V2	路線全駅/駅別一覧確認済み	https://wadattsu261.com/content/c-metrochiyodahome-all-info/#:~:text=%E5%A4%A7%E6%89%8B%E7%94%BA	4	35.6852	139.7645	online_car	https://wadattsu261.com/content/c-metrochiyodahome-all-info/
P0	大手町	metro_z	東京メトロ 半蔵門線｜渋谷〜押上	V2	路線全駅/駅別一覧確認済み	https://wadattsu261.com/content/z-metrohanzomonhome-all-info/#:~:text=%E5%A4%A7%E6%89%8B%E7%94%BA	4	35.6852	139.7645	online_car	https://wadattsu261.com/content/z-metrohanzomonhome-all-info/
P0	大手町	metro_t	東京メトロ 東西線｜中野〜西船橋	V2	路線全駅/駅別一覧確認済み	https://wadattsu261.com/content/t-metrotozaihome-all-info/#:~:text=%E5%A4%A7%E6%89%8B%E7%94%BA	4	35.6852	139.7645	online_car	https://wadattsu261.com/content/t-metrotozaihome-all-info/
P0	秋葉原	chuo_sobu	JR 中央・総武線各停｜三鷹〜千葉	V2	路線全駅/駅別一覧確認済み	https://wadattsu261.com/content/jb-chuo-sobuslowhome-all-info/#:~:text=%E7%A7%8B%E8%91%89%E5%8E%9F	4	35.6984	139.7731	online_car	https://wadattsu261.com/content/jb-chuo-sobuslowhome-all-info/
P0	秋葉原	keihin	JR 京浜東北・根岸線｜大宮〜大船	V1	駅別詳細ページ確認済み	https://wadattsu261.com/content/akihabara-yamanote-keihinhome-info/	4	35.6984	139.7731	online_car	https://wadattsu261.com/content/jk-keihin-negishiall-info/
P0	秋葉原	yamanote	JR 山手線｜環状運転	D	アプリ内蔵（号車＋ドア）	https://wadattsu261.com/content/akihabara-yamanote-keihinhome-info/	4	35.6984	139.7731	static_detail	
P0	秋葉原	metro_h	東京メトロ 日比谷線｜北千住〜中目黒	V2	路線全駅/駅別一覧確認済み	https://wadattsu261.com/content/h-metrohibiyahome-all-info/#:~:text=%E7%A7%8B%E8%91%89%E5%8E%9F	4	35.6984	139.7731	online_car	https://wadattsu261.com/content/h-metrohibiyahome-all-info/
P0	飯田橋	chuo_sobu	JR 中央・総武線各停｜三鷹〜千葉	V2	路線全駅/駅別一覧確認済み	https://wadattsu261.com/content/jb-chuo-sobuslowhome-all-info/#:~:text=%E9%A3%AF%E7%94%B0%E6%A9%8B	4	35.702	139.745	online_car	https://wadattsu261.com/content/jb-chuo-sobuslowhome-all-info/
P0	飯田橋	metro_n	東京メトロ 南北線｜目黒〜赤羽岩淵	V2	路線全駅/駅別一覧確認済み	https://wadattsu261.com/content/n-metronambokuhome-all-info/#:~:text=%E9%A3%AF%E7%94%B0%E6%A9%8B	4	35.702	139.745	online_car	https://wadattsu261.com/content/n-metronambokuhome-all-info/
P0	飯田橋	metro_y	東京メトロ 有楽町線｜和光市〜新木場	V2	路線全駅/駅別一覧確認済み	https://wadattsu261.com/content/y-metroyurakuchohome-all-info/#:~:text=%E9%A3%AF%E7%94%B0%E6%A9%8B	4	35.702	139.745	online_car	https://wadattsu261.com/content/y-metroyurakuchohome-all-info/
P0	飯田橋	metro_t	東京メトロ 東西線｜中野〜西船橋	V2	路線全駅/駅別一覧確認済み	https://wadattsu261.com/content/t-metrotozaihome-all-info/#:~:text=%E9%A3%AF%E7%94%B0%E6%A9%8B	4	35.702	139.745	online_car	https://wadattsu261.com/content/t-metrotozaihome-all-info/
P0	中野	chuo_sobu	JR 中央・総武線各停｜三鷹〜千葉	V2	路線全駅/駅別一覧確認済み	https://wadattsu261.com/content/jb-chuo-sobuslowhome-all-info/#:~:text=%E4%B8%AD%E9%87%8E	3	35.7058	139.6658	online_car	https://wadattsu261.com/content/jb-chuo-sobuslowhome-all-info/
P0	中野	chuo	JR 中央線快速｜東京〜高尾	V2	路線全駅/駅別一覧確認済み	https://wadattsu261.com/content/jc-chuorapidhome-all-info/#:~:text=%E4%B8%AD%E9%87%8E	3	35.7058	139.6658	online_car	https://wadattsu261.com/content/jc-chuorapidhome-all-info/
P0	中野	metro_t	東京メトロ 東西線｜中野〜西船橋	V2	路線全駅/駅別一覧確認済み	https://wadattsu261.com/content/t-metrotozaihome-all-info/#:~:text=%E4%B8%AD%E9%87%8E	3	35.7058	139.6658	online_car	https://wadattsu261.com/content/t-metrotozaihome-all-info/
P0	北千住	joban	JR 常磐線快速｜品川〜取手	V2	路線全駅/駅別一覧確認済み	https://wadattsu261.com/content/jj-jobanrapidhome-all-info/#:~:text=%E5%8C%97%E5%8D%83%E4%BD%8F	3	35.7497	139.8051	online_car	https://wadattsu261.com/content/jj-jobanrapidhome-all-info/
P0	北千住	metro_c	東京メトロ 千代田線｜代々木上原〜北綾瀬	V2	路線全駅/駅別一覧確認済み	https://wadattsu261.com/content/c-metrochiyodahome-all-info/#:~:text=%E5%8C%97%E5%8D%83%E4%BD%8F	3	35.7497	139.8051	online_car	https://wadattsu261.com/content/c-metrochiyodahome-all-info/
P0	北千住	metro_h	東京メトロ 日比谷線｜北千住〜中目黒	C	アプリ内蔵（簡易号車）	https://wadattsu261.com/content/h-metrohibiyahome-all-info/	3	35.7497	139.8051	static_car	
P0	川崎	keihin	JR 京浜東北・根岸線｜大宮〜大船	D	アプリ内蔵（号車＋ドア）	https://wadattsu261.com/content/kawasaki-tokaido-keihin-nambuhome-info/	3	35.5313	139.6968	static_detail	
P0	川崎	nambu	JR 南武線｜川崎〜立川	V2	路線全駅/駅別一覧確認済み	https://wadattsu261.com/content/jn-nambuhome-all-info/#:~:text=%E5%B7%9D%E5%B4%8E	3	35.5313	139.6968	online_car	https://wadattsu261.com/content/jn-nambuhome-all-info/
P0	川崎	tokaido	JR 東海道線｜東京〜熱海	D	アプリ内蔵（号車＋ドア）	https://wadattsu261.com/content/kawasaki-tokaido-keihin-nambuhome-info/	3	35.5313	139.6968	static_detail	
P0	御茶ノ水	chuo_sobu	JR 中央・総武線各停｜三鷹〜千葉	V2	路線全駅/駅別一覧確認済み	https://wadattsu261.com/content/jb-chuo-sobuslowhome-all-info/#:~:text=%E5%BE%A1%E8%8C%B6%E3%83%8E%E6%B0%B4	3	35.6996	139.765	online_car	https://wadattsu261.com/content/jb-chuo-sobuslowhome-all-info/
P0	御茶ノ水	chuo	JR 中央線快速｜東京〜高尾	V2	路線全駅/駅別一覧確認済み	https://wadattsu261.com/content/jc-chuorapidhome-all-info/#:~:text=%E5%BE%A1%E8%8C%B6%E3%83%8E%E6%B0%B4	3	35.6996	139.765	online_car	https://wadattsu261.com/content/jc-chuorapidhome-all-info/
P0	御茶ノ水	metro_m	東京メトロ 丸ノ内線｜池袋〜荻窪	V2	路線全駅/駅別一覧確認済み	https://wadattsu261.com/content/m-metromarunouchihome-all-info/#:~:text=%E5%BE%A1%E8%8C%B6%E3%83%8E%E6%B0%B4	3	35.6996	139.765	online_car	https://wadattsu261.com/content/m-metromarunouchihome-all-info/
P0	有楽町	keihin	JR 京浜東北・根岸線｜大宮〜大船	V1	駅別詳細ページ確認済み	https://wadattsu261.com/content/yurakucho-yamanote-keihinhome-info/	3	35.675	139.7633	online_car	https://wadattsu261.com/content/jk-keihin-negishiall-info/
P0	有楽町	yamanote	JR 山手線｜環状運転	C	アプリ内蔵（簡易号車）	https://wadattsu261.com/content/jy-yamanotehome-soto-uchimawari-info/	3	35.675	139.7633	static_car	
P0	有楽町	metro_y	東京メトロ 有楽町線｜和光市〜新木場	V2	路線全駅/駅別一覧確認済み	https://wadattsu261.com/content/y-metroyurakuchohome-all-info/#:~:text=%E6%9C%89%E6%A5%BD%E7%94%BA	3	35.675	139.7633	online_car	https://wadattsu261.com/content/y-metroyurakuchohome-all-info/
P0	目黒	yamanote	JR 山手線｜環状運転	V2	路線全駅/駅別一覧確認済み	https://wadattsu261.com/content/jy-yamanotehome-soto-uchimawari-info/#:~:text=%E7%9B%AE%E9%BB%92	3	35.6339	139.7158	online_car	https://wadattsu261.com/content/jy-yamanotehome-soto-uchimawari-info/
P0	目黒	metro_n	東京メトロ 南北線｜目黒〜赤羽岩淵	V2	路線全駅/駅別一覧確認済み	https://wadattsu261.com/content/n-metronambokuhome-all-info/#:~:text=%E7%9B%AE%E9%BB%92	3	35.6339	139.7158	online_car	https://wadattsu261.com/content/n-metronambokuhome-all-info/
P0	目黒	meguro	東急 目黒線｜目黒〜日吉	V2	路線全駅/駅別一覧確認済み	https://wadattsu261.com/mg-tokyumegurohome-info/#:~:text=%E7%9B%AE%E9%BB%92	3	35.6339	139.7158	external_link	
P0	荻窪	chuo_sobu	JR 中央・総武線各停｜三鷹〜千葉	V2	路線全駅/駅別一覧確認済み	https://wadattsu261.com/content/jb-chuo-sobuslowhome-all-info/#:~:text=%E8%8D%BB%E7%AA%AA	3	35.7045	139.6201	online_car	https://wadattsu261.com/content/jb-chuo-sobuslowhome-all-info/
P0	荻窪	chuo	JR 中央線快速｜東京〜高尾	V2	路線全駅/駅別一覧確認済み	https://wadattsu261.com/content/jc-chuorapidhome-all-info/#:~:text=%E8%8D%BB%E7%AA%AA	3	35.7045	139.6201	online_car	https://wadattsu261.com/content/jc-chuorapidhome-all-info/
P0	荻窪	metro_m	東京メトロ 丸ノ内線｜池袋〜荻窪	V2	路線全駅/駅別一覧確認済み	https://wadattsu261.com/content/m-metromarunouchihome-all-info/#:~:text=%E8%8D%BB%E7%AA%AA	3	35.7045	139.6201	online_car	https://wadattsu261.com/content/m-metromarunouchihome-all-info/
P0	表参道	metro_c	東京メトロ 千代田線｜代々木上原〜北綾瀬	V2	路線全駅/駅別一覧確認済み	https://wadattsu261.com/content/c-metrochiyodahome-all-info/#:~:text=%E8%A1%A8%E5%8F%82%E9%81%93	3	35.6652	139.712	online_car	https://wadattsu261.com/content/c-metrochiyodahome-all-info/
P0	表参道	metro_z	東京メトロ 半蔵門線｜渋谷〜押上	V2	路線全駅/駅別一覧確認済み	https://wadattsu261.com/content/z-metrohanzomonhome-all-info/#:~:text=%E8%A1%A8%E5%8F%82%E9%81%93	3	35.6652	139.712	online_car	https://wadattsu261.com/content/z-metrohanzomonhome-all-info/
P0	表参道	metro_g	東京メトロ 銀座線｜浅草〜渋谷	C	アプリ内蔵（簡易号車）	https://wadattsu261.com/content/g-metroginzahome-all-info/	3	35.6652	139.712	static_car	
P0	西日暮里	keihin	JR 京浜東北・根岸線｜大宮〜大船	V1	駅別詳細ページ確認済み	https://wadattsu261.com/content/nishinippori-yamanote-keihinhome-info/	3	35.7321	139.7668	online_car	https://wadattsu261.com/content/jk-keihin-negishiall-info/
P0	西日暮里	yamanote	JR 山手線｜環状運転	V2	路線全駅/駅別一覧確認済み	https://wadattsu261.com/content/jy-yamanotehome-soto-uchimawari-info/#:~:text=%E8%A5%BF%E6%97%A5%E6%9A%AE%E9%87%8C	3	35.7321	139.7668	online_car	https://wadattsu261.com/content/jy-yamanotehome-soto-uchimawari-info/
P0	西日暮里	metro_c	東京メトロ 千代田線｜代々木上原〜北綾瀬	V2	路線全駅/駅別一覧確認済み	https://wadattsu261.com/content/c-metrochiyodahome-all-info/#:~:text=%E8%A5%BF%E6%97%A5%E6%9A%AE%E9%87%8C	3	35.7321	139.7668	online_car	https://wadattsu261.com/content/c-metrochiyodahome-all-info/
P0	銀座	metro_m	東京メトロ 丸ノ内線｜池袋〜荻窪	V2	路線全駅/駅別一覧確認済み	https://wadattsu261.com/content/m-metromarunouchihome-all-info/#:~:text=%E9%8A%80%E5%BA%A7	3	35.6719	139.7641	online_car	https://wadattsu261.com/content/m-metromarunouchihome-all-info/
P0	銀座	metro_h	東京メトロ 日比谷線｜北千住〜中目黒	V2	路線全駅/駅別一覧確認済み	https://wadattsu261.com/content/h-metrohibiyahome-all-info/#:~:text=%E9%8A%80%E5%BA%A7	3	35.6719	139.7641	online_car	https://wadattsu261.com/content/h-metrohibiyahome-all-info/
P0	銀座	metro_g	東京メトロ 銀座線｜浅草〜渋谷	C	アプリ内蔵（簡易号車）	https://wadattsu261.com/content/g-metroginzahome-all-info/	3	35.6719	139.7641	static_car	
P0	錦糸町	chuo_sobu	JR 中央・総武線各停｜三鷹〜千葉	V2	路線全駅/駅別一覧確認済み	https://wadattsu261.com/content/jb-chuo-sobuslowhome-all-info/#:~:text=%E9%8C%A6%E7%B3%B8%E7%94%BA	3	35.6964	139.814	online_car	https://wadattsu261.com/content/jb-chuo-sobuslowhome-all-info/
P0	錦糸町	sobu	JR 総武線快速｜東京〜千葉	V2	路線全駅/駅別一覧確認済み	https://wadattsu261.com/content/jo-yokosuka-soburapidhome-all-info/#:~:text=%E9%8C%A6%E7%B3%B8%E7%94%BA	3	35.6964	139.814	online_car	https://wadattsu261.com/content/jo-yokosuka-soburapidhome-all-info/
P0	錦糸町	metro_z	東京メトロ 半蔵門線｜渋谷〜押上	V2	路線全駅/駅別一覧確認済み	https://wadattsu261.com/content/z-metrohanzomonhome-all-info/#:~:text=%E9%8C%A6%E7%B3%B8%E7%94%BA	3	35.6964	139.814	online_car	https://wadattsu261.com/content/z-metrohanzomonhome-all-info/
P0	吉祥寺	chuo_sobu	JR 中央・総武線各停｜三鷹〜千葉	V2	路線全駅/駅別一覧確認済み	https://wadattsu261.com/content/jb-chuo-sobuslowhome-all-info/#:~:text=%E5%90%89%E7%A5%A5%E5%AF%BA	2	35.7031	139.5798	online_car	https://wadattsu261.com/content/jb-chuo-sobuslowhome-all-info/
P0	吉祥寺	chuo	JR 中央線快速｜東京〜高尾	V2	路線全駅/駅別一覧確認済み	https://wadattsu261.com/content/jc-chuorapidhome-all-info/#:~:text=%E5%90%89%E7%A5%A5%E5%AF%BA	2	35.7031	139.5798	online_car	https://wadattsu261.com/content/jc-chuorapidhome-all-info/
P0	新横浜	yokohama	JR 横浜線・根岸線直通｜八王子〜大船	V2	路線全駅/駅別一覧確認済み	https://wadattsu261.com/content/jh-yokohama-negishiall-info/#:~:text=%E6%96%B0%E6%A8%AA%E6%B5%9C	2	35.5075	139.6176	online_car	https://wadattsu261.com/content/jh-yokohama-negishiall-info/
P0	新横浜	blue	横浜市営 ブルーライン｜あざみ野〜湘南台	V1	駅別詳細ページ確認済み	https://wadattsu261.com/content/shinyokohama-yokohamablueline-info/	2	35.5075	139.6176	online_car	https://wadattsu261.com/content/b-bluelinehome-all-info/
P0	町田	yokohama	JR 横浜線・根岸線直通｜八王子〜大船	V2	路線全駅/駅別一覧確認済み	https://wadattsu261.com/content/jh-yokohama-negishiall-info/#:~:text=%E7%94%BA%E7%94%B0	2	35.542	139.4451	online_car	https://wadattsu261.com/content/jh-yokohama-negishiall-info/
P0	町田	odakyu	小田急 小田原線｜新宿〜小田原	R	路線一覧/汎用案内のみ	https://wadattsu261.com/stationhome-info/	2	35.542	139.4451	external_link	
P0	立川	chuo	JR 中央線快速｜東京〜高尾	V2	路線全駅/駅別一覧確認済み	https://wadattsu261.com/content/jc-chuorapidhome-all-info/#:~:text=%E7%AB%8B%E5%B7%9D	2	35.6987	139.4132	online_car	https://wadattsu261.com/content/jc-chuorapidhome-all-info/
P0	立川	nambu	JR 南武線｜川崎〜立川	V2	路線全駅/駅別一覧確認済み	https://wadattsu261.com/content/jn-nambuhome-all-info/#:~:text=%E7%AB%8B%E5%B7%9D	2	35.6987	139.4132	online_car	https://wadattsu261.com/content/jn-nambuhome-all-info/
P0	高田馬場	yamanote	JR 山手線｜環状運転	D	アプリ内蔵（号車＋ドア）	https://wadattsu261.com/content/takadanobaba-yamanotehome-info/	2	35.7126	139.7039	static_detail	
P0	高田馬場	metro_t	東京メトロ 東西線｜中野〜西船橋	V2	路線全駅/駅別一覧確認済み	https://wadattsu261.com/content/t-metrotozaihome-all-info/#:~:text=%E9%AB%98%E7%94%B0%E9%A6%AC%E5%A0%B4	2	35.7126	139.7039	online_car	https://wadattsu261.com/content/t-metrotozaihome-all-info/
P0	六本木	metro_h	東京メトロ 日比谷線｜北千住〜中目黒	V2	路線全駅/駅別一覧確認済み	https://wadattsu261.com/content/h-metrohibiyahome-all-info/#:~:text=%E5%85%AD%E6%9C%AC%E6%9C%A8	1	35.6628	139.7314	online_car	https://wadattsu261.com/content/h-metrohibiyahome-all-info/
P0	豊洲	metro_y	東京メトロ 有楽町線｜和光市〜新木場	V2	路線全駅/駅別一覧確認済み	https://wadattsu261.com/content/y-metroyurakuchohome-all-info/#:~:text=%E8%B1%8A%E6%B4%B2	1	35.6549	139.7961	online_car	https://wadattsu261.com/content/y-metroyurakuchohome-all-info/
P1	大船	keihin	JR 京浜東北・根岸線｜大宮〜大船	V1	駅別詳細ページ確認済み	https://wadattsu261.com/content/ofuna-negishihome-no9-10-info/	6	35.354	139.5311	online_car	https://wadattsu261.com/content/jk-keihin-negishiall-info/
P1	大船	tokaido	JR 東海道線｜東京〜熱海	V1	駅別詳細ページ確認済み	https://wadattsu261.com/content/ofuna-tokaidohome-info/	6	35.354	139.5311	online_car	https://wadattsu261.com/content/jt-tokaidohome-all-info/
P1	大船	yokohama	JR 横浜線・根岸線直通｜八王子〜大船	V2	路線全駅/駅別一覧確認済み	https://wadattsu261.com/content/jh-yokohama-negishiall-info/#:~:text=%E5%A4%A7%E8%88%B9	6	35.354	139.5311	online_car	https://wadattsu261.com/content/jh-yokohama-negishiall-info/
P1	大船	yokosuka	JR 横須賀線｜東京〜久里浜	V1	駅別詳細ページ確認済み	https://wadattsu261.com/content/ofuna-yokosuka-shonanshinjukuline-info/	6	35.354	139.5311	online_car	https://wadattsu261.com/content/jo-yokosuka-soburapidhome-all-info/
P1	大船	shonan_u	JR 湘南新宿ライン｜宇都宮〜逗子	V2	路線全駅/駅別一覧確認済み	https://wadattsu261.com/content/js-shonanshinjukuline-all-info/#:~:text=%E5%A4%A7%E8%88%B9	6	35.354	139.5311	online_car	https://wadattsu261.com/content/js-shonanshinjukuline-all-info/
P1	大船	shonan_t	JR 湘南新宿ライン｜高崎〜小田原	V2	路線全駅/駅別一覧確認済み	https://wadattsu261.com/content/js-shonanshinjukuline-all-info/#:~:text=%E5%A4%A7%E8%88%B9	6	35.354	139.5311	online_car	https://wadattsu261.com/content/js-shonanshinjukuline-all-info/
P1	戸塚	tokaido	JR 東海道線｜東京〜熱海	D	アプリ内蔵（号車＋ドア）	https://wadattsu261.com/content/totsuka-yokosuka-shonanshinjuku-tokaidohome-info/	5	35.4004	139.5343	static_detail	
P1	戸塚	yokosuka	JR 横須賀線｜東京〜久里浜	D	アプリ内蔵（号車＋ドア）	https://wadattsu261.com/content/totsuka-yokosuka-shonanshinjuku-tokaidohome-info/	5	35.4004	139.5343	static_detail	
P1	戸塚	shonan_u	JR 湘南新宿ライン｜宇都宮〜逗子	V2	路線全駅/駅別一覧確認済み	https://wadattsu261.com/content/js-shonanshinjukuline-all-info/#:~:text=%E6%88%B8%E5%A1%9A	5	35.4004	139.5343	online_car	https://wadattsu261.com/content/js-shonanshinjukuline-all-info/
P1	戸塚	shonan_t	JR 湘南新宿ライン｜高崎〜小田原	V2	路線全駅/駅別一覧確認済み	https://wadattsu261.com/content/js-shonanshinjukuline-all-info/#:~:text=%E6%88%B8%E5%A1%9A	5	35.4004	139.5343	online_car	https://wadattsu261.com/content/js-shonanshinjukuline-all-info/
P1	戸塚	blue	横浜市営 ブルーライン｜あざみ野〜湘南台	V1	駅別詳細ページ確認済み	https://wadattsu261.com/content/totsuka-yokohamablueline-info/	5	35.4004	139.5343	online_car	https://wadattsu261.com/content/b-bluelinehome-all-info/
P1	上大岡	keikyu_k	京急 久里浜線直通｜泉岳寺〜三崎口	R	路線一覧/汎用案内のみ	https://wadattsu261.com/stationhome-info/	4	35.409	139.5968	external_link	
P1	上大岡	keikyu	京急 本線｜泉岳寺〜浦賀	R	路線一覧/汎用案内のみ	https://wadattsu261.com/stationhome-info/	4	35.409	139.5968	external_link	
P1	上大岡	keikyu_z	京急 逗子線直通｜横浜〜逗子・葉山	R	路線一覧/汎用案内のみ	https://wadattsu261.com/stationhome-info/	4	35.409	139.5968	external_link	
P1	上大岡	blue	横浜市営 ブルーライン｜あざみ野〜湘南台	V1	駅別詳細ページ確認済み	https://wadattsu261.com/content/kamiooka-yokohamablueline-info/	4	35.409	139.5968	online_car	https://wadattsu261.com/content/b-bluelinehome-all-info/
P1	大崎	saikyo	JR 埼京・川越線｜大崎〜川越	V2	路線全駅/駅別一覧確認済み	https://wadattsu261.com/content/ja-saikyo-kawagoehome-all-info/#:~:text=%E5%A4%A7%E5%B4%8E	4	35.6197	139.7286	online_car	https://wadattsu261.com/content/ja-saikyo-kawagoehome-all-info/
P1	大崎	yamanote	JR 山手線｜環状運転	V2	路線全駅/駅別一覧確認済み	https://wadattsu261.com/content/jy-yamanotehome-soto-uchimawari-info/#:~:text=%E5%A4%A7%E5%B4%8E	4	35.6197	139.7286	online_car	https://wadattsu261.com/content/jy-yamanotehome-soto-uchimawari-info/
P1	大崎	shonan_u	JR 湘南新宿ライン｜宇都宮〜逗子	V2	路線全駅/駅別一覧確認済み	https://wadattsu261.com/content/js-shonanshinjukuline-all-info/#:~:text=%E5%A4%A7%E5%B4%8E	4	35.6197	139.7286	online_car	https://wadattsu261.com/content/js-shonanshinjukuline-all-info/
P1	大崎	shonan_t	JR 湘南新宿ライン｜高崎〜小田原	V2	路線全駅/駅別一覧確認済み	https://wadattsu261.com/content/js-shonanshinjukuline-all-info/#:~:text=%E5%A4%A7%E5%B4%8E	4	35.6197	139.7286	online_car	https://wadattsu261.com/content/js-shonanshinjukuline-all-info/
P1	神田	chuo	JR 中央線快速｜東京〜高尾	V2	路線全駅/駅別一覧確認済み	https://wadattsu261.com/content/jc-chuorapidhome-all-info/#:~:text=%E7%A5%9E%E7%94%B0	4	35.6917	139.7709	online_car	https://wadattsu261.com/content/jc-chuorapidhome-all-info/
P1	神田	keihin	JR 京浜東北・根岸線｜大宮〜大船	V1	駅別詳細ページ確認済み	https://wadattsu261.com/content/kanda-yamanote-keihin-chuorapidhome-info/	4	35.6917	139.7709	online_car	https://wadattsu261.com/content/jk-keihin-negishiall-info/
P1	神田	yamanote	JR 山手線｜環状運転	D	アプリ内蔵（号車＋ドア）	https://wadattsu261.com/content/kanda-yamanote-keihin-chuorapidhome-info/	4	35.6917	139.7709	static_detail	
P1	神田	metro_g	東京メトロ 銀座線｜浅草〜渋谷	C	アプリ内蔵（簡易号車）	https://wadattsu261.com/content/g-metroginzahome-all-info/	4	35.6917	139.7709	static_car	
P1	さいたま新都心	keihin	JR 京浜東北・根岸線｜大宮〜大船	V1	駅別詳細ページ確認済み	https://wadattsu261.com/content/saitamashintoshin-keihin-tohokuhome-info/	3	35.8938	139.6336	online_car	https://wadattsu261.com/content/jk-keihin-negishiall-info/
P1	さいたま新都心	utsunomiya	JR 宇都宮線｜東京〜宇都宮	V2	路線全駅/駅別一覧確認済み	https://wadattsu261.com/content/ju-utsunomiyahome-all-info/#:~:text=%E3%81%95%E3%81%84%E3%81%9F%E3%81%BE%E6%96%B0%E9%83%BD%E5%BF%83	3	35.8938	139.6336	online_car	https://wadattsu261.com/content/ju-utsunomiyahome-all-info/
P1	さいたま新都心	takasaki	JR 高崎線｜東京〜高崎	V2	路線全駅/駅別一覧確認済み	https://wadattsu261.com/content/ju-takasakihome-all-info/#:~:text=%E3%81%95%E3%81%84%E3%81%9F%E3%81%BE%E6%96%B0%E9%83%BD%E5%BF%83	3	35.8938	139.6336	online_car	https://wadattsu261.com/content/ju-takasakihome-all-info/
P1	井土ヶ谷	keikyu_k	京急 久里浜線直通｜泉岳寺〜三崎口	R	路線一覧/汎用案内のみ	https://wadattsu261.com/stationhome-info/	3	35.4338	139.6009	external_link	
P1	井土ヶ谷	keikyu	京急 本線｜泉岳寺〜浦賀	R	路線一覧/汎用案内のみ	https://wadattsu261.com/stationhome-info/	3	35.4338	139.6009	external_link	
P1	井土ヶ谷	keikyu_z	京急 逗子線直通｜横浜〜逗子・葉山	R	路線一覧/汎用案内のみ	https://wadattsu261.com/stationhome-info/	3	35.4338	139.6009	external_link	
P1	京急富岡	keikyu_k	京急 久里浜線直通｜泉岳寺〜三崎口	R	路線一覧/汎用案内のみ	https://wadattsu261.com/stationhome-info/	3	35.3661	139.6293	external_link	
P1	京急富岡	keikyu	京急 本線｜泉岳寺〜浦賀	R	路線一覧/汎用案内のみ	https://wadattsu261.com/stationhome-info/	3	35.3661	139.6293	external_link	
P1	京急富岡	keikyu_z	京急 逗子線直通｜横浜〜逗子・葉山	R	路線一覧/汎用案内のみ	https://wadattsu261.com/stationhome-info/	3	35.3661	139.6293	external_link	
P1	京急川崎	keikyu_k	京急 久里浜線直通｜泉岳寺〜三崎口	R	路線一覧/汎用案内のみ	https://wadattsu261.com/stationhome-info/	3	35.5327	139.7003	external_link	
P1	京急川崎	keikyu	京急 本線｜泉岳寺〜浦賀	R	路線一覧/汎用案内のみ	https://wadattsu261.com/stationhome-info/	3	35.5327	139.7003	external_link	
P1	京急川崎	keikyu_a	京急 空港線直通｜横浜〜羽田空港	R	路線一覧/汎用案内のみ	https://wadattsu261.com/stationhome-info/	3	35.5327	139.7003	external_link	
P1	京急新子安	keikyu_k	京急 久里浜線直通｜泉岳寺〜三崎口	R	路線一覧/汎用案内のみ	https://wadattsu261.com/stationhome-info/	3	35.487	139.6553	external_link	
P1	京急新子安	keikyu	京急 本線｜泉岳寺〜浦賀	R	路線一覧/汎用案内のみ	https://wadattsu261.com/stationhome-info/	3	35.487	139.6553	external_link	
P1	京急新子安	keikyu_a	京急 空港線直通｜横浜〜羽田空港	R	路線一覧/汎用案内のみ	https://wadattsu261.com/stationhome-info/	3	35.487	139.6553	external_link	
P1	京急東神奈川	keikyu_k	京急 久里浜線直通｜泉岳寺〜三崎口	R	路線一覧/汎用案内のみ	https://wadattsu261.com/stationhome-info/	3	35.4772	139.6352	external_link	
P1	京急東神奈川	keikyu	京急 本線｜泉岳寺〜浦賀	R	路線一覧/汎用案内のみ	https://wadattsu261.com/stationhome-info/	3	35.4772	139.6352	external_link	
P1	京急東神奈川	keikyu_a	京急 空港線直通｜横浜〜羽田空港	R	路線一覧/汎用案内のみ	https://wadattsu261.com/stationhome-info/	3	35.4772	139.6352	external_link	
P1	京急蒲田	keikyu_k	京急 久里浜線直通｜泉岳寺〜三崎口	R	路線一覧/汎用案内のみ	https://wadattsu261.com/stationhome-info/	3	35.5607	139.7236	external_link	
P1	京急蒲田	keikyu	京急 本線｜泉岳寺〜浦賀	R	路線一覧/汎用案内のみ	https://wadattsu261.com/stationhome-info/	3	35.5607	139.7236	external_link	
P1	京急蒲田	keikyu_a	京急 空港線直通｜横浜〜羽田空港	R	路線一覧/汎用案内のみ	https://wadattsu261.com/stationhome-info/	3	35.5607	139.7236	external_link	
P1	京急鶴見	keikyu_k	京急 久里浜線直通｜泉岳寺〜三崎口	R	路線一覧/汎用案内のみ	https://wadattsu261.com/stationhome-info/	3	35.5071	139.6775	external_link	
P1	京急鶴見	keikyu	京急 本線｜泉岳寺〜浦賀	R	路線一覧/汎用案内のみ	https://wadattsu261.com/stationhome-info/	3	35.5071	139.6775	external_link	
P1	京急鶴見	keikyu_a	京急 空港線直通｜横浜〜羽田空港	R	路線一覧/汎用案内のみ	https://wadattsu261.com/stationhome-info/	3	35.5071	139.6775	external_link	
P1	保土ケ谷	yokosuka	JR 横須賀線｜東京〜久里浜	V2	路線全駅/駅別一覧確認済み	https://wadattsu261.com/content/jo-yokosuka-soburapidhome-all-info/#:~:text=%E4%BF%9D%E5%9C%9F%E3%82%B1%E8%B0%B7	3	35.4468	139.5997	online_car	https://wadattsu261.com/content/jo-yokosuka-soburapidhome-all-info/
P1	保土ケ谷	shonan_u	JR 湘南新宿ライン｜宇都宮〜逗子	V2	路線全駅/駅別一覧確認済み	https://wadattsu261.com/content/js-shonanshinjukuline-all-info/#:~:text=%E4%BF%9D%E5%9C%9F%E3%82%B1%E8%B0%B7	3	35.4468	139.5997	online_car	https://wadattsu261.com/content/js-shonanshinjukuline-all-info/
P1	保土ケ谷	shonan_t	JR 湘南新宿ライン｜高崎〜小田原	V2	路線全駅/駅別一覧確認済み	https://wadattsu261.com/content/js-shonanshinjukuline-all-info/#:~:text=%E4%BF%9D%E5%9C%9F%E3%82%B1%E8%B0%B7	3	35.4468	139.5997	online_car	https://wadattsu261.com/content/js-shonanshinjukuline-all-info/
P1	八丁畷	keikyu_k	京急 久里浜線直通｜泉岳寺〜三崎口	R	路線一覧/汎用案内のみ	https://wadattsu261.com/stationhome-info/	3	35.523	139.6915	external_link	
P1	八丁畷	keikyu	京急 本線｜泉岳寺〜浦賀	R	路線一覧/汎用案内のみ	https://wadattsu261.com/stationhome-info/	3	35.523	139.6915	external_link	
P1	八丁畷	keikyu_a	京急 空港線直通｜横浜〜羽田空港	R	路線一覧/汎用案内のみ	https://wadattsu261.com/stationhome-info/	3	35.523	139.6915	external_link	
P1	六郷土手	keikyu_k	京急 久里浜線直通｜泉岳寺〜三崎口	R	路線一覧/汎用案内のみ	https://wadattsu261.com/stationhome-info/	3	35.5405	139.7071	external_link	
P1	六郷土手	keikyu	京急 本線｜泉岳寺〜浦賀	R	路線一覧/汎用案内のみ	https://wadattsu261.com/stationhome-info/	3	35.5405	139.7071	external_link	
P1	六郷土手	keikyu_a	京急 空港線直通｜横浜〜羽田空港	R	路線一覧/汎用案内のみ	https://wadattsu261.com/stationhome-info/	3	35.5405	139.7071	external_link	
P1	南太田	keikyu_k	京急 久里浜線直通｜泉岳寺〜三崎口	R	路線一覧/汎用案内のみ	https://wadattsu261.com/stationhome-info/	3	35.4368	139.6132	external_link	
P1	南太田	keikyu	京急 本線｜泉岳寺〜浦賀	R	路線一覧/汎用案内のみ	https://wadattsu261.com/stationhome-info/	3	35.4368	139.6132	external_link	
P1	南太田	keikyu_z	京急 逗子線直通｜横浜〜逗子・葉山	R	路線一覧/汎用案内のみ	https://wadattsu261.com/stationhome-info/	3	35.4368	139.6132	external_link	
P1	和光市	metro_f	東京メトロ 副都心線｜和光市〜渋谷	V2	路線全駅/駅別一覧確認済み	https://wadattsu261.com/f-metrofukutoshinhome-info/#:~:text=%E5%92%8C%E5%85%89%E5%B8%82	3	35.7885	139.6127	external_link	
P1	和光市	metro_y	東京メトロ 有楽町線｜和光市〜新木場	V2	路線全駅/駅別一覧確認済み	https://wadattsu261.com/content/y-metroyurakuchohome-all-info/#:~:text=%E5%92%8C%E5%85%89%E5%B8%82	3	35.7885	139.6127	online_car	https://wadattsu261.com/content/y-metroyurakuchohome-all-info/
P1	和光市	tobu_tojo	東武 東上線｜池袋〜小川町	V2	路線全駅/駅別一覧確認済み	https://wadattsu261.com/content/tj-tobutojohome-all-info/#:~:text=%E5%92%8C%E5%85%89%E5%B8%82	3	35.7885	139.6127	online_car	https://wadattsu261.com/content/tj-tobutojohome-all-info/
P1	子安	keikyu_k	京急 久里浜線直通｜泉岳寺〜三崎口	R	路線一覧/汎用案内のみ	https://wadattsu261.com/stationhome-info/	3	35.4843	139.641	external_link	
P1	子安	keikyu	京急 本線｜泉岳寺〜浦賀	R	路線一覧/汎用案内のみ	https://wadattsu261.com/stationhome-info/	3	35.4843	139.641	external_link	
P1	子安	keikyu_a	京急 空港線直通｜横浜〜羽田空港	R	路線一覧/汎用案内のみ	https://wadattsu261.com/stationhome-info/	3	35.4843	139.641	external_link	
P1	小田原	tokaido	JR 東海道線｜東京〜熱海	V1	駅別詳細ページ確認済み	https://wadattsu261.com/content/odawara-tokaidohome-info/	3	35.2564	139.1559	online_car	https://wadattsu261.com/content/jt-tokaidohome-all-info/
P1	小田原	shonan_t	JR 湘南新宿ライン｜高崎〜小田原	V2	路線全駅/駅別一覧確認済み	https://wadattsu261.com/content/js-shonanshinjukuline-all-info/#:~:text=%E5%B0%8F%E7%94%B0%E5%8E%9F	3	35.2564	139.1559	online_car	https://wadattsu261.com/content/js-shonanshinjukuline-all-info/
P1	小田原	odakyu	小田急 小田原線｜新宿〜小田原	R	路線一覧/汎用案内のみ	https://wadattsu261.com/stationhome-info/	3	35.2564	139.1559	external_link	
P1	屏風浦	keikyu_k	京急 久里浜線直通｜泉岳寺〜三崎口	R	路線一覧/汎用案内のみ	https://wadattsu261.com/stationhome-info/	3	35.3932	139.6095	external_link	
P1	屏風浦	keikyu	京急 本線｜泉岳寺〜浦賀	R	路線一覧/汎用案内のみ	https://wadattsu261.com/stationhome-info/	3	35.3932	139.6095	external_link	
P1	屏風浦	keikyu_z	京急 逗子線直通｜横浜〜逗子・葉山	R	路線一覧/汎用案内のみ	https://wadattsu261.com/stationhome-info/	3	35.3932	139.6095	external_link	
P1	市ケ谷	chuo_sobu	JR 中央・総武線各停｜三鷹〜千葉	V2	路線全駅/駅別一覧確認済み	https://wadattsu261.com/content/jb-chuo-sobuslowhome-all-info/#:~:text=%E5%B8%82%E3%82%B1%E8%B0%B7	3	35.691	139.7356	online_car	https://wadattsu261.com/content/jb-chuo-sobuslowhome-all-info/
P1	市ケ谷	metro_n	東京メトロ 南北線｜目黒〜赤羽岩淵	V2	路線全駅/駅別一覧確認済み	https://wadattsu261.com/content/n-metronambokuhome-all-info/#:~:text=%E5%B8%82%E3%82%B1%E8%B0%B7	3	35.691	139.7356	online_car	https://wadattsu261.com/content/n-metronambokuhome-all-info/
P1	市ケ谷	metro_y	東京メトロ 有楽町線｜和光市〜新木場	V2	路線全駅/駅別一覧確認済み	https://wadattsu261.com/content/y-metroyurakuchohome-all-info/#:~:text=%E5%B8%82%E3%82%B1%E8%B0%B7	3	35.691	139.7356	online_car	https://wadattsu261.com/content/y-metroyurakuchohome-all-info/
P1	弘明寺	keikyu_k	京急 久里浜線直通｜泉岳寺〜三崎口	R	路線一覧/汎用案内のみ	https://wadattsu261.com/stationhome-info/	3	35.4248	139.5961	external_link	
P1	弘明寺	keikyu	京急 本線｜泉岳寺〜浦賀	R	路線一覧/汎用案内のみ	https://wadattsu261.com/stationhome-info/	3	35.4248	139.5961	external_link	
P1	弘明寺	keikyu_z	京急 逗子線直通｜横浜〜逗子・葉山	R	路線一覧/汎用案内のみ	https://wadattsu261.com/stationhome-info/	3	35.4248	139.5961	external_link	
P1	戸部	keikyu_k	京急 久里浜線直通｜泉岳寺〜三崎口	R	路線一覧/汎用案内のみ	https://wadattsu261.com/stationhome-info/	3	35.4563	139.6194	external_link	
P1	戸部	keikyu	京急 本線｜泉岳寺〜浦賀	R	路線一覧/汎用案内のみ	https://wadattsu261.com/stationhome-info/	3	35.4563	139.6194	external_link	
P1	戸部	keikyu_z	京急 逗子線直通｜横浜〜逗子・葉山	R	路線一覧/汎用案内のみ	https://wadattsu261.com/stationhome-info/	3	35.4563	139.6194	external_link	
P1	新川崎	yokosuka	JR 横須賀線｜東京〜久里浜	V1	駅別詳細ページ確認済み	https://wadattsu261.com/content/shinkawasaki-yokosukahome-info/	3	35.5514	139.6715	online_car	https://wadattsu261.com/content/jo-yokosuka-soburapidhome-all-info/
P1	新川崎	shonan_u	JR 湘南新宿ライン｜宇都宮〜逗子	V2	路線全駅/駅別一覧確認済み	https://wadattsu261.com/content/js-shonanshinjukuline-all-info/#:~:text=%E6%96%B0%E5%B7%9D%E5%B4%8E	3	35.5514	139.6715	online_car	https://wadattsu261.com/content/js-shonanshinjukuline-all-info/
P1	新川崎	shonan_t	JR 湘南新宿ライン｜高崎〜小田原	V2	路線全駅/駅別一覧確認済み	https://wadattsu261.com/content/js-shonanshinjukuline-all-info/#:~:text=%E6%96%B0%E5%B7%9D%E5%B4%8E	3	35.5514	139.6715	online_car	https://wadattsu261.com/content/js-shonanshinjukuline-all-info/
P1	日ノ出町	keikyu_k	京急 久里浜線直通｜泉岳寺〜三崎口	R	路線一覧/汎用案内のみ	https://wadattsu261.com/stationhome-info/	3	35.4452	139.6263	external_link	
P1	日ノ出町	keikyu	京急 本線｜泉岳寺〜浦賀	R	路線一覧/汎用案内のみ	https://wadattsu261.com/stationhome-info/	3	35.4452	139.6263	external_link	
P1	日ノ出町	keikyu_z	京急 逗子線直通｜横浜〜逗子・葉山	R	路線一覧/汎用案内のみ	https://wadattsu261.com/stationhome-info/	3	35.4452	139.6263	external_link	
P1	日暮里	keihin	JR 京浜東北・根岸線｜大宮〜大船	V1	駅別詳細ページ確認済み	https://wadattsu261.com/content/nippori-joban-yamanote-keihinhome-info/	3	35.7278	139.7709	online_car	https://wadattsu261.com/content/jk-keihin-negishiall-info/
P1	日暮里	yamanote	JR 山手線｜環状運転	D	アプリ内蔵（号車＋ドア）	https://wadattsu261.com/content/nippori-joban-yamanote-keihinhome-info/	3	35.7278	139.7709	static_detail	
P1	日暮里	joban	JR 常磐線快速｜品川〜取手	V2	路線全駅/駅別一覧確認済み	https://wadattsu261.com/content/jj-jobanrapidhome-all-info/#:~:text=%E6%97%A5%E6%9A%AE%E9%87%8C	3	35.7278	139.7709	online_car	https://wadattsu261.com/content/jj-jobanrapidhome-all-info/
P1	杉田	keikyu_k	京急 久里浜線直通｜泉岳寺〜三崎口	R	路線一覧/汎用案内のみ	https://wadattsu261.com/stationhome-info/	3	35.3837	139.6169	external_link	
P1	杉田	keikyu	京急 本線｜泉岳寺〜浦賀	R	路線一覧/汎用案内のみ	https://wadattsu261.com/stationhome-info/	3	35.3837	139.6169	external_link	
P1	杉田	keikyu_z	京急 逗子線直通｜横浜〜逗子・葉山	R	路線一覧/汎用案内のみ	https://wadattsu261.com/stationhome-info/	3	35.3837	139.6169	external_link	
P1	東戸塚	yokosuka	JR 横須賀線｜東京〜久里浜	V1	駅別詳細ページ確認済み	https://wadattsu261.com/content/higashitotsuka-yokosukahome-info/	3	35.43	139.5567	online_car	https://wadattsu261.com/content/jo-yokosuka-soburapidhome-all-info/
P1	東戸塚	shonan_u	JR 湘南新宿ライン｜宇都宮〜逗子	V2	路線全駅/駅別一覧確認済み	https://wadattsu261.com/content/js-shonanshinjukuline-all-info/#:~:text=%E6%9D%B1%E6%88%B8%E5%A1%9A	3	35.43	139.5567	online_car	https://wadattsu261.com/content/js-shonanshinjukuline-all-info/
P1	東戸塚	shonan_t	JR 湘南新宿ライン｜高崎〜小田原	V2	路線全駅/駅別一覧確認済み	https://wadattsu261.com/content/js-shonanshinjukuline-all-info/#:~:text=%E6%9D%B1%E6%88%B8%E5%A1%9A	3	35.43	139.5567	online_car	https://wadattsu261.com/content/js-shonanshinjukuline-all-info/
P1	桜木町	keihin	JR 京浜東北・根岸線｜大宮〜大船	V1	駅別詳細ページ確認済み	https://wadattsu261.com/content/sakuragicho-negishihome-info/	3	35.4509	139.6312	online_car	https://wadattsu261.com/content/jk-keihin-negishiall-info/
P1	桜木町	yokohama	JR 横浜線・根岸線直通｜八王子〜大船	V2	路線全駅/駅別一覧確認済み	https://wadattsu261.com/content/jh-yokohama-negishiall-info/#:~:text=%E6%A1%9C%E6%9C%A8%E7%94%BA	3	35.4509	139.6312	online_car	https://wadattsu261.com/content/jh-yokohama-negishiall-info/
P1	桜木町	blue	横浜市営 ブルーライン｜あざみ野〜湘南台	D	アプリ内蔵（号車＋ドア）	https://wadattsu261.com/content/sakuragicho-yokohamablueline-info/	3	35.4509	139.6312	static_detail	
P1	永田町	metro_z	東京メトロ 半蔵門線｜渋谷〜押上	V2	路線全駅/駅別一覧確認済み	https://wadattsu261.com/content/z-metrohanzomonhome-all-info/#:~:text=%E6%B0%B8%E7%94%B0%E7%94%BA	3	35.6786	139.7403	online_car	https://wadattsu261.com/content/z-metrohanzomonhome-all-info/
P1	永田町	metro_n	東京メトロ 南北線｜目黒〜赤羽岩淵	V2	路線全駅/駅別一覧確認済み	https://wadattsu261.com/content/n-metronambokuhome-all-info/#:~:text=%E6%B0%B8%E7%94%B0%E7%94%BA	3	35.6786	139.7403	online_car	https://wadattsu261.com/content/n-metronambokuhome-all-info/
P1	永田町	metro_y	東京メトロ 有楽町線｜和光市〜新木場	V2	路線全駅/駅別一覧確認済み	https://wadattsu261.com/content/y-metroyurakuchohome-all-info/#:~:text=%E6%B0%B8%E7%94%B0%E7%94%BA	3	35.6786	139.7403	online_car	https://wadattsu261.com/content/y-metroyurakuchohome-all-info/
P1	生麦	keikyu_k	京急 久里浜線直通｜泉岳寺〜三崎口	R	路線一覧/汎用案内のみ	https://wadattsu261.com/stationhome-info/	3	35.4953	139.6675	external_link	
P1	生麦	keikyu	京急 本線｜泉岳寺〜浦賀	R	路線一覧/汎用案内のみ	https://wadattsu261.com/stationhome-info/	3	35.4953	139.6675	external_link	
P1	生麦	keikyu_a	京急 空港線直通｜横浜〜羽田空港	R	路線一覧/汎用案内のみ	https://wadattsu261.com/stationhome-info/	3	35.4953	139.6675	external_link	
P1	神奈川	keikyu_k	京急 久里浜線直通｜泉岳寺〜三崎口	R	路線一覧/汎用案内のみ	https://wadattsu261.com/stationhome-info/	3	35.4717	139.6277	external_link	
P1	神奈川	keikyu	京急 本線｜泉岳寺〜浦賀	R	路線一覧/汎用案内のみ	https://wadattsu261.com/stationhome-info/	3	35.4717	139.6277	external_link	
P1	神奈川	keikyu_a	京急 空港線直通｜横浜〜羽田空港	R	路線一覧/汎用案内のみ	https://wadattsu261.com/stationhome-info/	3	35.4717	139.6277	external_link	
P1	神奈川新町	keikyu_k	京急 久里浜線直通｜泉岳寺〜三崎口	R	路線一覧/汎用案内のみ	https://wadattsu261.com/stationhome-info/	3	35.4816	139.6397	external_link	
P1	神奈川新町	keikyu	京急 本線｜泉岳寺〜浦賀	R	路線一覧/汎用案内のみ	https://wadattsu261.com/stationhome-info/	3	35.4816	139.6397	external_link	
P1	神奈川新町	keikyu_a	京急 空港線直通｜横浜〜羽田空港	R	路線一覧/汎用案内のみ	https://wadattsu261.com/stationhome-info/	3	35.4816	139.6397	external_link	
P1	能見台	keikyu_k	京急 久里浜線直通｜泉岳寺〜三崎口	R	路線一覧/汎用案内のみ	https://wadattsu261.com/stationhome-info/	3	35.3603	139.6294	external_link	
P1	能見台	keikyu	京急 本線｜泉岳寺〜浦賀	R	路線一覧/汎用案内のみ	https://wadattsu261.com/stationhome-info/	3	35.3603	139.6294	external_link	
P1	能見台	keikyu_z	京急 逗子線直通｜横浜〜逗子・葉山	R	路線一覧/汎用案内のみ	https://wadattsu261.com/stationhome-info/	3	35.3603	139.6294	external_link	
P1	花月総持寺	keikyu_k	京急 久里浜線直通｜泉岳寺〜三崎口	R	路線一覧/汎用案内のみ	https://wadattsu261.com/stationhome-info/	3	35.5005	139.6741	external_link	
P1	花月総持寺	keikyu	京急 本線｜泉岳寺〜浦賀	R	路線一覧/汎用案内のみ	https://wadattsu261.com/stationhome-info/	3	35.5005	139.6741	external_link	
P1	花月総持寺	keikyu_a	京急 空港線直通｜横浜〜羽田空港	R	路線一覧/汎用案内のみ	https://wadattsu261.com/stationhome-info/	3	35.5005	139.6741	external_link	
P1	西船橋	chuo_sobu	JR 中央・総武線各停｜三鷹〜千葉	V2	路線全駅/駅別一覧確認済み	https://wadattsu261.com/content/jb-chuo-sobuslowhome-all-info/#:~:text=%E8%A5%BF%E8%88%B9%E6%A9%8B	3	35.7075	139.9591	online_car	https://wadattsu261.com/content/jb-chuo-sobuslowhome-all-info/
P1	西船橋	musashino	JR 武蔵野線｜府中本町〜西船橋	V2	路線全駅/駅別一覧確認済み	https://wadattsu261.com/content/jm-musashinohome-all-info/#:~:text=%E8%A5%BF%E8%88%B9%E6%A9%8B	3	35.7075	139.9591	online_car	https://wadattsu261.com/content/jm-musashinohome-all-info/
P1	西船橋	metro_t	東京メトロ 東西線｜中野〜西船橋	V2	路線全駅/駅別一覧確認済み	https://wadattsu261.com/content/t-metrotozaihome-all-info/#:~:text=%E8%A5%BF%E8%88%B9%E6%A9%8B	3	35.7075	139.9591	online_car	https://wadattsu261.com/content/t-metrotozaihome-all-info/
P1	金沢八景	keikyu_k	京急 久里浜線直通｜泉岳寺〜三崎口	R	路線一覧/汎用案内のみ	https://wadattsu261.com/stationhome-info/	3	35.3313	139.6203	external_link	
P1	金沢八景	keikyu	京急 本線｜泉岳寺〜浦賀	R	路線一覧/汎用案内のみ	https://wadattsu261.com/stationhome-info/	3	35.3313	139.6203	external_link	
P1	金沢八景	keikyu_z	京急 逗子線直通｜横浜〜逗子・葉山	R	路線一覧/汎用案内のみ	https://wadattsu261.com/stationhome-info/	3	35.3313	139.6203	external_link	
P1	金沢文庫	keikyu_k	京急 久里浜線直通｜泉岳寺〜三崎口	R	路線一覧/汎用案内のみ	https://wadattsu261.com/stationhome-info/	3	35.3426	139.6223	external_link	
P1	金沢文庫	keikyu	京急 本線｜泉岳寺〜浦賀	R	路線一覧/汎用案内のみ	https://wadattsu261.com/stationhome-info/	3	35.3426	139.6223	external_link	
P1	金沢文庫	keikyu_z	京急 逗子線直通｜横浜〜逗子・葉山	R	路線一覧/汎用案内のみ	https://wadattsu261.com/stationhome-info/	3	35.3426	139.6223	external_link	
P1	関内	keihin	JR 京浜東北・根岸線｜大宮〜大船	V1	駅別詳細ページ確認済み	https://wadattsu261.com/content/kannai-negishihome-info/	3	35.443	139.636	online_car	https://wadattsu261.com/content/jk-keihin-negishiall-info/
P1	関内	yokohama	JR 横浜線・根岸線直通｜八王子〜大船	V2	路線全駅/駅別一覧確認済み	https://wadattsu261.com/content/jh-yokohama-negishiall-info/#:~:text=%E9%96%A2%E5%86%85	3	35.443	139.636	online_car	https://wadattsu261.com/content/jh-yokohama-negishiall-info/
P1	関内	blue	横浜市営 ブルーライン｜あざみ野〜湘南台	D	アプリ内蔵（号車＋ドア）	https://wadattsu261.com/content/kannai-yokohamablueline-info/	3	35.443	139.636	static_detail	
P1	雑色	keikyu_k	京急 久里浜線直通｜泉岳寺〜三崎口	R	路線一覧/汎用案内のみ	https://wadattsu261.com/stationhome-info/	3	35.5496	139.7152	external_link	
P1	雑色	keikyu	京急 本線｜泉岳寺〜浦賀	R	路線一覧/汎用案内のみ	https://wadattsu261.com/stationhome-info/	3	35.5496	139.7152	external_link	
P1	雑色	keikyu_a	京急 空港線直通｜横浜〜羽田空港	R	路線一覧/汎用案内のみ	https://wadattsu261.com/stationhome-info/	3	35.5496	139.7152	external_link	
P1	霞ケ関	metro_m	東京メトロ 丸ノ内線｜池袋〜荻窪	V2	路線全駅/駅別一覧確認済み	https://wadattsu261.com/content/m-metromarunouchihome-all-info/#:~:text=%E9%9C%9E%E3%82%B1%E9%96%A2	3	35.6739	139.751	online_car	https://wadattsu261.com/content/m-metromarunouchihome-all-info/
P1	霞ケ関	metro_c	東京メトロ 千代田線｜代々木上原〜北綾瀬	V2	路線全駅/駅別一覧確認済み	https://wadattsu261.com/content/c-metrochiyodahome-all-info/#:~:text=%E9%9C%9E%E3%82%B1%E9%96%A2	3	35.6739	139.751	online_car	https://wadattsu261.com/content/c-metrochiyodahome-all-info/
P1	霞ケ関	metro_h	東京メトロ 日比谷線｜北千住〜中目黒	V2	路線全駅/駅別一覧確認済み	https://wadattsu261.com/content/h-metrohibiyahome-all-info/#:~:text=%E9%9C%9E%E3%82%B1%E9%96%A2	3	35.6739	139.751	online_car	https://wadattsu261.com/content/h-metrohibiyahome-all-info/
P1	鶴見市場	keikyu_k	京急 久里浜線直通｜泉岳寺〜三崎口	R	路線一覧/汎用案内のみ	https://wadattsu261.com/stationhome-info/	3	35.5175	139.6866	external_link	
P1	鶴見市場	keikyu	京急 本線｜泉岳寺〜浦賀	R	路線一覧/汎用案内のみ	https://wadattsu261.com/stationhome-info/	3	35.5175	139.6866	external_link	
P1	鶴見市場	keikyu_a	京急 空港線直通｜横浜〜羽田空港	R	路線一覧/汎用案内のみ	https://wadattsu261.com/stationhome-info/	3	35.5175	139.6866	external_link	
P1	黄金町	keikyu_k	京急 久里浜線直通｜泉岳寺〜三崎口	R	路線一覧/汎用案内のみ	https://wadattsu261.com/stationhome-info/	3	35.4397	139.622	external_link	
P1	黄金町	keikyu	京急 本線｜泉岳寺〜浦賀	R	路線一覧/汎用案内のみ	https://wadattsu261.com/stationhome-info/	3	35.4397	139.622	external_link	
P1	黄金町	keikyu_z	京急 逗子線直通｜横浜〜逗子・葉山	R	路線一覧/汎用案内のみ	https://wadattsu261.com/stationhome-info/	3	35.4397	139.622	external_link	
P2	あざみ野	denentoshi	東急 田園都市線｜渋谷〜中央林間	V2	路線全駅/駅別一覧確認済み	https://wadattsu261.com/content/dt-tokyudenentoshihome-all-info/#:~:text=%E3%81%82%E3%81%96%E3%81%BF%E9%87%8E	2	35.5688	139.5535	online_car	https://wadattsu261.com/content/dt-tokyudenentoshihome-all-info/
P2	あざみ野	blue	横浜市営 ブルーライン｜あざみ野〜湘南台	D	アプリ内蔵（号車＋ドア）	https://wadattsu261.com/content/azamino-yokohamablueline-info/	2	35.5688	139.5535	static_detail	
P2	みなとみらい	mm	みなとみらい線｜横浜〜元町・中華街	V2	路線全駅/駅別一覧確認済み	https://wadattsu261.com/ty-tokyutoyokohome-info/#:~:text=%E3%81%BF%E3%81%AA%E3%81%A8%E3%81%BF%E3%82%89%E3%81%84	2	35.457	139.6323	external_link	
P2	みなとみらい	toyoko	東急東横線・みなとみらい線｜渋谷〜元町・中華街	V2	路線全駅/駅別一覧確認済み	https://wadattsu261.com/ty-tokyutoyokohome-info/#:~:text=%E3%81%BF%E3%81%AA%E3%81%A8%E3%81%BF%E3%82%89%E3%81%84	2	35.457	139.6323	external_link	
P2	三越前	metro_z	東京メトロ 半蔵門線｜渋谷〜押上	V2	路線全駅/駅別一覧確認済み	https://wadattsu261.com/content/z-metrohanzomonhome-all-info/#:~:text=%E4%B8%89%E8%B6%8A%E5%89%8D	2	35.6849	139.7733	online_car	https://wadattsu261.com/content/z-metrohanzomonhome-all-info/
P2	三越前	metro_g	東京メトロ 銀座線｜浅草〜渋谷	C	アプリ内蔵（簡易号車）	https://wadattsu261.com/content/g-metroginzahome-all-info/	2	35.6849	139.7733	static_car	
P2	三鷹	chuo_sobu	JR 中央・総武線各停｜三鷹〜千葉	V2	路線全駅/駅別一覧確認済み	https://wadattsu261.com/content/jb-chuo-sobuslowhome-all-info/#:~:text=%E4%B8%89%E9%B7%B9	2	35.7027	139.5609	online_car	https://wadattsu261.com/content/jb-chuo-sobuslowhome-all-info/
P2	三鷹	chuo	JR 中央線快速｜東京〜高尾	V2	路線全駅/駅別一覧確認済み	https://wadattsu261.com/content/jc-chuorapidhome-all-info/#:~:text=%E4%B8%89%E9%B7%B9	2	35.7027	139.5609	online_car	https://wadattsu261.com/content/jc-chuorapidhome-all-info/
P2	上尾	shonan_t	JR 湘南新宿ライン｜高崎〜小田原	V2	路線全駅/駅別一覧確認済み	https://wadattsu261.com/content/js-shonanshinjukuline-all-info/#:~:text=%E4%B8%8A%E5%B0%BE	2	35.9735	139.5886	online_car	https://wadattsu261.com/content/js-shonanshinjukuline-all-info/
P2	上尾	takasaki	JR 高崎線｜東京〜高崎	V2	路線全駅/駅別一覧確認済み	https://wadattsu261.com/content/ju-takasakihome-all-info/#:~:text=%E4%B8%8A%E5%B0%BE	2	35.9735	139.5886	online_car	https://wadattsu261.com/content/ju-takasakihome-all-info/
P2	上星川	izumino	相鉄 いずみ野線直通｜横浜〜湘南台	V2	路線全駅/駅別一覧確認済み	https://wadattsu261.com/so-sotetsuhome-info/#:~:text=%E4%B8%8A%E6%98%9F%E5%B7%9D	2	35.4673	139.5807	external_link	
P2	上星川	sotetsu	相鉄 本線｜横浜〜海老名	V2	路線全駅/駅別一覧確認済み	https://wadattsu261.com/so-sotetsuhome-info/#:~:text=%E4%B8%8A%E6%98%9F%E5%B7%9D	2	35.4673	139.5807	external_link	
P2	中目黒	metro_h	東京メトロ 日比谷線｜北千住〜中目黒	V2	路線全駅/駅別一覧確認済み	https://wadattsu261.com/content/h-metrohibiyahome-all-info/#:~:text=%E4%B8%AD%E7%9B%AE%E9%BB%92	2	35.6443	139.699	online_car	https://wadattsu261.com/content/h-metrohibiyahome-all-info/
P2	中目黒	toyoko	東急東横線・みなとみらい線｜渋谷〜元町・中華街	V2	路線全駅/駅別一覧確認済み	https://wadattsu261.com/ty-tokyutoyokohome-info/#:~:text=%E4%B8%AD%E7%9B%AE%E9%BB%92	2	35.6443	139.699	external_link	
P2	久喜	utsunomiya	JR 宇都宮線｜東京〜宇都宮	V2	路線全駅/駅別一覧確認済み	https://wadattsu261.com/content/ju-utsunomiyahome-all-info/#:~:text=%E4%B9%85%E5%96%9C	2	36.0658	139.6773	online_car	https://wadattsu261.com/content/ju-utsunomiyahome-all-info/
P2	久喜	shonan_u	JR 湘南新宿ライン｜宇都宮〜逗子	V2	路線全駅/駅別一覧確認済み	https://wadattsu261.com/content/js-shonanshinjukuline-all-info/#:~:text=%E4%B9%85%E5%96%9C	2	36.0658	139.6773	online_car	https://wadattsu261.com/content/js-shonanshinjukuline-all-info/
P2	九段下	metro_z	東京メトロ 半蔵門線｜渋谷〜押上	V2	路線全駅/駅別一覧確認済み	https://wadattsu261.com/content/z-metrohanzomonhome-all-info/#:~:text=%E4%B9%9D%E6%AE%B5%E4%B8%8B	2	35.6955	139.7515	online_car	https://wadattsu261.com/content/z-metrohanzomonhome-all-info/
P2	九段下	metro_t	東京メトロ 東西線｜中野〜西船橋	V2	路線全駅/駅別一覧確認済み	https://wadattsu261.com/content/t-metrotozaihome-all-info/#:~:text=%E4%B9%9D%E6%AE%B5%E4%B8%8B	2	35.6955	139.7515	online_car	https://wadattsu261.com/content/t-metrotozaihome-all-info/
P2	二俣川	izumino	相鉄 いずみ野線直通｜横浜〜湘南台	V2	路線全駅/駅別一覧確認済み	https://wadattsu261.com/so-sotetsuhome-info/#:~:text=%E4%BA%8C%E4%BF%A3%E5%B7%9D	2	35.4634	139.5324	external_link	
P2	二俣川	sotetsu	相鉄 本線｜横浜〜海老名	V2	路線全駅/駅別一覧確認済み	https://wadattsu261.com/so-sotetsuhome-info/#:~:text=%E4%BA%8C%E4%BF%A3%E5%B7%9D	2	35.4634	139.5324	external_link	
P2	二宮	tokaido	JR 東海道線｜東京〜熱海	V1	駅別詳細ページ確認済み	https://wadattsu261.com/content/ninomiya-tokaidohome-info/	2	35.2982	139.2569	online_car	https://wadattsu261.com/content/jt-tokaidohome-all-info/
P2	二宮	shonan_t	JR 湘南新宿ライン｜高崎〜小田原	V2	路線全駅/駅別一覧確認済み	https://wadattsu261.com/content/js-shonanshinjukuline-all-info/#:~:text=%E4%BA%8C%E5%AE%AE	2	35.2982	139.2569	online_car	https://wadattsu261.com/content/js-shonanshinjukuline-all-info/
P2	京急田浦	keikyu_k	京急 久里浜線直通｜泉岳寺〜三崎口	R	路線一覧/汎用案内のみ	https://wadattsu261.com/stationhome-info/	2	35.2995	139.6253	external_link	
P2	京急田浦	keikyu	京急 本線｜泉岳寺〜浦賀	R	路線一覧/汎用案内のみ	https://wadattsu261.com/stationhome-info/	2	35.2995	139.6253	external_link	
P2	代々木	chuo_sobu	JR 中央・総武線各停｜三鷹〜千葉	V2	路線全駅/駅別一覧確認済み	https://wadattsu261.com/content/jb-chuo-sobuslowhome-all-info/#:~:text=%E4%BB%A3%E3%80%85%E6%9C%A8	2	35.6831	139.7022	online_car	https://wadattsu261.com/content/jb-chuo-sobuslowhome-all-info/
P2	代々木	yamanote	JR 山手線｜環状運転	V2	路線全駅/駅別一覧確認済み	https://wadattsu261.com/content/jy-yamanotehome-soto-uchimawari-info/#:~:text=%E4%BB%A3%E3%80%85%E6%9C%A8	2	35.6831	139.7022	online_car	https://wadattsu261.com/content/jy-yamanotehome-soto-uchimawari-info/
P2	代々木上原	odakyu	小田急 小田原線｜新宿〜小田原	R	路線一覧/汎用案内のみ	https://wadattsu261.com/stationhome-info/	2	35.6691	139.6798	external_link	
P2	代々木上原	metro_c	東京メトロ 千代田線｜代々木上原〜北綾瀬	V2	路線全駅/駅別一覧確認済み	https://wadattsu261.com/content/c-metrochiyodahome-all-info/#:~:text=%E4%BB%A3%E3%80%85%E6%9C%A8%E4%B8%8A%E5%8E%9F	2	35.6691	139.6798	online_car	https://wadattsu261.com/content/c-metrochiyodahome-all-info/
P2	倉賀野	shonan_t	JR 湘南新宿ライン｜高崎〜小田原	V2	路線全駅/駅別一覧確認済み	https://wadattsu261.com/content/js-shonanshinjukuline-all-info/#:~:text=%E5%80%89%E8%B3%80%E9%87%8E	2	36.3003	139.0499	online_car	https://wadattsu261.com/content/js-shonanshinjukuline-all-info/
P2	倉賀野	takasaki	JR 高崎線｜東京〜高崎	V2	路線全駅/駅別一覧確認済み	https://wadattsu261.com/content/ju-takasakihome-all-info/#:~:text=%E5%80%89%E8%B3%80%E9%87%8E	2	36.3003	139.0499	online_car	https://wadattsu261.com/content/ju-takasakihome-all-info/
P2	元住吉	meguro	東急 目黒線｜目黒〜日吉	V2	路線全駅/駅別一覧確認済み	https://wadattsu261.com/mg-tokyumegurohome-info/#:~:text=%E5%85%83%E4%BD%8F%E5%90%89	2	35.564	139.654	external_link	
P2	元住吉	toyoko	東急東横線・みなとみらい線｜渋谷〜元町・中華街	V2	路線全駅/駅別一覧確認済み	https://wadattsu261.com/ty-tokyutoyokohome-info/#:~:text=%E5%85%83%E4%BD%8F%E5%90%89	2	35.564	139.654	external_link	
P2	元町・中華街	mm	みなとみらい線｜横浜〜元町・中華街	V2	路線全駅/駅別一覧確認済み	https://wadattsu261.com/ty-tokyutoyokohome-info/#:~:text=%E5%85%83%E7%94%BA%E3%83%BB%E4%B8%AD%E8%8F%AF%E8%A1%97	2	35.4423	139.65	external_link	
P2	元町・中華街	toyoko	東急東横線・みなとみらい線｜渋谷〜元町・中華街	V2	路線全駅/駅別一覧確認済み	https://wadattsu261.com/ty-tokyutoyokohome-info/#:~:text=%E5%85%83%E7%94%BA%E3%83%BB%E4%B8%AD%E8%8F%AF%E8%A1%97	2	35.4423	139.65	external_link	
P2	八丁堀	keiyo	JR 京葉線｜東京〜蘇我	V2	路線全駅/駅別一覧確認済み	https://wadattsu261.com/content/je-keiyohome-all-info/#:~:text=%E5%85%AB%E4%B8%81%E5%A0%80	2	35.6746	139.7777	online_car	https://wadattsu261.com/content/je-keiyohome-all-info/
P2	八丁堀	metro_h	東京メトロ 日比谷線｜北千住〜中目黒	V2	路線全駅/駅別一覧確認済み	https://wadattsu261.com/content/h-metrohibiyahome-all-info/#:~:text=%E5%85%AB%E4%B8%81%E5%A0%80	2	35.6746	139.7777	online_car	https://wadattsu261.com/content/h-metrohibiyahome-all-info/
P2	八王子	chuo	JR 中央線快速｜東京〜高尾	V2	路線全駅/駅別一覧確認済み	https://wadattsu261.com/content/jc-chuorapidhome-all-info/#:~:text=%E5%85%AB%E7%8E%8B%E5%AD%90	2	35.6556	139.3389	online_car	https://wadattsu261.com/content/jc-chuorapidhome-all-info/
P2	八王子	yokohama	JR 横浜線・根岸線直通｜八王子〜大船	V2	路線全駅/駅別一覧確認済み	https://wadattsu261.com/content/jh-yokohama-negishiall-info/#:~:text=%E5%85%AB%E7%8E%8B%E5%AD%90	2	35.6556	139.3389	online_car	https://wadattsu261.com/content/jh-yokohama-negishiall-info/
P2	分倍河原	nambu	JR 南武線｜川崎〜立川	V2	路線全駅/駅別一覧確認済み	https://wadattsu261.com/content/jn-nambuhome-all-info/#:~:text=%E5%88%86%E5%80%8D%E6%B2%B3%E5%8E%9F	2	35.6684	139.4685	online_car	https://wadattsu261.com/content/jn-nambuhome-all-info/
P2	分倍河原	keio	京王線｜新宿〜京王八王子	V2	路線全駅/駅別一覧確認済み	https://wadattsu261.com/content/ko-keiohome-all-info/#:~:text=%E5%88%86%E5%80%8D%E6%B2%B3%E5%8E%9F	2	35.6684	139.4685	online_car	https://wadattsu261.com/content/ko-keiohome-all-info/
P2	北上尾	shonan_t	JR 湘南新宿ライン｜高崎〜小田原	V2	路線全駅/駅別一覧確認済み	https://wadattsu261.com/content/js-shonanshinjukuline-all-info/#:~:text=%E5%8C%97%E4%B8%8A%E5%B0%BE	2	35.9857	139.5774	online_car	https://wadattsu261.com/content/js-shonanshinjukuline-all-info/
P2	北上尾	takasaki	JR 高崎線｜東京〜高崎	V2	路線全駅/駅別一覧確認済み	https://wadattsu261.com/content/ju-takasakihome-all-info/#:~:text=%E5%8C%97%E4%B8%8A%E5%B0%BE	2	35.9857	139.5774	online_car	https://wadattsu261.com/content/ju-takasakihome-all-info/
P2	北品川	keikyu_k	京急 久里浜線直通｜泉岳寺〜三崎口	R	路線一覧/汎用案内のみ	https://wadattsu261.com/stationhome-info/	2	35.6224	139.7393	external_link	
P2	北品川	keikyu	京急 本線｜泉岳寺〜浦賀	R	路線一覧/汎用案内のみ	https://wadattsu261.com/stationhome-info/	2	35.6224	139.7393	external_link	
P2	北本	shonan_t	JR 湘南新宿ライン｜高崎〜小田原	V2	路線全駅/駅別一覧確認済み	https://wadattsu261.com/content/js-shonanshinjukuline-all-info/#:~:text=%E5%8C%97%E6%9C%AC	2	36.0317	139.5349	online_car	https://wadattsu261.com/content/js-shonanshinjukuline-all-info/
P2	北本	takasaki	JR 高崎線｜東京〜高崎	V2	路線全駅/駅別一覧確認済み	https://wadattsu261.com/content/ju-takasakihome-all-info/#:~:text=%E5%8C%97%E6%9C%AC	2	36.0317	139.5349	online_car	https://wadattsu261.com/content/ju-takasakihome-all-info/
P2	北鎌倉	yokosuka	JR 横須賀線｜東京〜久里浜	V1	駅別詳細ページ確認済み	https://wadattsu261.com/content/kitakamakura-yokosukahome-info/	2	35.3372	139.5452	online_car	https://wadattsu261.com/content/jo-yokosuka-soburapidhome-all-info/
P2	北鎌倉	shonan_u	JR 湘南新宿ライン｜宇都宮〜逗子	V2	路線全駅/駅別一覧確認済み	https://wadattsu261.com/content/js-shonanshinjukuline-all-info/#:~:text=%E5%8C%97%E9%8E%8C%E5%80%89	2	35.3372	139.5452	online_car	https://wadattsu261.com/content/js-shonanshinjukuline-all-info/
P2	北鴻巣	shonan_t	JR 湘南新宿ライン｜高崎〜小田原	V2	路線全駅/駅別一覧確認済み	https://wadattsu261.com/content/js-shonanshinjukuline-all-info/#:~:text=%E5%8C%97%E9%B4%BB%E5%B7%A3	2	36.0853	139.4768	online_car	https://wadattsu261.com/content/js-shonanshinjukuline-all-info/
P2	北鴻巣	takasaki	JR 高崎線｜東京〜高崎	V2	路線全駅/駅別一覧確認済み	https://wadattsu261.com/content/ju-takasakihome-all-info/#:~:text=%E5%8C%97%E9%B4%BB%E5%B7%A3	2	36.0853	139.4768	online_car	https://wadattsu261.com/content/ju-takasakihome-all-info/
P2	千川	metro_f	東京メトロ 副都心線｜和光市〜渋谷	V2	路線全駅/駅別一覧確認済み	https://wadattsu261.com/f-metrofukutoshinhome-info/#:~:text=%E5%8D%83%E5%B7%9D	2	35.7382	139.6892	external_link	
P2	千川	metro_y	東京メトロ 有楽町線｜和光市〜新木場	V2	路線全駅/駅別一覧確認済み	https://wadattsu261.com/content/y-metroyurakuchohome-all-info/#:~:text=%E5%8D%83%E5%B7%9D	2	35.7382	139.6892	online_car	https://wadattsu261.com/content/y-metroyurakuchohome-all-info/
P2	千葉	chuo_sobu	JR 中央・総武線各停｜三鷹〜千葉	V2	路線全駅/駅別一覧確認済み	https://wadattsu261.com/content/jb-chuo-sobuslowhome-all-info/#:~:text=%E5%8D%83%E8%91%89	2	35.6134	140.1129	online_car	https://wadattsu261.com/content/jb-chuo-sobuslowhome-all-info/
P2	千葉	sobu	JR 総武線快速｜東京〜千葉	V2	路線全駅/駅別一覧確認済み	https://wadattsu261.com/content/jo-yokosuka-soburapidhome-all-info/#:~:text=%E5%8D%83%E8%91%89	2	35.6134	140.1129	online_car	https://wadattsu261.com/content/jo-yokosuka-soburapidhome-all-info/
P2	南千住	joban	JR 常磐線快速｜品川〜取手	V2	路線全駅/駅別一覧確認済み	https://wadattsu261.com/content/jj-jobanrapidhome-all-info/#:~:text=%E5%8D%97%E5%8D%83%E4%BD%8F	2	35.7341	139.7994	online_car	https://wadattsu261.com/content/jj-jobanrapidhome-all-info/
P2	南千住	metro_h	東京メトロ 日比谷線｜北千住〜中目黒	C	アプリ内蔵（簡易号車）	https://wadattsu261.com/content/h-metrohibiyahome-all-info/	2	35.7341	139.7994	static_car	
P2	南浦和	keihin	JR 京浜東北・根岸線｜大宮〜大船	V1	駅別詳細ページ確認済み	https://wadattsu261.com/content/minamiurawa-keihinhome-info/	2	35.8476	139.6691	online_car	https://wadattsu261.com/content/jk-keihin-negishiall-info/
P2	南浦和	musashino	JR 武蔵野線｜府中本町〜西船橋	V2	路線全駅/駅別一覧確認済み	https://wadattsu261.com/content/jm-musashinohome-all-info/#:~:text=%E5%8D%97%E6%B5%A6%E5%92%8C	2	35.8476	139.6691	online_car	https://wadattsu261.com/content/jm-musashinohome-all-info/
P2	取手	joban_local	JR 常磐線各停｜綾瀬〜取手	R	路線一覧/汎用案内のみ	https://wadattsu261.com/stationhome-info/	2	35.8968	140.0625	external_link	
P2	取手	joban	JR 常磐線快速｜品川〜取手	V2	路線全駅/駅別一覧確認済み	https://wadattsu261.com/content/jj-jobanrapidhome-all-info/#:~:text=%E5%8F%96%E6%89%8B	2	35.8968	140.0625	online_car	https://wadattsu261.com/content/jj-jobanrapidhome-all-info/
P2	古河	utsunomiya	JR 宇都宮線｜東京〜宇都宮	V2	路線全駅/駅別一覧確認済み	https://wadattsu261.com/content/ju-utsunomiyahome-all-info/#:~:text=%E5%8F%A4%E6%B2%B3	2	36.1942	139.7095	online_car	https://wadattsu261.com/content/ju-utsunomiyahome-all-info/
P2	古河	shonan_u	JR 湘南新宿ライン｜宇都宮〜逗子	V2	路線全駅/駅別一覧確認済み	https://wadattsu261.com/content/js-shonanshinjukuline-all-info/#:~:text=%E5%8F%A4%E6%B2%B3	2	36.1942	139.7095	online_car	https://wadattsu261.com/content/js-shonanshinjukuline-all-info/
P2	吹上	shonan_t	JR 湘南新宿ライン｜高崎〜小田原	V2	路線全駅/駅別一覧確認済み	https://wadattsu261.com/content/js-shonanshinjukuline-all-info/#:~:text=%E5%90%B9%E4%B8%8A	2	36.1032	139.4531	online_car	https://wadattsu261.com/content/js-shonanshinjukuline-all-info/
P2	吹上	takasaki	JR 高崎線｜東京〜高崎	V2	路線全駅/駅別一覧確認済み	https://wadattsu261.com/content/ju-takasakihome-all-info/#:~:text=%E5%90%B9%E4%B8%8A	2	36.1032	139.4531	online_car	https://wadattsu261.com/content/ju-takasakihome-all-info/
P2	和田町	izumino	相鉄 いずみ野線直通｜横浜〜湘南台	V2	路線全駅/駅別一覧確認済み	https://wadattsu261.com/so-sotetsuhome-info/#:~:text=%E5%92%8C%E7%94%B0%E7%94%BA	2	35.4636	139.5862	external_link	
P2	和田町	sotetsu	相鉄 本線｜横浜〜海老名	V2	路線全駅/駅別一覧確認済み	https://wadattsu261.com/so-sotetsuhome-info/#:~:text=%E5%92%8C%E7%94%B0%E7%94%BA	2	35.4636	139.5862	external_link	
P2	国会議事堂前	metro_m	東京メトロ 丸ノ内線｜池袋〜荻窪	V2	路線全駅/駅別一覧確認済み	https://wadattsu261.com/content/m-metromarunouchihome-all-info/#:~:text=%E5%9B%BD%E4%BC%9A%E8%AD%B0%E4%BA%8B%E5%A0%82%E5%89%8D	2	35.6736	139.7452	online_car	https://wadattsu261.com/content/m-metromarunouchihome-all-info/
P2	国会議事堂前	metro_c	東京メトロ 千代田線｜代々木上原〜北綾瀬	V2	路線全駅/駅別一覧確認済み	https://wadattsu261.com/content/c-metrochiyodahome-all-info/#:~:text=%E5%9B%BD%E4%BC%9A%E8%AD%B0%E4%BA%8B%E5%A0%82%E5%89%8D	2	35.6736	139.7452	online_car	https://wadattsu261.com/content/c-metrochiyodahome-all-info/
P2	国府津	tokaido	JR 東海道線｜東京〜熱海	V1	駅別詳細ページ確認済み	https://wadattsu261.com/content/kozu-tokaidohome-info/	2	35.2808	139.2129	online_car	https://wadattsu261.com/content/jt-tokaidohome-all-info/
P2	国府津	shonan_t	JR 湘南新宿ライン｜高崎〜小田原	V2	路線全駅/駅別一覧確認済み	https://wadattsu261.com/content/js-shonanshinjukuline-all-info/#:~:text=%E5%9B%BD%E5%BA%9C%E6%B4%A5	2	35.2808	139.2129	online_car	https://wadattsu261.com/content/js-shonanshinjukuline-all-info/
P2	土呂	utsunomiya	JR 宇都宮線｜東京〜宇都宮	V2	路線全駅/駅別一覧確認済み	https://wadattsu261.com/content/ju-utsunomiyahome-all-info/#:~:text=%E5%9C%9F%E5%91%82	2	35.9315	139.6326	online_car	https://wadattsu261.com/content/ju-utsunomiyahome-all-info/
P2	土呂	shonan_u	JR 湘南新宿ライン｜宇都宮〜逗子	V2	路線全駅/駅別一覧確認済み	https://wadattsu261.com/content/js-shonanshinjukuline-all-info/#:~:text=%E5%9C%9F%E5%91%82	2	35.9315	139.6326	online_car	https://wadattsu261.com/content/js-shonanshinjukuline-all-info/
P2	地下鉄成増	metro_f	東京メトロ 副都心線｜和光市〜渋谷	V2	路線全駅/駅別一覧確認済み	https://wadattsu261.com/f-metrofukutoshinhome-info/#:~:text=%E5%9C%B0%E4%B8%8B%E9%89%84%E6%88%90%E5%A2%97	2	35.7765	139.6314	external_link	
P2	地下鉄成増	metro_y	東京メトロ 有楽町線｜和光市〜新木場	V2	路線全駅/駅別一覧確認済み	https://wadattsu261.com/content/y-metroyurakuchohome-all-info/#:~:text=%E5%9C%B0%E4%B8%8B%E9%89%84%E6%88%90%E5%A2%97	2	35.7765	139.6314	online_car	https://wadattsu261.com/content/y-metroyurakuchohome-all-info/
P2	地下鉄赤塚	metro_f	東京メトロ 副都心線｜和光市〜渋谷	V2	路線全駅/駅別一覧確認済み	https://wadattsu261.com/f-metrofukutoshinhome-info/#:~:text=%E5%9C%B0%E4%B8%8B%E9%89%84%E8%B5%A4%E5%A1%9A	2	35.7699	139.644	external_link	
P2	地下鉄赤塚	metro_y	東京メトロ 有楽町線｜和光市〜新木場	V2	路線全駅/駅別一覧確認済み	https://wadattsu261.com/content/y-metroyurakuchohome-all-info/#:~:text=%E5%9C%B0%E4%B8%8B%E9%89%84%E8%B5%A4%E5%A1%9A	2	35.7699	139.644	online_car	https://wadattsu261.com/content/y-metroyurakuchohome-all-info/
P2	堀ノ内	keikyu_k	京急 久里浜線直通｜泉岳寺〜三崎口	R	路線一覧/汎用案内のみ	https://wadattsu261.com/stationhome-info/	2	35.2631	139.6875	external_link	
P2	堀ノ内	keikyu	京急 本線｜泉岳寺〜浦賀	R	路線一覧/汎用案内のみ	https://wadattsu261.com/stationhome-info/	2	35.2631	139.6875	external_link	
P2	多摩川	meguro	東急 目黒線｜目黒〜日吉	V2	路線全駅/駅別一覧確認済み	https://wadattsu261.com/mg-tokyumegurohome-info/#:~:text=%E5%A4%9A%E6%91%A9%E5%B7%9D	2	35.5898	139.6688	external_link	
P2	多摩川	toyoko	東急東横線・みなとみらい線｜渋谷〜元町・中華街	V2	路線全駅/駅別一覧確認済み	https://wadattsu261.com/ty-tokyutoyokohome-info/#:~:text=%E5%A4%9A%E6%91%A9%E5%B7%9D	2	35.5898	139.6688	external_link	
P2	大森海岸	keikyu_k	京急 久里浜線直通｜泉岳寺〜三崎口	R	路線一覧/汎用案内のみ	https://wadattsu261.com/stationhome-info/	2	35.5877	139.7354	external_link	
P2	大森海岸	keikyu	京急 本線｜泉岳寺〜浦賀	R	路線一覧/汎用案内のみ	https://wadattsu261.com/stationhome-info/	2	35.5877	139.7354	external_link	
P2	大森町	keikyu_k	京急 久里浜線直通｜泉岳寺〜三崎口	R	路線一覧/汎用案内のみ	https://wadattsu261.com/stationhome-info/	2	35.5727	139.732	external_link	
P2	大森町	keikyu	京急 本線｜泉岳寺〜浦賀	R	路線一覧/汎用案内のみ	https://wadattsu261.com/stationhome-info/	2	35.5727	139.732	external_link	
P2	大磯	tokaido	JR 東海道線｜東京〜熱海	V1	駅別詳細ページ確認済み	https://wadattsu261.com/content/oiso-tokaidohome-info/	2	35.3114	139.313	online_car	https://wadattsu261.com/content/jt-tokaidohome-all-info/
P2	大磯	shonan_t	JR 湘南新宿ライン｜高崎〜小田原	V2	路線全駅/駅別一覧確認済み	https://wadattsu261.com/content/js-shonanshinjukuline-all-info/#:~:text=%E5%A4%A7%E7%A3%AF	2	35.3114	139.313	online_car	https://wadattsu261.com/content/js-shonanshinjukuline-all-info/
P2	天王台	joban_local	JR 常磐線各停｜綾瀬〜取手	R	路線一覧/汎用案内のみ	https://wadattsu261.com/stationhome-info/	2	35.8723	140.041	external_link	
P2	天王台	joban	JR 常磐線快速｜品川〜取手	V2	路線全駅/駅別一覧確認済み	https://wadattsu261.com/content/jj-jobanrapidhome-all-info/#:~:text=%E5%A4%A9%E7%8E%8B%E5%8F%B0	2	35.8723	140.041	online_car	https://wadattsu261.com/content/jj-jobanrapidhome-all-info/
P2	天王町	izumino	相鉄 いずみ野線直通｜横浜〜湘南台	V2	路線全駅/駅別一覧確認済み	https://wadattsu261.com/so-sotetsuhome-info/#:~:text=%E5%A4%A9%E7%8E%8B%E7%94%BA	2	35.4548	139.6028	external_link	
P2	天王町	sotetsu	相鉄 本線｜横浜〜海老名	V2	路線全駅/駅別一覧確認済み	https://wadattsu261.com/so-sotetsuhome-info/#:~:text=%E5%A4%A9%E7%8E%8B%E7%94%BA	2	35.4548	139.6028	external_link	
P2	宇都宮	utsunomiya	JR 宇都宮線｜東京〜宇都宮	V2	路線全駅/駅別一覧確認済み	https://wadattsu261.com/content/ju-utsunomiyahome-all-info/#:~:text=%E5%AE%87%E9%83%BD%E5%AE%AE	2	36.5594	139.8987	online_car	https://wadattsu261.com/content/ju-utsunomiyahome-all-info/
P2	宇都宮	shonan_u	JR 湘南新宿ライン｜宇都宮〜逗子	V2	路線全駅/駅別一覧確認済み	https://wadattsu261.com/content/js-shonanshinjukuline-all-info/#:~:text=%E5%AE%87%E9%83%BD%E5%AE%AE	2	36.5594	139.8987	online_car	https://wadattsu261.com/content/js-shonanshinjukuline-all-info/
P2	安針塚	keikyu_k	京急 久里浜線直通｜泉岳寺〜三崎口	R	路線一覧/汎用案内のみ	https://wadattsu261.com/stationhome-info/	2	35.2856	139.6414	external_link	
P2	安針塚	keikyu	京急 本線｜泉岳寺〜浦賀	R	路線一覧/汎用案内のみ	https://wadattsu261.com/stationhome-info/	2	35.2856	139.6414	external_link	
P2	宮原	shonan_t	JR 湘南新宿ライン｜高崎〜小田原	V2	路線全駅/駅別一覧確認済み	https://wadattsu261.com/content/js-shonanshinjukuline-all-info/#:~:text=%E5%AE%AE%E5%8E%9F	2	35.9408	139.6097	online_car	https://wadattsu261.com/content/js-shonanshinjukuline-all-info/
P2	宮原	takasaki	JR 高崎線｜東京〜高崎	V2	路線全駅/駅別一覧確認済み	https://wadattsu261.com/content/ju-takasakihome-all-info/#:~:text=%E5%AE%AE%E5%8E%9F	2	35.9408	139.6097	online_car	https://wadattsu261.com/content/ju-takasakihome-all-info/
P2	小山	utsunomiya	JR 宇都宮線｜東京〜宇都宮	V2	路線全駅/駅別一覧確認済み	https://wadattsu261.com/content/ju-utsunomiyahome-all-info/#:~:text=%E5%B0%8F%E5%B1%B1	2	36.3127	139.8063	online_car	https://wadattsu261.com/content/ju-utsunomiyahome-all-info/
P2	小山	shonan_u	JR 湘南新宿ライン｜宇都宮〜逗子	V2	路線全駅/駅別一覧確認済み	https://wadattsu261.com/content/js-shonanshinjukuline-all-info/#:~:text=%E5%B0%8F%E5%B1%B1	2	36.3127	139.8063	online_car	https://wadattsu261.com/content/js-shonanshinjukuline-all-info/
P2	小竹向原	metro_f	東京メトロ 副都心線｜和光市〜渋谷	V2	路線全駅/駅別一覧確認済み	https://wadattsu261.com/f-metrofukutoshinhome-info/#:~:text=%E5%B0%8F%E7%AB%B9%E5%90%91%E5%8E%9F	2	35.7438	139.6786	external_link	
P2	小竹向原	metro_y	東京メトロ 有楽町線｜和光市〜新木場	V2	路線全駅/駅別一覧確認済み	https://wadattsu261.com/content/y-metroyurakuchohome-all-info/#:~:text=%E5%B0%8F%E7%AB%B9%E5%90%91%E5%8E%9F	2	35.7438	139.6786	online_car	https://wadattsu261.com/content/y-metroyurakuchohome-all-info/
P2	小金井	utsunomiya	JR 宇都宮線｜東京〜宇都宮	V2	路線全駅/駅別一覧確認済み	https://wadattsu261.com/content/ju-utsunomiyahome-all-info/#:~:text=%E5%B0%8F%E9%87%91%E4%BA%95	2	36.3744	139.8425	online_car	https://wadattsu261.com/content/ju-utsunomiyahome-all-info/
P2	小金井	shonan_u	JR 湘南新宿ライン｜宇都宮〜逗子	V2	路線全駅/駅別一覧確認済み	https://wadattsu261.com/content/js-shonanshinjukuline-all-info/#:~:text=%E5%B0%8F%E9%87%91%E4%BA%95	2	36.3744	139.8425	online_car	https://wadattsu261.com/content/js-shonanshinjukuline-all-info/
P2	尾久	utsunomiya	JR 宇都宮線｜東京〜宇都宮	V2	路線全駅/駅別一覧確認済み	https://wadattsu261.com/content/ju-utsunomiyahome-all-info/#:~:text=%E5%B0%BE%E4%B9%85	2	35.747	139.7538	online_car	https://wadattsu261.com/content/ju-utsunomiyahome-all-info/
P2	尾久	takasaki	JR 高崎線｜東京〜高崎	V2	路線全駅/駅別一覧確認済み	https://wadattsu261.com/content/ju-takasakihome-all-info/#:~:text=%E5%B0%BE%E4%B9%85	2	35.747	139.7538	online_car	https://wadattsu261.com/content/ju-takasakihome-all-info/
P2	山手	keihin	JR 京浜東北・根岸線｜大宮〜大船	V1	駅別詳細ページ確認済み	https://wadattsu261.com/content/yamate-negishihome-info/	2	35.4267	139.6464	online_car	https://wadattsu261.com/content/jk-keihin-negishiall-info/
P2	山手	yokohama	JR 横浜線・根岸線直通｜八王子〜大船	V2	路線全駅/駅別一覧確認済み	https://wadattsu261.com/content/jh-yokohama-negishiall-info/#:~:text=%E5%B1%B1%E6%89%8B	2	35.4267	139.6464	online_car	https://wadattsu261.com/content/jh-yokohama-negishiall-info/
P2	岡部	shonan_t	JR 湘南新宿ライン｜高崎〜小田原	V2	路線全駅/駅別一覧確認済み	https://wadattsu261.com/content/js-shonanshinjukuline-all-info/#:~:text=%E5%B2%A1%E9%83%A8	2	36.2055	139.2375	online_car	https://wadattsu261.com/content/js-shonanshinjukuline-all-info/
P2	岡部	takasaki	JR 高崎線｜東京〜高崎	V2	路線全駅/駅別一覧確認済み	https://wadattsu261.com/content/ju-takasakihome-all-info/#:~:text=%E5%B2%A1%E9%83%A8	2	36.2055	139.2375	online_car	https://wadattsu261.com/content/ju-takasakihome-all-info/
P2	川越	saikyo	JR 埼京・川越線｜大崎〜川越	V2	路線全駅/駅別一覧確認済み	https://wadattsu261.com/content/ja-saikyo-kawagoehome-all-info/#:~:text=%E5%B7%9D%E8%B6%8A	2	35.9071	139.483	online_car	https://wadattsu261.com/content/ja-saikyo-kawagoehome-all-info/
P2	川越	tobu_tojo	東武 東上線｜池袋〜小川町	V2	路線全駅/駅別一覧確認済み	https://wadattsu261.com/content/tj-tobutojohome-all-info/#:~:text=%E5%B7%9D%E8%B6%8A	2	35.9071	139.483	online_car	https://wadattsu261.com/content/tj-tobutojohome-all-info/
P2	市川	chuo_sobu	JR 中央・総武線各停｜三鷹〜千葉	V2	路線全駅/駅別一覧確認済み	https://wadattsu261.com/content/jb-chuo-sobuslowhome-all-info/#:~:text=%E5%B8%82%E5%B7%9D	2	35.7289	139.907	online_car	https://wadattsu261.com/content/jb-chuo-sobuslowhome-all-info/
P2	市川	sobu	JR 総武線快速｜東京〜千葉	V2	路線全駅/駅別一覧確認済み	https://wadattsu261.com/content/jo-yokosuka-soburapidhome-all-info/#:~:text=%E5%B8%82%E5%B7%9D	2	35.7289	139.907	online_car	https://wadattsu261.com/content/jo-yokosuka-soburapidhome-all-info/
P2	平和台	metro_f	東京メトロ 副都心線｜和光市〜渋谷	V2	路線全駅/駅別一覧確認済み	https://wadattsu261.com/f-metrofukutoshinhome-info/#:~:text=%E5%B9%B3%E5%92%8C%E5%8F%B0	2	35.7579	139.6538	external_link	
P2	平和台	metro_y	東京メトロ 有楽町線｜和光市〜新木場	V2	路線全駅/駅別一覧確認済み	https://wadattsu261.com/content/y-metroyurakuchohome-all-info/#:~:text=%E5%B9%B3%E5%92%8C%E5%8F%B0	2	35.7579	139.6538	online_car	https://wadattsu261.com/content/y-metroyurakuchohome-all-info/
P2	平和島	keikyu_k	京急 久里浜線直通｜泉岳寺〜三崎口	R	路線一覧/汎用案内のみ	https://wadattsu261.com/stationhome-info/	2	35.5787	139.7349	external_link	
P2	平和島	keikyu	京急 本線｜泉岳寺〜浦賀	R	路線一覧/汎用案内のみ	https://wadattsu261.com/stationhome-info/	2	35.5787	139.7349	external_link	
P2	平塚	tokaido	JR 東海道線｜東京〜熱海	V1	駅別詳細ページ確認済み	https://wadattsu261.com/content/hiratsuka-tokaidohome-info/	2	35.3271	139.349	online_car	https://wadattsu261.com/content/jt-tokaidohome-all-info/
P2	平塚	shonan_t	JR 湘南新宿ライン｜高崎〜小田原	V2	路線全駅/駅別一覧確認済み	https://wadattsu261.com/content/js-shonanshinjukuline-all-info/#:~:text=%E5%B9%B3%E5%A1%9A	2	35.3271	139.349	online_car	https://wadattsu261.com/content/js-shonanshinjukuline-all-info/
P2	平沼橋	izumino	相鉄 いずみ野線直通｜横浜〜湘南台	V2	路線全駅/駅別一覧確認済み	https://wadattsu261.com/so-sotetsuhome-info/#:~:text=%E5%B9%B3%E6%B2%BC%E6%A9%8B	2	35.4598	139.6168	external_link	
P2	平沼橋	sotetsu	相鉄 本線｜横浜〜海老名	V2	路線全駅/駅別一覧確認済み	https://wadattsu261.com/so-sotetsuhome-info/#:~:text=%E5%B9%B3%E6%B2%BC%E6%A9%8B	2	35.4598	139.6168	external_link	
P2	府中本町	nambu	JR 南武線｜川崎〜立川	V2	路線全駅/駅別一覧確認済み	https://wadattsu261.com/content/jn-nambuhome-all-info/#:~:text=%E5%BA%9C%E4%B8%AD%E6%9C%AC%E7%94%BA	2	35.6657	139.477	online_car	https://wadattsu261.com/content/jn-nambuhome-all-info/
P2	府中本町	musashino	JR 武蔵野線｜府中本町〜西船橋	V2	路線全駅/駅別一覧確認済み	https://wadattsu261.com/content/jm-musashinohome-all-info/#:~:text=%E5%BA%9C%E4%B8%AD%E6%9C%AC%E7%94%BA	2	35.6657	139.477	online_car	https://wadattsu261.com/content/jm-musashinohome-all-info/
P2	後楽園	metro_m	東京メトロ 丸ノ内線｜池袋〜荻窪	C	アプリ内蔵（簡易号車）	https://wadattsu261.com/content/m-metromarunouchihome-all-info/	2	35.7081	139.7518	static_car	
P2	後楽園	metro_n	東京メトロ 南北線｜目黒〜赤羽岩淵	V2	路線全駅/駅別一覧確認済み	https://wadattsu261.com/content/n-metronambokuhome-all-info/#:~:text=%E5%BE%8C%E6%A5%BD%E5%9C%92	2	35.7081	139.7518	online_car	https://wadattsu261.com/content/n-metronambokuhome-all-info/
P2	御徒町	keihin	JR 京浜東北・根岸線｜大宮〜大船	V1	駅別詳細ページ確認済み	https://wadattsu261.com/content/okachimachi-yamanote-keihinhome-info/	2	35.7075	139.7747	online_car	https://wadattsu261.com/content/jk-keihin-negishiall-info/
P2	御徒町	yamanote	JR 山手線｜環状運転	V2	路線全駅/駅別一覧確認済み	https://wadattsu261.com/content/jy-yamanotehome-soto-uchimawari-info/#:~:text=%E5%BE%A1%E5%BE%92%E7%94%BA	2	35.7075	139.7747	online_car	https://wadattsu261.com/content/jy-yamanotehome-soto-uchimawari-info/
P2	我孫子	joban_local	JR 常磐線各停｜綾瀬〜取手	R	路線一覧/汎用案内のみ	https://wadattsu261.com/stationhome-info/	2	35.8728	140.0105	external_link	
P2	我孫子	joban	JR 常磐線快速｜品川〜取手	V2	路線全駅/駅別一覧確認済み	https://wadattsu261.com/content/jj-jobanrapidhome-all-info/#:~:text=%E6%88%91%E5%AD%AB%E5%AD%90	2	35.8728	140.0105	online_car	https://wadattsu261.com/content/jj-jobanrapidhome-all-info/
P2	新丸子	meguro	東急 目黒線｜目黒〜日吉	V2	路線全駅/駅別一覧確認済み	https://wadattsu261.com/mg-tokyumegurohome-info/#:~:text=%E6%96%B0%E4%B8%B8%E5%AD%90	2	35.5806	139.6617	external_link	
P2	新丸子	toyoko	東急東横線・みなとみらい線｜渋谷〜元町・中華街	V2	路線全駅/駅別一覧確認済み	https://wadattsu261.com/ty-tokyutoyokohome-info/#:~:text=%E6%96%B0%E4%B8%B8%E5%AD%90	2	35.5806	139.6617	external_link	
P2	新宿三丁目	metro_m	東京メトロ 丸ノ内線｜池袋〜荻窪	V2	路線全駅/駅別一覧確認済み	https://wadattsu261.com/content/m-metromarunouchihome-all-info/#:~:text=%E6%96%B0%E5%AE%BF%E4%B8%89%E4%B8%81%E7%9B%AE	2	35.6906	139.706	online_car	https://wadattsu261.com/content/m-metromarunouchihome-all-info/
P2	新宿三丁目	metro_f	東京メトロ 副都心線｜和光市〜渋谷	V2	路線全駅/駅別一覧確認済み	https://wadattsu261.com/f-metrofukutoshinhome-info/#:~:text=%E6%96%B0%E5%AE%BF%E4%B8%89%E4%B8%81%E7%9B%AE	2	35.6906	139.706	external_link	
P2	新小岩	chuo_sobu	JR 中央・総武線各停｜三鷹〜千葉	V2	路線全駅/駅別一覧確認済み	https://wadattsu261.com/content/jb-chuo-sobuslowhome-all-info/#:~:text=%E6%96%B0%E5%B0%8F%E5%B2%A9	2	35.7169	139.858	online_car	https://wadattsu261.com/content/jb-chuo-sobuslowhome-all-info/
P2	新小岩	sobu	JR 総武線快速｜東京〜千葉	V2	路線全駅/駅別一覧確認済み	https://wadattsu261.com/content/jo-yokosuka-soburapidhome-all-info/#:~:text=%E6%96%B0%E5%B0%8F%E5%B2%A9	2	35.7169	139.858	online_car	https://wadattsu261.com/content/jo-yokosuka-soburapidhome-all-info/
P2	新木場	keiyo	JR 京葉線｜東京〜蘇我	V2	路線全駅/駅別一覧確認済み	https://wadattsu261.com/content/je-keiyohome-all-info/#:~:text=%E6%96%B0%E6%9C%A8%E5%A0%B4	2	35.6459	139.8267	online_car	https://wadattsu261.com/content/je-keiyohome-all-info/
P2	新木場	metro_y	東京メトロ 有楽町線｜和光市〜新木場	V2	路線全駅/駅別一覧確認済み	https://wadattsu261.com/content/y-metroyurakuchohome-all-info/#:~:text=%E6%96%B0%E6%9C%A8%E5%A0%B4	2	35.6459	139.8267	online_car	https://wadattsu261.com/content/y-metroyurakuchohome-all-info/
P2	新杉田	keihin	JR 京浜東北・根岸線｜大宮〜大船	V1	駅別詳細ページ確認済み	https://wadattsu261.com/content/shinsugita-negishihome-info/	2	35.3869	139.619	online_car	https://wadattsu261.com/content/jk-keihin-negishiall-info/
P2	新杉田	yokohama	JR 横浜線・根岸線直通｜八王子〜大船	V2	路線全駅/駅別一覧確認済み	https://wadattsu261.com/content/jh-yokohama-negishiall-info/#:~:text=%E6%96%B0%E6%9D%89%E7%94%B0	2	35.3869	139.619	online_car	https://wadattsu261.com/content/jh-yokohama-negishiall-info/
P2	新松戸	joban_local	JR 常磐線各停｜綾瀬〜取手	R	路線一覧/汎用案内のみ	https://wadattsu261.com/stationhome-info/	2	35.8255	139.921	external_link	
P2	新松戸	musashino	JR 武蔵野線｜府中本町〜西船橋	V2	路線全駅/駅別一覧確認済み	https://wadattsu261.com/content/jm-musashinohome-all-info/#:~:text=%E6%96%B0%E6%9D%BE%E6%88%B8	2	35.8255	139.921	online_car	https://wadattsu261.com/content/jm-musashinohome-all-info/
P2	新町	shonan_t	JR 湘南新宿ライン｜高崎〜小田原	V2	路線全駅/駅別一覧確認済み	https://wadattsu261.com/content/js-shonanshinjukuline-all-info/#:~:text=%E6%96%B0%E7%94%BA	2	36.2725	139.1056	online_car	https://wadattsu261.com/content/js-shonanshinjukuline-all-info/
P2	新町	takasaki	JR 高崎線｜東京〜高崎	V2	路線全駅/駅別一覧確認済み	https://wadattsu261.com/content/ju-takasakihome-all-info/#:~:text=%E6%96%B0%E7%94%BA	2	36.2725	139.1056	online_car	https://wadattsu261.com/content/ju-takasakihome-all-info/
P2	新白岡	utsunomiya	JR 宇都宮線｜東京〜宇都宮	V2	路線全駅/駅別一覧確認済み	https://wadattsu261.com/content/ju-utsunomiyahome-all-info/#:~:text=%E6%96%B0%E7%99%BD%E5%B2%A1	2	36.0386	139.6725	online_car	https://wadattsu261.com/content/ju-utsunomiyahome-all-info/
P2	新白岡	shonan_u	JR 湘南新宿ライン｜宇都宮〜逗子	V2	路線全駅/駅別一覧確認済み	https://wadattsu261.com/content/js-shonanshinjukuline-all-info/#:~:text=%E6%96%B0%E7%99%BD%E5%B2%A1	2	36.0386	139.6725	online_car	https://wadattsu261.com/content/js-shonanshinjukuline-all-info/
P2	新馬場	keikyu_k	京急 久里浜線直通｜泉岳寺〜三崎口	R	路線一覧/汎用案内のみ	https://wadattsu261.com/stationhome-info/	2	35.6175	139.7414	external_link	
P2	新馬場	keikyu	京急 本線｜泉岳寺〜浦賀	R	路線一覧/汎用案内のみ	https://wadattsu261.com/stationhome-info/	2	35.6175	139.7414	external_link	
P2	新高島	mm	みなとみらい線｜横浜〜元町・中華街	V2	路線全駅/駅別一覧確認済み	https://wadattsu261.com/ty-tokyutoyokohome-info/#:~:text=%E6%96%B0%E9%AB%98%E5%B3%B6	2	35.4618	139.6268	external_link	
P2	新高島	toyoko	東急東横線・みなとみらい線｜渋谷〜元町・中華街	V2	路線全駅/駅別一覧確認済み	https://wadattsu261.com/ty-tokyutoyokohome-info/#:~:text=%E6%96%B0%E9%AB%98%E5%B3%B6	2	35.4618	139.6268	external_link	
P2	日吉	meguro	東急 目黒線｜目黒〜日吉	V2	路線全駅/駅別一覧確認済み	https://wadattsu261.com/mg-tokyumegurohome-info/#:~:text=%E6%97%A5%E5%90%89	2	35.5531	139.6468	external_link	
P2	日吉	toyoko	東急東横線・みなとみらい線｜渋谷〜元町・中華街	V2	路線全駅/駅別一覧確認済み	https://wadattsu261.com/ty-tokyutoyokohome-info/#:~:text=%E6%97%A5%E5%90%89	2	35.5531	139.6468	external_link	
P2	日本大通り	mm	みなとみらい線｜横浜〜元町・中華街	V2	路線全駅/駅別一覧確認済み	https://wadattsu261.com/ty-tokyutoyokohome-info/#:~:text=%E6%97%A5%E6%9C%AC%E5%A4%A7%E9%80%9A%E3%82%8A	2	35.4467	139.6426	external_link	
P2	日本大通り	toyoko	東急東横線・みなとみらい線｜渋谷〜元町・中華街	V2	路線全駅/駅別一覧確認済み	https://wadattsu261.com/ty-tokyutoyokohome-info/#:~:text=%E6%97%A5%E6%9C%AC%E5%A4%A7%E9%80%9A%E3%82%8A	2	35.4467	139.6426	external_link	
P2	日本橋	metro_t	東京メトロ 東西線｜中野〜西船橋	V2	路線全駅/駅別一覧確認済み	https://wadattsu261.com/content/t-metrotozaihome-all-info/#:~:text=%E6%97%A5%E6%9C%AC%E6%A9%8B	2	35.6824	139.7745	online_car	https://wadattsu261.com/content/t-metrotozaihome-all-info/
P2	日本橋	metro_g	東京メトロ 銀座線｜浅草〜渋谷	C	アプリ内蔵（簡易号車）	https://wadattsu261.com/content/g-metroginzahome-all-info/	2	35.6824	139.7745	static_car	
P2	日比谷	metro_c	東京メトロ 千代田線｜代々木上原〜北綾瀬	V2	路線全駅/駅別一覧確認済み	https://wadattsu261.com/content/c-metrochiyodahome-all-info/#:~:text=%E6%97%A5%E6%AF%94%E8%B0%B7	2	35.6746	139.7599	online_car	https://wadattsu261.com/content/c-metrochiyodahome-all-info/
P2	日比谷	metro_h	東京メトロ 日比谷線｜北千住〜中目黒	V2	路線全駅/駅別一覧確認済み	https://wadattsu261.com/content/h-metrohibiyahome-all-info/#:~:text=%E6%97%A5%E6%AF%94%E8%B0%B7	2	35.6746	139.7599	online_car	https://wadattsu261.com/content/h-metrohibiyahome-all-info/
P2	明治神宮前	metro_f	東京メトロ 副都心線｜和光市〜渋谷	V2	路線全駅/駅別一覧確認済み	https://wadattsu261.com/f-metrofukutoshinhome-info/#:~:text=%E6%98%8E%E6%B2%BB%E7%A5%9E%E5%AE%AE%E5%89%8D	2	35.6685	139.705	external_link	
P2	明治神宮前	metro_c	東京メトロ 千代田線｜代々木上原〜北綾瀬	V2	路線全駅/駅別一覧確認済み	https://wadattsu261.com/content/c-metrochiyodahome-all-info/#:~:text=%E6%98%8E%E6%B2%BB%E7%A5%9E%E5%AE%AE%E5%89%8D	2	35.6685	139.705	online_car	https://wadattsu261.com/content/c-metrochiyodahome-all-info/
P2	星川	izumino	相鉄 いずみ野線直通｜横浜〜湘南台	V2	路線全駅/駅別一覧確認済み	https://wadattsu261.com/so-sotetsuhome-info/#:~:text=%E6%98%9F%E5%B7%9D	2	35.4588	139.5947	external_link	
P2	星川	sotetsu	相鉄 本線｜横浜〜海老名	V2	路線全駅/駅別一覧確認済み	https://wadattsu261.com/so-sotetsuhome-info/#:~:text=%E6%98%9F%E5%B7%9D	2	35.4588	139.5947	external_link	
P2	本庄	shonan_t	JR 湘南新宿ライン｜高崎〜小田原	V2	路線全駅/駅別一覧確認済み	https://wadattsu261.com/content/js-shonanshinjukuline-all-info/#:~:text=%E6%9C%AC%E5%BA%84	2	36.2363	139.1883	online_car	https://wadattsu261.com/content/js-shonanshinjukuline-all-info/
P2	本庄	takasaki	JR 高崎線｜東京〜高崎	V2	路線全駅/駅別一覧確認済み	https://wadattsu261.com/content/ju-takasakihome-all-info/#:~:text=%E6%9C%AC%E5%BA%84	2	36.2363	139.1883	online_car	https://wadattsu261.com/content/ju-takasakihome-all-info/
P2	本郷台	keihin	JR 京浜東北・根岸線｜大宮〜大船	V1	駅別詳細ページ確認済み	https://wadattsu261.com/content/hongodai-negishihome-info/	2	35.3679	139.5504	online_car	https://wadattsu261.com/content/jk-keihin-negishiall-info/
P2	本郷台	yokohama	JR 横浜線・根岸線直通｜八王子〜大船	V2	路線全駅/駅別一覧確認済み	https://wadattsu261.com/content/jh-yokohama-negishiall-info/#:~:text=%E6%9C%AC%E9%83%B7%E5%8F%B0	2	35.3679	139.5504	online_car	https://wadattsu261.com/content/jh-yokohama-negishiall-info/
P2	東大宮	utsunomiya	JR 宇都宮線｜東京〜宇都宮	V2	路線全駅/駅別一覧確認済み	https://wadattsu261.com/content/ju-utsunomiyahome-all-info/#:~:text=%E6%9D%B1%E5%A4%A7%E5%AE%AE	2	35.9489	139.6403	online_car	https://wadattsu261.com/content/ju-utsunomiyahome-all-info/
P2	東大宮	shonan_u	JR 湘南新宿ライン｜宇都宮〜逗子	V2	路線全駅/駅別一覧確認済み	https://wadattsu261.com/content/js-shonanshinjukuline-all-info/#:~:text=%E6%9D%B1%E5%A4%A7%E5%AE%AE	2	35.9489	139.6403	online_car	https://wadattsu261.com/content/js-shonanshinjukuline-all-info/
P2	東神奈川	keihin	JR 京浜東北・根岸線｜大宮〜大船	V1	駅別詳細ページ確認済み	https://wadattsu261.com/content/higashikanagawa-keihin-yokohamahome-info/	2	35.478	139.6334	online_car	https://wadattsu261.com/content/jk-keihin-negishiall-info/
P2	東神奈川	yokohama	JR 横浜線・根岸線直通｜八王子〜大船	V2	路線全駅/駅別一覧確認済み	https://wadattsu261.com/content/jh-yokohama-negishiall-info/#:~:text=%E6%9D%B1%E7%A5%9E%E5%A5%88%E5%B7%9D	2	35.478	139.6334	online_car	https://wadattsu261.com/content/jh-yokohama-negishiall-info/
P2	東鷲宮	utsunomiya	JR 宇都宮線｜東京〜宇都宮	V2	路線全駅/駅別一覧確認済み	https://wadattsu261.com/content/ju-utsunomiyahome-all-info/#:~:text=%E6%9D%B1%E9%B7%B2%E5%AE%AE	2	36.0895	139.679	online_car	https://wadattsu261.com/content/ju-utsunomiyahome-all-info/
P2	東鷲宮	shonan_u	JR 湘南新宿ライン｜宇都宮〜逗子	V2	路線全駅/駅別一覧確認済み	https://wadattsu261.com/content/js-shonanshinjukuline-all-info/#:~:text=%E6%9D%B1%E9%B7%B2%E5%AE%AE	2	36.0895	139.679	online_car	https://wadattsu261.com/content/js-shonanshinjukuline-all-info/
P2	松戸	joban_local	JR 常磐線各停｜綾瀬〜取手	R	路線一覧/汎用案内のみ	https://wadattsu261.com/stationhome-info/	2	35.784	139.9007	external_link	
P2	松戸	joban	JR 常磐線快速｜品川〜取手	V2	路線全駅/駅別一覧確認済み	https://wadattsu261.com/content/jj-jobanrapidhome-all-info/#:~:text=%E6%9D%BE%E6%88%B8	2	35.784	139.9007	online_car	https://wadattsu261.com/content/jj-jobanrapidhome-all-info/
P2	柏	joban_local	JR 常磐線各停｜綾瀬〜取手	R	路線一覧/汎用案内のみ	https://wadattsu261.com/stationhome-info/	2	35.8623	139.9708	external_link	
P2	柏	joban	JR 常磐線快速｜品川〜取手	V2	路線全駅/駅別一覧確認済み	https://wadattsu261.com/content/jj-jobanrapidhome-all-info/#:~:text=%E6%9F%8F	2	35.8623	139.9708	online_car	https://wadattsu261.com/content/jj-jobanrapidhome-all-info/
P2	栗橋	utsunomiya	JR 宇都宮線｜東京〜宇都宮	V2	路線全駅/駅別一覧確認済み	https://wadattsu261.com/content/ju-utsunomiyahome-all-info/#:~:text=%E6%A0%97%E6%A9%8B	2	36.1364	139.6943	online_car	https://wadattsu261.com/content/ju-utsunomiyahome-all-info/
P2	栗橋	shonan_u	JR 湘南新宿ライン｜宇都宮〜逗子	V2	路線全駅/駅別一覧確認済み	https://wadattsu261.com/content/js-shonanshinjukuline-all-info/#:~:text=%E6%A0%97%E6%A9%8B	2	36.1364	139.6943	online_car	https://wadattsu261.com/content/js-shonanshinjukuline-all-info/
P2	根岸	keihin	JR 京浜東北・根岸線｜大宮〜大船	V1	駅別詳細ページ確認済み	https://wadattsu261.com/content/negishi-negishihome-info/	2	35.4157	139.636	online_car	https://wadattsu261.com/content/jk-keihin-negishiall-info/
P2	根岸	yokohama	JR 横浜線・根岸線直通｜八王子〜大船	V2	路線全駅/駅別一覧確認済み	https://wadattsu261.com/content/jh-yokohama-negishiall-info/#:~:text=%E6%A0%B9%E5%B2%B8	2	35.4157	139.636	online_car	https://wadattsu261.com/content/jh-yokohama-negishiall-info/
P2	桶川	shonan_t	JR 湘南新宿ライン｜高崎〜小田原	V2	路線全駅/駅別一覧確認済み	https://wadattsu261.com/content/js-shonanshinjukuline-all-info/#:~:text=%E6%A1%B6%E5%B7%9D	2	35.9985	139.5645	online_car	https://wadattsu261.com/content/js-shonanshinjukuline-all-info/
P2	桶川	takasaki	JR 高崎線｜東京〜高崎	V2	路線全駅/駅別一覧確認済み	https://wadattsu261.com/content/ju-takasakihome-all-info/#:~:text=%E6%A1%B6%E5%B7%9D	2	35.9985	139.5645	online_car	https://wadattsu261.com/content/ju-takasakihome-all-info/
P2	梅屋敷	keikyu_k	京急 久里浜線直通｜泉岳寺〜三崎口	R	路線一覧/汎用案内のみ	https://wadattsu261.com/stationhome-info/	2	35.5669	139.7281	external_link	
P2	梅屋敷	keikyu	京急 本線｜泉岳寺〜浦賀	R	路線一覧/汎用案内のみ	https://wadattsu261.com/stationhome-info/	2	35.5669	139.7281	external_link	
P2	横須賀中央	keikyu_k	京急 久里浜線直通｜泉岳寺〜三崎口	R	路線一覧/汎用案内のみ	https://wadattsu261.com/stationhome-info/	2	35.2787	139.67	external_link	
P2	横須賀中央	keikyu	京急 本線｜泉岳寺〜浦賀	R	路線一覧/汎用案内のみ	https://wadattsu261.com/stationhome-info/	2	35.2787	139.67	external_link	
P2	武蔵浦和	saikyo	JR 埼京・川越線｜大崎〜川越	V2	路線全駅/駅別一覧確認済み	https://wadattsu261.com/content/ja-saikyo-kawagoehome-all-info/#:~:text=%E6%AD%A6%E8%94%B5%E6%B5%A6%E5%92%8C	2	35.8441	139.6478	online_car	https://wadattsu261.com/content/ja-saikyo-kawagoehome-all-info/
P2	武蔵浦和	musashino	JR 武蔵野線｜府中本町〜西船橋	V2	路線全駅/駅別一覧確認済み	https://wadattsu261.com/content/jm-musashinohome-all-info/#:~:text=%E6%AD%A6%E8%94%B5%E6%B5%A6%E5%92%8C	2	35.8441	139.6478	online_car	https://wadattsu261.com/content/jm-musashinohome-all-info/
P2	氷川台	metro_f	東京メトロ 副都心線｜和光市〜渋谷	V2	路線全駅/駅別一覧確認済み	https://wadattsu261.com/f-metrofukutoshinhome-info/#:~:text=%E6%B0%B7%E5%B7%9D%E5%8F%B0	2	35.7495	139.6654	external_link	
P2	氷川台	metro_y	東京メトロ 有楽町線｜和光市〜新木場	V2	路線全駅/駅別一覧確認済み	https://wadattsu261.com/content/y-metroyurakuchohome-all-info/#:~:text=%E6%B0%B7%E5%B7%9D%E5%8F%B0	2	35.7495	139.6654	online_car	https://wadattsu261.com/content/y-metroyurakuchohome-all-info/
P2	汐入	keikyu_k	京急 久里浜線直通｜泉岳寺〜三崎口	R	路線一覧/汎用案内のみ	https://wadattsu261.com/stationhome-info/	2	35.2804	139.6621	external_link	
P2	汐入	keikyu	京急 本線｜泉岳寺〜浦賀	R	路線一覧/汎用案内のみ	https://wadattsu261.com/stationhome-info/	2	35.2804	139.6621	external_link	
P2	泉岳寺	keikyu_k	京急 久里浜線直通｜泉岳寺〜三崎口	R	路線一覧/汎用案内のみ	https://wadattsu261.com/stationhome-info/	2	35.6387	139.74	external_link	
P2	泉岳寺	keikyu	京急 本線｜泉岳寺〜浦賀	R	路線一覧/汎用案内のみ	https://wadattsu261.com/stationhome-info/	2	35.6387	139.74	external_link	
P2	洋光台	keihin	JR 京浜東北・根岸線｜大宮〜大船	V1	駅別詳細ページ確認済み	https://wadattsu261.com/content/yokodai-negishihome-info/	2	35.3786	139.5967	online_car	https://wadattsu261.com/content/jk-keihin-negishiall-info/
P2	洋光台	yokohama	JR 横浜線・根岸線直通｜八王子〜大船	V2	路線全駅/駅別一覧確認済み	https://wadattsu261.com/content/jh-yokohama-negishiall-info/#:~:text=%E6%B4%8B%E5%85%89%E5%8F%B0	2	35.3786	139.5967	online_car	https://wadattsu261.com/content/jh-yokohama-negishiall-info/
P2	津田沼	chuo_sobu	JR 中央・総武線各停｜三鷹〜千葉	V2	路線全駅/駅別一覧確認済み	https://wadattsu261.com/content/jb-chuo-sobuslowhome-all-info/#:~:text=%E6%B4%A5%E7%94%B0%E6%B2%BC	2	35.6913	140.0202	online_car	https://wadattsu261.com/content/jb-chuo-sobuslowhome-all-info/
P2	津田沼	sobu	JR 総武線快速｜東京〜千葉	V2	路線全駅/駅別一覧確認済み	https://wadattsu261.com/content/jo-yokosuka-soburapidhome-all-info/#:~:text=%E6%B4%A5%E7%94%B0%E6%B2%BC	2	35.6913	140.0202	online_car	https://wadattsu261.com/content/jo-yokosuka-soburapidhome-all-info/
P2	浜松町	keihin	JR 京浜東北・根岸線｜大宮〜大船	V1	駅別詳細ページ確認済み	https://wadattsu261.com/content/hamamatsucho-yamanote-keihinhome-info/	2	35.6554	139.7571	online_car	https://wadattsu261.com/content/jk-keihin-negishiall-info/
P2	浜松町	yamanote	JR 山手線｜環状運転	C	アプリ内蔵（簡易号車）	https://wadattsu261.com/content/jy-yamanotehome-soto-uchimawari-info/	2	35.6554	139.7571	static_car	
P2	海老名	odakyu	小田急 小田原線｜新宿〜小田原	R	路線一覧/汎用案内のみ	https://wadattsu261.com/stationhome-info/	2	35.4522	139.3909	external_link	
P2	海老名	sotetsu	相鉄 本線｜横浜〜海老名	V2	路線全駅/駅別一覧確認済み	https://wadattsu261.com/so-sotetsuhome-info/#:~:text=%E6%B5%B7%E8%80%81%E5%90%8D	2	35.4522	139.3909	external_link	
P2	深谷	shonan_t	JR 湘南新宿ライン｜高崎〜小田原	V2	路線全駅/駅別一覧確認済み	https://wadattsu261.com/content/js-shonanshinjukuline-all-info/#:~:text=%E6%B7%B1%E8%B0%B7	2	36.1913	139.2815	online_car	https://wadattsu261.com/content/js-shonanshinjukuline-all-info/
P2	深谷	takasaki	JR 高崎線｜東京〜高崎	V2	路線全駅/駅別一覧確認済み	https://wadattsu261.com/content/ju-takasakihome-all-info/#:~:text=%E6%B7%B1%E8%B0%B7	2	36.1913	139.2815	online_car	https://wadattsu261.com/content/ju-takasakihome-all-info/
P2	港南台	keihin	JR 京浜東北・根岸線｜大宮〜大船	V1	駅別詳細ページ確認済み	https://wadattsu261.com/content/konandai-negishihome-info/	2	35.3751	139.5762	online_car	https://wadattsu261.com/content/jk-keihin-negishiall-info/
P2	港南台	yokohama	JR 横浜線・根岸線直通｜八王子〜大船	V2	路線全駅/駅別一覧確認済み	https://wadattsu261.com/content/jh-yokohama-negishiall-info/#:~:text=%E6%B8%AF%E5%8D%97%E5%8F%B0	2	35.3751	139.5762	online_car	https://wadattsu261.com/content/jh-yokohama-negishiall-info/
P2	湘南台	blue	横浜市営 ブルーライン｜あざみ野〜湘南台	V1	駅別詳細ページ確認済み	https://wadattsu261.com/content/syonandai-yokohamablueline-info/	2	35.3965	139.466	online_car	https://wadattsu261.com/content/b-bluelinehome-all-info/
P2	湘南台	izumino	相鉄 いずみ野線直通｜横浜〜湘南台	V2	路線全駅/駅別一覧確認済み	https://wadattsu261.com/so-sotetsuhome-info/#:~:text=%E6%B9%98%E5%8D%97%E5%8F%B0	2	35.3965	139.466	external_link	
P2	溜池山王	metro_n	東京メトロ 南北線｜目黒〜赤羽岩淵	V2	路線全駅/駅別一覧確認済み	https://wadattsu261.com/content/n-metronambokuhome-all-info/#:~:text=%E6%BA%9C%E6%B1%A0%E5%B1%B1%E7%8E%8B	2	35.6736	139.7414	online_car	https://wadattsu261.com/content/n-metronambokuhome-all-info/
P2	溜池山王	metro_g	東京メトロ 銀座線｜浅草〜渋谷	C	アプリ内蔵（簡易号車）	https://wadattsu261.com/content/g-metroginzahome-all-info/	2	35.6736	139.7414	static_car	
P2	熊谷	shonan_t	JR 湘南新宿ライン｜高崎〜小田原	V2	路線全駅/駅別一覧確認済み	https://wadattsu261.com/content/js-shonanshinjukuline-all-info/#:~:text=%E7%86%8A%E8%B0%B7	2	36.1396	139.3894	online_car	https://wadattsu261.com/content/js-shonanshinjukuline-all-info/
P2	熊谷	takasaki	JR 高崎線｜東京〜高崎	V2	路線全駅/駅別一覧確認済み	https://wadattsu261.com/content/ju-takasakihome-all-info/#:~:text=%E7%86%8A%E8%B0%B7	2	36.1396	139.3894	online_car	https://wadattsu261.com/content/ju-takasakihome-all-info/
P2	王子	keihin	JR 京浜東北・根岸線｜大宮〜大船	V1	駅別詳細ページ確認済み	https://wadattsu261.com/content/oji-keihinhome-info/	2	35.753	139.738	online_car	https://wadattsu261.com/content/jk-keihin-negishiall-info/
P2	王子	metro_n	東京メトロ 南北線｜目黒〜赤羽岩淵	V2	路線全駅/駅別一覧確認済み	https://wadattsu261.com/content/n-metronambokuhome-all-info/#:~:text=%E7%8E%8B%E5%AD%90	2	35.753	139.738	online_car	https://wadattsu261.com/content/n-metronambokuhome-all-info/
P2	田園調布	meguro	東急 目黒線｜目黒〜日吉	V2	路線全駅/駅別一覧確認済み	https://wadattsu261.com/mg-tokyumegurohome-info/#:~:text=%E7%94%B0%E5%9C%92%E8%AA%BF%E5%B8%83	2	35.5969	139.6673	external_link	
P2	田園調布	toyoko	東急東横線・みなとみらい線｜渋谷〜元町・中華街	V2	路線全駅/駅別一覧確認済み	https://wadattsu261.com/ty-tokyutoyokohome-info/#:~:text=%E7%94%B0%E5%9C%92%E8%AA%BF%E5%B8%83	2	35.5969	139.6673	external_link	
P2	田町	keihin	JR 京浜東北・根岸線｜大宮〜大船	V1	駅別詳細ページ確認済み	https://wadattsu261.com/content/tamachi-yamanote-keihinhome-info/	2	35.6457	139.7476	online_car	https://wadattsu261.com/content/jk-keihin-negishiall-info/
P2	田町	yamanote	JR 山手線｜環状運転	C	アプリ内蔵（簡易号車）	https://wadattsu261.com/content/jy-yamanotehome-soto-uchimawari-info/	2	35.6457	139.7476	static_car	
P2	田端	keihin	JR 京浜東北・根岸線｜大宮〜大船	V1	駅別詳細ページ確認済み	https://wadattsu261.com/content/tabata-yamanote-keihinhome-info/	2	35.7381	139.7609	online_car	https://wadattsu261.com/content/jk-keihin-negishiall-info/
P2	田端	yamanote	JR 山手線｜環状運転	V2	路線全駅/駅別一覧確認済み	https://wadattsu261.com/content/jy-yamanotehome-soto-uchimawari-info/#:~:text=%E7%94%B0%E7%AB%AF	2	35.7381	139.7609	online_car	https://wadattsu261.com/content/jy-yamanotehome-soto-uchimawari-info/
P2	登戸	nambu	JR 南武線｜川崎〜立川	V2	路線全駅/駅別一覧確認済み	https://wadattsu261.com/content/jn-nambuhome-all-info/#:~:text=%E7%99%BB%E6%88%B8	2	35.6207	139.57	online_car	https://wadattsu261.com/content/jn-nambuhome-all-info/
P2	登戸	odakyu	小田急 小田原線｜新宿〜小田原	R	路線一覧/汎用案内のみ	https://wadattsu261.com/stationhome-info/	2	35.6207	139.57	external_link	
P2	白岡	utsunomiya	JR 宇都宮線｜東京〜宇都宮	V2	路線全駅/駅別一覧確認済み	https://wadattsu261.com/content/ju-utsunomiyahome-all-info/#:~:text=%E7%99%BD%E5%B2%A1	2	36.0178	139.6669	online_car	https://wadattsu261.com/content/ju-utsunomiyahome-all-info/
P2	白岡	shonan_u	JR 湘南新宿ライン｜宇都宮〜逗子	V2	路線全駅/駅別一覧確認済み	https://wadattsu261.com/content/js-shonanshinjukuline-all-info/#:~:text=%E7%99%BD%E5%B2%A1	2	36.0178	139.6669	online_car	https://wadattsu261.com/content/js-shonanshinjukuline-all-info/
P2	県立大学	keikyu_k	京急 久里浜線直通｜泉岳寺〜三崎口	R	路線一覧/汎用案内のみ	https://wadattsu261.com/stationhome-info/	2	35.2647	139.6772	external_link	
P2	県立大学	keikyu	京急 本線｜泉岳寺〜浦賀	R	路線一覧/汎用案内のみ	https://wadattsu261.com/stationhome-info/	2	35.2647	139.6772	external_link	
P2	石川町	keihin	JR 京浜東北・根岸線｜大宮〜大船	V1	駅別詳細ページ確認済み	https://wadattsu261.com/content/ishikawacho-negishihome-info/	2	35.4386	139.6435	online_car	https://wadattsu261.com/content/jk-keihin-negishiall-info/
P2	石川町	yokohama	JR 横浜線・根岸線直通｜八王子〜大船	V2	路線全駅/駅別一覧確認済み	https://wadattsu261.com/content/jh-yokohama-negishiall-info/#:~:text=%E7%9F%B3%E5%B7%9D%E7%94%BA	2	35.4386	139.6435	online_car	https://wadattsu261.com/content/jh-yokohama-negishiall-info/
P2	石橋	utsunomiya	JR 宇都宮線｜東京〜宇都宮	V2	路線全駅/駅別一覧確認済み	https://wadattsu261.com/content/ju-utsunomiyahome-all-info/#:~:text=%E7%9F%B3%E6%A9%8B	2	36.4368	139.8662	online_car	https://wadattsu261.com/content/ju-utsunomiyahome-all-info/
P2	石橋	shonan_u	JR 湘南新宿ライン｜宇都宮〜逗子	V2	路線全駅/駅別一覧確認済み	https://wadattsu261.com/content/js-shonanshinjukuline-all-info/#:~:text=%E7%9F%B3%E6%A9%8B	2	36.4368	139.8662	online_car	https://wadattsu261.com/content/js-shonanshinjukuline-all-info/
P2	磯子	keihin	JR 京浜東北・根岸線｜大宮〜大船	V1	駅別詳細ページ確認済み	https://wadattsu261.com/content/isogo-negishihome-info/	2	35.4005	139.6186	online_car	https://wadattsu261.com/content/jk-keihin-negishiall-info/
P2	磯子	yokohama	JR 横浜線・根岸線直通｜八王子〜大船	V2	路線全駅/駅別一覧確認済み	https://wadattsu261.com/content/jh-yokohama-negishiall-info/#:~:text=%E7%A3%AF%E5%AD%90	2	35.4005	139.6186	online_car	https://wadattsu261.com/content/jh-yokohama-negishiall-info/
P2	神保原	shonan_t	JR 湘南新宿ライン｜高崎〜小田原	V2	路線全駅/駅別一覧確認済み	https://wadattsu261.com/content/js-shonanshinjukuline-all-info/#:~:text=%E7%A5%9E%E4%BF%9D%E5%8E%9F	2	36.2539	139.1495	online_car	https://wadattsu261.com/content/js-shonanshinjukuline-all-info/
P2	神保原	takasaki	JR 高崎線｜東京〜高崎	V2	路線全駅/駅別一覧確認済み	https://wadattsu261.com/content/ju-takasakihome-all-info/#:~:text=%E7%A5%9E%E4%BF%9D%E5%8E%9F	2	36.2539	139.1495	online_car	https://wadattsu261.com/content/ju-takasakihome-all-info/
P2	稲毛	chuo_sobu	JR 中央・総武線各停｜三鷹〜千葉	V2	路線全駅/駅別一覧確認済み	https://wadattsu261.com/content/jb-chuo-sobuslowhome-all-info/#:~:text=%E7%A8%B2%E6%AF%9B	2	35.6372	140.0926	online_car	https://wadattsu261.com/content/jb-chuo-sobuslowhome-all-info/
P2	稲毛	sobu	JR 総武線快速｜東京〜千葉	V2	路線全駅/駅別一覧確認済み	https://wadattsu261.com/content/jo-yokosuka-soburapidhome-all-info/#:~:text=%E7%A8%B2%E6%AF%9B	2	35.6372	140.0926	online_car	https://wadattsu261.com/content/jo-yokosuka-soburapidhome-all-info/
P2	立会川	keikyu_k	京急 久里浜線直通｜泉岳寺〜三崎口	R	路線一覧/汎用案内のみ	https://wadattsu261.com/stationhome-info/	2	35.5984	139.7389	external_link	
P2	立会川	keikyu	京急 本線｜泉岳寺〜浦賀	R	路線一覧/汎用案内のみ	https://wadattsu261.com/stationhome-info/	2	35.5984	139.7389	external_link	
P2	笹塚	keio_new	京王新線｜新宿〜笹塚	V2	路線全駅/駅別一覧確認済み	https://wadattsu261.com/content/ko-keiohome-all-info/#:~:text=%E7%AC%B9%E5%A1%9A	2	35.6736	139.667	online_car	https://wadattsu261.com/content/ko-keiohome-all-info/
P2	笹塚	keio	京王線｜新宿〜京王八王子	V2	路線全駅/駅別一覧確認済み	https://wadattsu261.com/content/ko-keiohome-all-info/#:~:text=%E7%AC%B9%E5%A1%9A	2	35.6736	139.667	online_car	https://wadattsu261.com/content/ko-keiohome-all-info/
P2	籠原	shonan_t	JR 湘南新宿ライン｜高崎〜小田原	V2	路線全駅/駅別一覧確認済み	https://wadattsu261.com/content/js-shonanshinjukuline-all-info/#:~:text=%E7%B1%A0%E5%8E%9F	2	36.1745	139.3307	online_car	https://wadattsu261.com/content/js-shonanshinjukuline-all-info/
P2	籠原	takasaki	JR 高崎線｜東京〜高崎	V2	路線全駅/駅別一覧確認済み	https://wadattsu261.com/content/ju-takasakihome-all-info/#:~:text=%E7%B1%A0%E5%8E%9F	2	36.1745	139.3307	online_car	https://wadattsu261.com/content/ju-takasakihome-all-info/
P2	綾瀬	joban_local	JR 常磐線各停｜綾瀬〜取手	R	路線一覧/汎用案内のみ	https://wadattsu261.com/stationhome-info/	2	35.7622	139.8249	external_link	
P2	綾瀬	metro_c	東京メトロ 千代田線｜代々木上原〜北綾瀬	V2	路線全駅/駅別一覧確認済み	https://wadattsu261.com/content/c-metrochiyodahome-all-info/#:~:text=%E7%B6%BE%E7%80%AC	2	35.7622	139.8249	online_car	https://wadattsu261.com/content/c-metrochiyodahome-all-info/
P2	自治医大	utsunomiya	JR 宇都宮線｜東京〜宇都宮	V2	路線全駅/駅別一覧確認済み	https://wadattsu261.com/content/ju-utsunomiyahome-all-info/#:~:text=%E8%87%AA%E6%B2%BB%E5%8C%BB%E5%A4%A7	2	36.3955	139.8544	online_car	https://wadattsu261.com/content/ju-utsunomiyahome-all-info/
P2	自治医大	shonan_u	JR 湘南新宿ライン｜宇都宮〜逗子	V2	路線全駅/駅別一覧確認済み	https://wadattsu261.com/content/js-shonanshinjukuline-all-info/#:~:text=%E8%87%AA%E6%B2%BB%E5%8C%BB%E5%A4%A7	2	36.3955	139.8544	online_car	https://wadattsu261.com/content/js-shonanshinjukuline-all-info/
P2	船橋	chuo_sobu	JR 中央・総武線各停｜三鷹〜千葉	V2	路線全駅/駅別一覧確認済み	https://wadattsu261.com/content/jb-chuo-sobuslowhome-all-info/#:~:text=%E8%88%B9%E6%A9%8B	2	35.7017	139.9852	online_car	https://wadattsu261.com/content/jb-chuo-sobuslowhome-all-info/
P2	船橋	sobu	JR 総武線快速｜東京〜千葉	V2	路線全駅/駅別一覧確認済み	https://wadattsu261.com/content/jo-yokosuka-soburapidhome-all-info/#:~:text=%E8%88%B9%E6%A9%8B	2	35.7017	139.9852	online_car	https://wadattsu261.com/content/jo-yokosuka-soburapidhome-all-info/
P2	茅ケ崎	tokaido	JR 東海道線｜東京〜熱海	V1	駅別詳細ページ確認済み	https://wadattsu261.com/content/chigasaki-sagami-tokaidohome-info/	2	35.3307	139.4072	online_car	https://wadattsu261.com/content/jt-tokaidohome-all-info/
P2	茅ケ崎	shonan_t	JR 湘南新宿ライン｜高崎〜小田原	V2	路線全駅/駅別一覧確認済み	https://wadattsu261.com/content/js-shonanshinjukuline-all-info/#:~:text=%E8%8C%85%E3%82%B1%E5%B4%8E	2	35.3307	139.4072	online_car	https://wadattsu261.com/content/js-shonanshinjukuline-all-info/
P2	茅場町	metro_h	東京メトロ 日比谷線｜北千住〜中目黒	V2	路線全駅/駅別一覧確認済み	https://wadattsu261.com/content/h-metrohibiyahome-all-info/#:~:text=%E8%8C%85%E5%A0%B4%E7%94%BA	2	35.68	139.78	online_car	https://wadattsu261.com/content/h-metrohibiyahome-all-info/
P2	茅場町	metro_t	東京メトロ 東西線｜中野〜西船橋	V2	路線全駅/駅別一覧確認済み	https://wadattsu261.com/content/t-metrotozaihome-all-info/#:~:text=%E8%8C%85%E5%A0%B4%E7%94%BA	2	35.68	139.78	online_car	https://wadattsu261.com/content/t-metrotozaihome-all-info/
P2	菊名	yokohama	JR 横浜線・根岸線直通｜八王子〜大船	V2	路線全駅/駅別一覧確認済み	https://wadattsu261.com/content/jh-yokohama-negishiall-info/#:~:text=%E8%8F%8A%E5%90%8D	2	35.5098	139.6306	online_car	https://wadattsu261.com/content/jh-yokohama-negishiall-info/
P2	菊名	toyoko	東急東横線・みなとみらい線｜渋谷〜元町・中華街	V2	路線全駅/駅別一覧確認済み	https://wadattsu261.com/ty-tokyutoyokohome-info/#:~:text=%E8%8F%8A%E5%90%8D	2	35.5098	139.6306	external_link	
P2	蓮田	utsunomiya	JR 宇都宮線｜東京〜宇都宮	V2	路線全駅/駅別一覧確認済み	https://wadattsu261.com/content/ju-utsunomiyahome-all-info/#:~:text=%E8%93%AE%E7%94%B0	2	35.9814	139.6526	online_car	https://wadattsu261.com/content/ju-utsunomiyahome-all-info/
P2	蓮田	shonan_u	JR 湘南新宿ライン｜宇都宮〜逗子	V2	路線全駅/駅別一覧確認済み	https://wadattsu261.com/content/js-shonanshinjukuline-all-info/#:~:text=%E8%93%AE%E7%94%B0	2	35.9814	139.6526	online_car	https://wadattsu261.com/content/js-shonanshinjukuline-all-info/
P2	藤沢	tokaido	JR 東海道線｜東京〜熱海	V1	駅別詳細ページ確認済み	https://wadattsu261.com/content/fujisawa-tokaidohome-info/	2	35.3389	139.4875	online_car	https://wadattsu261.com/content/jt-tokaidohome-all-info/
P2	藤沢	shonan_t	JR 湘南新宿ライン｜高崎〜小田原	V2	路線全駅/駅別一覧確認済み	https://wadattsu261.com/content/js-shonanshinjukuline-all-info/#:~:text=%E8%97%A4%E6%B2%A2	2	35.3389	139.4875	online_car	https://wadattsu261.com/content/js-shonanshinjukuline-all-info/
P2	行田	shonan_t	JR 湘南新宿ライン｜高崎〜小田原	V2	路線全駅/駅別一覧確認済み	https://wadattsu261.com/content/js-shonanshinjukuline-all-info/#:~:text=%E8%A1%8C%E7%94%B0	2	36.1139	139.4328	online_car	https://wadattsu261.com/content/js-shonanshinjukuline-all-info/
P2	行田	takasaki	JR 高崎線｜東京〜高崎	V2	路線全駅/駅別一覧確認済み	https://wadattsu261.com/content/ju-takasakihome-all-info/#:~:text=%E8%A1%8C%E7%94%B0	2	36.1139	139.4328	online_car	https://wadattsu261.com/content/ju-takasakihome-all-info/
P2	西国分寺	chuo	JR 中央線快速｜東京〜高尾	V2	路線全駅/駅別一覧確認済み	https://wadattsu261.com/content/jc-chuorapidhome-all-info/#:~:text=%E8%A5%BF%E5%9B%BD%E5%88%86%E5%AF%BA	2	35.6997	139.4657	online_car	https://wadattsu261.com/content/jc-chuorapidhome-all-info/
P2	西国分寺	musashino	JR 武蔵野線｜府中本町〜西船橋	V2	路線全駅/駅別一覧確認済み	https://wadattsu261.com/content/jm-musashinohome-all-info/#:~:text=%E8%A5%BF%E5%9B%BD%E5%88%86%E5%AF%BA	2	35.6997	139.4657	online_car	https://wadattsu261.com/content/jm-musashinohome-all-info/
P2	西大井	yokosuka	JR 横須賀線｜東京〜久里浜	D	アプリ内蔵（号車＋ドア）	https://wadattsu261.com/content/nishioi-yokosuka-shonanshinjukuline-sotetsudirecthome-info/	2	35.6016	139.7216	static_detail	
P2	西大井	shonan_u	JR 湘南新宿ライン｜宇都宮〜逗子	D	アプリ内蔵（号車＋ドア）	https://wadattsu261.com/content/nishioi-yokosuka-shonanshinjukuline-sotetsudirecthome-info/	2	35.6016	139.7216	static_detail	
P2	西横浜	izumino	相鉄 いずみ野線直通｜横浜〜湘南台	V2	路線全駅/駅別一覧確認済み	https://wadattsu261.com/so-sotetsuhome-info/#:~:text=%E8%A5%BF%E6%A8%AA%E6%B5%9C	2	35.4531	139.6076	external_link	
P2	西横浜	sotetsu	相鉄 本線｜横浜〜海老名	V2	路線全駅/駅別一覧確認済み	https://wadattsu261.com/so-sotetsuhome-info/#:~:text=%E8%A5%BF%E6%A8%AA%E6%B5%9C	2	35.4531	139.6076	external_link	
P2	西荻窪	chuo_sobu	JR 中央・総武線各停｜三鷹〜千葉	V2	路線全駅/駅別一覧確認済み	https://wadattsu261.com/content/jb-chuo-sobuslowhome-all-info/#:~:text=%E8%A5%BF%E8%8D%BB%E7%AA%AA	2	35.7038	139.5996	online_car	https://wadattsu261.com/content/jb-chuo-sobuslowhome-all-info/
P2	西荻窪	chuo	JR 中央線快速｜東京〜高尾	V2	路線全駅/駅別一覧確認済み	https://wadattsu261.com/content/jc-chuorapidhome-all-info/#:~:text=%E8%A5%BF%E8%8D%BB%E7%AA%AA	2	35.7038	139.5996	online_car	https://wadattsu261.com/content/jc-chuorapidhome-all-info/
P2	西谷	izumino	相鉄 いずみ野線直通｜横浜〜湘南台	V2	路線全駅/駅別一覧確認済み	https://wadattsu261.com/so-sotetsuhome-info/#:~:text=%E8%A5%BF%E8%B0%B7	2	35.4781	139.5658	external_link	
P2	西谷	sotetsu	相鉄 本線｜横浜〜海老名	V2	路線全駅/駅別一覧確認済み	https://wadattsu261.com/so-sotetsuhome-info/#:~:text=%E8%A5%BF%E8%B0%B7	2	35.4781	139.5658	external_link	
P2	要町	metro_f	東京メトロ 副都心線｜和光市〜渋谷	V2	路線全駅/駅別一覧確認済み	https://wadattsu261.com/f-metrofukutoshinhome-info/#:~:text=%E8%A6%81%E7%94%BA	2	35.7332	139.6988	external_link	
P2	要町	metro_y	東京メトロ 有楽町線｜和光市〜新木場	V2	路線全駅/駅別一覧確認済み	https://wadattsu261.com/content/y-metroyurakuchohome-all-info/#:~:text=%E8%A6%81%E7%94%BA	2	35.7332	139.6988	online_car	https://wadattsu261.com/content/y-metroyurakuchohome-all-info/
P2	赤坂見附	metro_m	東京メトロ 丸ノ内線｜池袋〜荻窪	V2	路線全駅/駅別一覧確認済み	https://wadattsu261.com/content/m-metromarunouchihome-all-info/#:~:text=%E8%B5%A4%E5%9D%82%E8%A6%8B%E9%99%84	2	35.677	139.737	online_car	https://wadattsu261.com/content/m-metromarunouchihome-all-info/
P2	赤坂見附	metro_g	東京メトロ 銀座線｜浅草〜渋谷	C	アプリ内蔵（簡易号車）	https://wadattsu261.com/content/g-metroginzahome-all-info/	2	35.677	139.737	static_car	
P2	辻堂	tokaido	JR 東海道線｜東京〜熱海	V1	駅別詳細ページ確認済み	https://wadattsu261.com/content/tsujido-tokaidohome-info/	2	35.337	139.447	online_car	https://wadattsu261.com/content/jt-tokaidohome-all-info/
P2	辻堂	shonan_t	JR 湘南新宿ライン｜高崎〜小田原	V2	路線全駅/駅別一覧確認済み	https://wadattsu261.com/content/js-shonanshinjukuline-all-info/#:~:text=%E8%BE%BB%E5%A0%82	2	35.337	139.447	online_car	https://wadattsu261.com/content/js-shonanshinjukuline-all-info/
P2	追浜	keikyu_k	京急 久里浜線直通｜泉岳寺〜三崎口	R	路線一覧/汎用案内のみ	https://wadattsu261.com/stationhome-info/	2	35.3163	139.6246	external_link	
P2	追浜	keikyu	京急 本線｜泉岳寺〜浦賀	R	路線一覧/汎用案内のみ	https://wadattsu261.com/stationhome-info/	2	35.3163	139.6246	external_link	
P2	逗子	yokosuka	JR 横須賀線｜東京〜久里浜	V1	駅別詳細ページ確認済み	https://wadattsu261.com/content/zushi-yokosukahome-info/	2	35.2975	139.5785	online_car	https://wadattsu261.com/content/jo-yokosuka-soburapidhome-all-info/
P2	逗子	shonan_u	JR 湘南新宿ライン｜宇都宮〜逗子	V2	路線全駅/駅別一覧確認済み	https://wadattsu261.com/content/js-shonanshinjukuline-all-info/#:~:text=%E9%80%97%E5%AD%90	2	35.2975	139.5785	online_car	https://wadattsu261.com/content/js-shonanshinjukuline-all-info/
P2	逸見	keikyu_k	京急 久里浜線直通｜泉岳寺〜三崎口	R	路線一覧/汎用案内のみ	https://wadattsu261.com/stationhome-info/	2	35.279	139.6506	external_link	
P2	逸見	keikyu	京急 本線｜泉岳寺〜浦賀	R	路線一覧/汎用案内のみ	https://wadattsu261.com/stationhome-info/	2	35.279	139.6506	external_link	
P2	野木	utsunomiya	JR 宇都宮線｜東京〜宇都宮	V2	路線全駅/駅別一覧確認済み	https://wadattsu261.com/content/ju-utsunomiyahome-all-info/#:~:text=%E9%87%8E%E6%9C%A8	2	36.2299	139.7407	online_car	https://wadattsu261.com/content/ju-utsunomiyahome-all-info/
P2	野木	shonan_u	JR 湘南新宿ライン｜宇都宮〜逗子	V2	路線全駅/駅別一覧確認済み	https://wadattsu261.com/content/js-shonanshinjukuline-all-info/#:~:text=%E9%87%8E%E6%9C%A8	2	36.2299	139.7407	online_car	https://wadattsu261.com/content/js-shonanshinjukuline-all-info/
P2	鎌倉	yokosuka	JR 横須賀線｜東京〜久里浜	V1	駅別詳細ページ確認済み	https://wadattsu261.com/content/kamakura-yokosukahome-info/	2	35.319	139.5504	online_car	https://wadattsu261.com/content/jo-yokosuka-soburapidhome-all-info/
P2	鎌倉	shonan_u	JR 湘南新宿ライン｜宇都宮〜逗子	V2	路線全駅/駅別一覧確認済み	https://wadattsu261.com/content/js-shonanshinjukuline-all-info/#:~:text=%E9%8E%8C%E5%80%89	2	35.319	139.5504	online_car	https://wadattsu261.com/content/js-shonanshinjukuline-all-info/
P2	長津田	yokohama	JR 横浜線・根岸線直通｜八王子〜大船	V2	路線全駅/駅別一覧確認済み	https://wadattsu261.com/content/jh-yokohama-negishiall-info/#:~:text=%E9%95%B7%E6%B4%A5%E7%94%B0	2	35.5317	139.4949	online_car	https://wadattsu261.com/content/jh-yokohama-negishiall-info/
P2	長津田	denentoshi	東急 田園都市線｜渋谷〜中央林間	V2	路線全駅/駅別一覧確認済み	https://wadattsu261.com/content/dt-tokyudenentoshihome-all-info/#:~:text=%E9%95%B7%E6%B4%A5%E7%94%B0	2	35.5317	139.4949	online_car	https://wadattsu261.com/content/dt-tokyudenentoshihome-all-info/
P2	間々田	utsunomiya	JR 宇都宮線｜東京〜宇都宮	V2	路線全駅/駅別一覧確認済み	https://wadattsu261.com/content/ju-utsunomiyahome-all-info/#:~:text=%E9%96%93%E3%80%85%E7%94%B0	2	36.2574	139.7613	online_car	https://wadattsu261.com/content/ju-utsunomiyahome-all-info/
P2	間々田	shonan_u	JR 湘南新宿ライン｜宇都宮〜逗子	V2	路線全駅/駅別一覧確認済み	https://wadattsu261.com/content/js-shonanshinjukuline-all-info/#:~:text=%E9%96%93%E3%80%85%E7%94%B0	2	36.2574	139.7613	online_car	https://wadattsu261.com/content/js-shonanshinjukuline-all-info/
P2	阿佐ケ谷	chuo_sobu	JR 中央・総武線各停｜三鷹〜千葉	V2	路線全駅/駅別一覧確認済み	https://wadattsu261.com/content/jb-chuo-sobuslowhome-all-info/#:~:text=%E9%98%BF%E4%BD%90%E3%82%B1%E8%B0%B7	2	35.7049	139.6359	online_car	https://wadattsu261.com/content/jb-chuo-sobuslowhome-all-info/
P2	阿佐ケ谷	chuo	JR 中央線快速｜東京〜高尾	V2	路線全駅/駅別一覧確認済み	https://wadattsu261.com/content/jc-chuorapidhome-all-info/#:~:text=%E9%98%BF%E4%BD%90%E3%82%B1%E8%B0%B7	2	35.7049	139.6359	online_car	https://wadattsu261.com/content/jc-chuorapidhome-all-info/
P2	雀宮	utsunomiya	JR 宇都宮線｜東京〜宇都宮	V2	路線全駅/駅別一覧確認済み	https://wadattsu261.com/content/ju-utsunomiyahome-all-info/#:~:text=%E9%9B%80%E5%AE%AE	2	36.4938	139.8728	online_car	https://wadattsu261.com/content/ju-utsunomiyahome-all-info/
P2	雀宮	shonan_u	JR 湘南新宿ライン｜宇都宮〜逗子	V2	路線全駅/駅別一覧確認済み	https://wadattsu261.com/content/js-shonanshinjukuline-all-info/#:~:text=%E9%9B%80%E5%AE%AE	2	36.4938	139.8728	online_car	https://wadattsu261.com/content/js-shonanshinjukuline-all-info/
P2	青山一丁目	metro_z	東京メトロ 半蔵門線｜渋谷〜押上	V2	路線全駅/駅別一覧確認済み	https://wadattsu261.com/content/z-metrohanzomonhome-all-info/#:~:text=%E9%9D%92%E5%B1%B1%E4%B8%80%E4%B8%81%E7%9B%AE	2	35.6728	139.7242	online_car	https://wadattsu261.com/content/z-metrohanzomonhome-all-info/
P2	青山一丁目	metro_g	東京メトロ 銀座線｜浅草〜渋谷	C	アプリ内蔵（簡易号車）	https://wadattsu261.com/content/g-metroginzahome-all-info/	2	35.6728	139.7242	static_car	
P2	青物横丁	keikyu_k	京急 久里浜線直通｜泉岳寺〜三崎口	R	路線一覧/汎用案内のみ	https://wadattsu261.com/stationhome-info/	2	35.6096	139.7429	external_link	
P2	青物横丁	keikyu	京急 本線｜泉岳寺〜浦賀	R	路線一覧/汎用案内のみ	https://wadattsu261.com/stationhome-info/	2	35.6096	139.7429	external_link	
P2	馬車道	mm	みなとみらい線｜横浜〜元町・中華街	V2	路線全駅/駅別一覧確認済み	https://wadattsu261.com/ty-tokyutoyokohome-info/#:~:text=%E9%A6%AC%E8%BB%8A%E9%81%93	2	35.45	139.6361	external_link	
P2	馬車道	toyoko	東急東横線・みなとみらい線｜渋谷〜元町・中華街	V2	路線全駅/駅別一覧確認済み	https://wadattsu261.com/ty-tokyutoyokohome-info/#:~:text=%E9%A6%AC%E8%BB%8A%E9%81%93	2	35.45	139.6361	external_link	
P2	駒込	yamanote	JR 山手線｜環状運転	V2	路線全駅/駅別一覧確認済み	https://wadattsu261.com/content/jy-yamanotehome-soto-uchimawari-info/#:~:text=%E9%A7%92%E8%BE%BC	2	35.7365	139.7469	online_car	https://wadattsu261.com/content/jy-yamanotehome-soto-uchimawari-info/
P2	駒込	metro_n	東京メトロ 南北線｜目黒〜赤羽岩淵	V2	路線全駅/駅別一覧確認済み	https://wadattsu261.com/content/n-metronambokuhome-all-info/#:~:text=%E9%A7%92%E8%BE%BC	2	35.7365	139.7469	online_car	https://wadattsu261.com/content/n-metronambokuhome-all-info/
P2	高円寺	chuo_sobu	JR 中央・総武線各停｜三鷹〜千葉	V2	路線全駅/駅別一覧確認済み	https://wadattsu261.com/content/jb-chuo-sobuslowhome-all-info/#:~:text=%E9%AB%98%E5%86%86%E5%AF%BA	2	35.7053	139.6497	online_car	https://wadattsu261.com/content/jb-chuo-sobuslowhome-all-info/
P2	高円寺	chuo	JR 中央線快速｜東京〜高尾	V2	路線全駅/駅別一覧確認済み	https://wadattsu261.com/content/jc-chuorapidhome-all-info/#:~:text=%E9%AB%98%E5%86%86%E5%AF%BA	2	35.7053	139.6497	online_car	https://wadattsu261.com/content/jc-chuorapidhome-all-info/
P2	高崎	shonan_t	JR 湘南新宿ライン｜高崎〜小田原	V2	路線全駅/駅別一覧確認済み	https://wadattsu261.com/content/js-shonanshinjukuline-all-info/#:~:text=%E9%AB%98%E5%B4%8E	2	36.3222	139.0124	online_car	https://wadattsu261.com/content/js-shonanshinjukuline-all-info/
P2	高崎	takasaki	JR 高崎線｜東京〜高崎	V2	路線全駅/駅別一覧確認済み	https://wadattsu261.com/content/ju-takasakihome-all-info/#:~:text=%E9%AB%98%E5%B4%8E	2	36.3222	139.0124	online_car	https://wadattsu261.com/content/ju-takasakihome-all-info/
P2	高輪ゲートウェイ	keihin	JR 京浜東北・根岸線｜大宮〜大船	V1	駅別詳細ページ確認済み	https://wadattsu261.com/content/takanawagateway-yamanote-keihinhome-info/	2	35.6357	139.7407	online_car	https://wadattsu261.com/content/jk-keihin-negishiall-info/
P2	高輪ゲートウェイ	yamanote	JR 山手線｜環状運転	C	アプリ内蔵（簡易号車）	https://wadattsu261.com/content/jy-yamanotehome-soto-uchimawari-info/	2	35.6357	139.7407	static_car	
P2	鮫洲	keikyu_k	京急 久里浜線直通｜泉岳寺〜三崎口	R	路線一覧/汎用案内のみ	https://wadattsu261.com/stationhome-info/	2	35.6055	139.7424	external_link	
P2	鮫洲	keikyu	京急 本線｜泉岳寺〜浦賀	R	路線一覧/汎用案内のみ	https://wadattsu261.com/stationhome-info/	2	35.6055	139.7424	external_link	
P2	鴨宮	tokaido	JR 東海道線｜東京〜熱海	V1	駅別詳細ページ確認済み	https://wadattsu261.com/content/kamonomiya-tokaidohome-info/	2	35.2757	139.1802	online_car	https://wadattsu261.com/content/jt-tokaidohome-all-info/
P2	鴨宮	shonan_t	JR 湘南新宿ライン｜高崎〜小田原	V2	路線全駅/駅別一覧確認済み	https://wadattsu261.com/content/js-shonanshinjukuline-all-info/#:~:text=%E9%B4%A8%E5%AE%AE	2	35.2757	139.1802	online_car	https://wadattsu261.com/content/js-shonanshinjukuline-all-info/
P2	鴻巣	shonan_t	JR 湘南新宿ライン｜高崎〜小田原	V2	路線全駅/駅別一覧確認済み	https://wadattsu261.com/content/js-shonanshinjukuline-all-info/#:~:text=%E9%B4%BB%E5%B7%A3	2	36.0593	139.5093	online_car	https://wadattsu261.com/content/js-shonanshinjukuline-all-info/
P2	鴻巣	takasaki	JR 高崎線｜東京〜高崎	V2	路線全駅/駅別一覧確認済み	https://wadattsu261.com/content/ju-takasakihome-all-info/#:~:text=%E9%B4%BB%E5%B7%A3	2	36.0593	139.5093	online_car	https://wadattsu261.com/content/ju-takasakihome-all-info/
P2	鶯谷	keihin	JR 京浜東北・根岸線｜大宮〜大船	V1	駅別詳細ページ確認済み	https://wadattsu261.com/content/uguisudani-yamanote-keihinhome-info/	2	35.7215	139.778	online_car	https://wadattsu261.com/content/jk-keihin-negishiall-info/
P2	鶯谷	yamanote	JR 山手線｜環状運転	V2	路線全駅/駅別一覧確認済み	https://wadattsu261.com/content/jy-yamanotehome-soto-uchimawari-info/#:~:text=%E9%B6%AF%E8%B0%B7	2	35.7215	139.778	online_car	https://wadattsu261.com/content/jy-yamanotehome-soto-uchimawari-info/
P2	鶴ケ峰	izumino	相鉄 いずみ野線直通｜横浜〜湘南台	V2	路線全駅/駅別一覧確認済み	https://wadattsu261.com/so-sotetsuhome-info/#:~:text=%E9%B6%B4%E3%82%B1%E5%B3%B0	2	35.475	139.5493	external_link	
P2	鶴ケ峰	sotetsu	相鉄 本線｜横浜〜海老名	V2	路線全駅/駅別一覧確認済み	https://wadattsu261.com/so-sotetsuhome-info/#:~:text=%E9%B6%B4%E3%82%B1%E5%B3%B0	2	35.475	139.5493	external_link	
P3	YRP野比	keikyu_k	京急 久里浜線直通｜泉岳寺〜三崎口	R	路線一覧/汎用案内のみ	https://wadattsu261.com/stationhome-info/	1	35.2125	139.6844	external_link	
P3	いずみ中央	izumino	相鉄 いずみ野線直通｜横浜〜湘南台	V2	路線全駅/駅別一覧確認済み	https://wadattsu261.com/so-sotetsuhome-info/#:~:text=%E3%81%84%E3%81%9A%E3%81%BF%E4%B8%AD%E5%A4%AE	1	35.4159	139.4875	external_link	
P3	いずみ野	izumino	相鉄 いずみ野線直通｜横浜〜湘南台	V2	路線全駅/駅別一覧確認済み	https://wadattsu261.com/so-sotetsuhome-info/#:~:text=%E3%81%84%E3%81%9A%E3%81%BF%E9%87%8E	1	35.4294	139.4945	external_link	
P3	かしわ台	sotetsu	相鉄 本線｜横浜〜海老名	V2	路線全駅/駅別一覧確認済み	https://wadattsu261.com/so-sotetsuhome-info/#:~:text=%E3%81%8B%E3%81%97%E3%82%8F%E5%8F%B0	1	35.4662	139.415	external_link	
P3	さがみ野	sotetsu	相鉄 本線｜横浜〜海老名	V2	路線全駅/駅別一覧確認済み	https://wadattsu261.com/so-sotetsuhome-info/#:~:text=%E3%81%95%E3%81%8C%E3%81%BF%E9%87%8E	1	35.4716	139.4286	external_link	
P3	すずかけ台	denentoshi	東急 田園都市線｜渋谷〜中央林間	V2	路線全駅/駅別一覧確認済み	https://wadattsu261.com/content/dt-tokyudenentoshihome-all-info/#:~:text=%E3%81%99%E3%81%9A%E3%81%8B%E3%81%91%E5%8F%B0	1	35.5168	139.4815	online_car	https://wadattsu261.com/content/dt-tokyudenentoshihome-all-info/
P3	たまプラーザ	denentoshi	東急 田園都市線｜渋谷〜中央林間	V2	路線全駅/駅別一覧確認済み	https://wadattsu261.com/content/dt-tokyudenentoshihome-all-info/#:~:text=%E3%81%9F%E3%81%BE%E3%83%97%E3%83%A9%E3%83%BC%E3%82%B6	1	35.5774	139.5586	online_car	https://wadattsu261.com/content/dt-tokyudenentoshihome-all-info/
P3	つきのわ	tobu_tojo	東武 東上線｜池袋〜小川町	V2	路線全駅/駅別一覧確認済み	https://wadattsu261.com/content/tj-tobutojohome-all-info/#:~:text=%E3%81%A4%E3%81%8D%E3%81%AE%E3%82%8F	1	36.0431	139.3451	online_car	https://wadattsu261.com/content/tj-tobutojohome-all-info/
P3	つきみ野	denentoshi	東急 田園都市線｜渋谷〜中央林間	V2	路線全駅/駅別一覧確認済み	https://wadattsu261.com/content/dt-tokyudenentoshihome-all-info/#:~:text=%E3%81%A4%E3%81%8D%E3%81%BF%E9%87%8E	1	35.5104	139.458	online_car	https://wadattsu261.com/content/dt-tokyudenentoshihome-all-info/
P3	つくし野	denentoshi	東急 田園都市線｜渋谷〜中央林間	V2	路線全駅/駅別一覧確認済み	https://wadattsu261.com/content/dt-tokyudenentoshihome-all-info/#:~:text=%E3%81%A4%E3%81%8F%E3%81%97%E9%87%8E	1	35.5275	139.4854	online_car	https://wadattsu261.com/content/dt-tokyudenentoshihome-all-info/
P3	つつじヶ丘	keio	京王線｜新宿〜京王八王子	V2	路線全駅/駅別一覧確認済み	https://wadattsu261.com/content/ko-keiohome-all-info/#:~:text=%E3%81%A4%E3%81%A4%E3%81%98%E3%83%B6%E4%B8%98	1	35.6581	139.5751	online_car	https://wadattsu261.com/content/ko-keiohome-all-info/
P3	ときわ台	tobu_tojo	東武 東上線｜池袋〜小川町	V2	路線全駅/駅別一覧確認済み	https://wadattsu261.com/content/tj-tobutojohome-all-info/#:~:text=%E3%81%A8%E3%81%8D%E3%82%8F%E5%8F%B0	1	35.7588	139.6891	online_car	https://wadattsu261.com/content/tj-tobutojohome-all-info/
P3	ひばりヶ丘	seibu_ike	西武 池袋線｜池袋〜飯能	V2	路線全駅/駅別一覧確認済み	https://wadattsu261.com/content/si-seibuikebukurohome-all-info/#:~:text=%E3%81%B2%E3%81%B0%E3%82%8A%E3%83%B6%E4%B8%98	1	35.7516	139.5443	online_car	https://wadattsu261.com/content/si-seibuikebukurohome-all-info/
P3	ふじみ野	tobu_tojo	東武 東上線｜池袋〜小川町	V2	路線全駅/駅別一覧確認済み	https://wadattsu261.com/content/tj-tobutojohome-all-info/#:~:text=%E3%81%B5%E3%81%98%E3%81%BF%E9%87%8E	1	35.8606	139.5233	online_car	https://wadattsu261.com/content/tj-tobutojohome-all-info/
P3	みずほ台	tobu_tojo	東武 東上線｜池袋〜小川町	V2	路線全駅/駅別一覧確認済み	https://wadattsu261.com/content/tj-tobutojohome-all-info/#:~:text=%E3%81%BF%E3%81%9A%E3%81%BB%E5%8F%B0	1	35.8379	139.5506	online_car	https://wadattsu261.com/content/tj-tobutojohome-all-info/
P3	ゆめが丘	izumino	相鉄 いずみ野線直通｜横浜〜湘南台	V2	路線全駅/駅別一覧確認済み	https://wadattsu261.com/so-sotetsuhome-info/#:~:text=%E3%82%86%E3%82%81%E3%81%8C%E4%B8%98	1	35.4059	139.482	external_link	
P3	センター北	blue	横浜市営 ブルーライン｜あざみ野〜湘南台	D	アプリ内蔵（号車＋ドア）	https://wadattsu261.com/content/centerkita-yokohamablue-greenline-info/	1	35.5532	139.5788	static_detail	
P3	センター南	blue	横浜市営 ブルーライン｜あざみ野〜湘南台	V1	駅別詳細ページ確認済み	https://wadattsu261.com/content/centerminami-yokohamablue-greenline-info/	1	35.5457	139.5744	online_car	https://wadattsu261.com/content/b-bluelinehome-all-info/
P3	三ツ境	sotetsu	相鉄 本線｜横浜〜海老名	V2	路線全駅/駅別一覧確認済み	https://wadattsu261.com/so-sotetsuhome-info/#:~:text=%E4%B8%89%E3%83%84%E5%A2%83	1	35.4672	139.5026	external_link	
P3	三ツ沢上町	blue	横浜市営 ブルーライン｜あざみ野〜湘南台	V2	路線全駅/駅別一覧確認済み	https://wadattsu261.com/content/b-bluelinehome-all-info/#:~:text=%E4%B8%89%E3%83%84%E6%B2%A2%E4%B8%8A%E7%94%BA	1	35.4807	139.6058	online_car	https://wadattsu261.com/content/b-bluelinehome-all-info/
P3	三ツ沢下町	blue	横浜市営 ブルーライン｜あざみ野〜湘南台	V2	路線全駅/駅別一覧確認済み	https://wadattsu261.com/content/b-bluelinehome-all-info/#:~:text=%E4%B8%89%E3%83%84%E6%B2%A2%E4%B8%8B%E7%94%BA	1	35.4767	139.615	online_car	https://wadattsu261.com/content/b-bluelinehome-all-info/
P3	三ノ輪	metro_h	東京メトロ 日比谷線｜北千住〜中目黒	C	アプリ内蔵（簡易号車）	https://wadattsu261.com/content/h-metrohibiyahome-all-info/	1	35.7295	139.7914	static_car	
P3	三崎口	keikyu_k	京急 久里浜線直通｜泉岳寺〜三崎口	R	路線一覧/汎用案内のみ	https://wadattsu261.com/stationhome-info/	1	35.1779	139.6328	external_link	
P3	三河島	joban	JR 常磐線快速｜品川〜取手	V2	路線全駅/駅別一覧確認済み	https://wadattsu261.com/content/jj-jobanrapidhome-all-info/#:~:text=%E4%B8%89%E6%B2%B3%E5%B3%B6	1	35.7334	139.7772	online_car	https://wadattsu261.com/content/jj-jobanrapidhome-all-info/
P3	三浦海岸	keikyu_k	京急 久里浜線直通｜泉岳寺〜三崎口	R	路線一覧/汎用案内のみ	https://wadattsu261.com/stationhome-info/	1	35.1886	139.653	external_link	
P3	三軒茶屋	denentoshi	東急 田園都市線｜渋谷〜中央林間	V2	路線全駅/駅別一覧確認済み	https://wadattsu261.com/content/dt-tokyudenentoshihome-all-info/#:~:text=%E4%B8%89%E8%BB%92%E8%8C%B6%E5%B1%8B	1	35.643	139.67	online_car	https://wadattsu261.com/content/dt-tokyudenentoshihome-all-info/
P3	三郷	musashino	JR 武蔵野線｜府中本町〜西船橋	V2	路線全駅/駅別一覧確認済み	https://wadattsu261.com/content/jm-musashinohome-all-info/#:~:text=%E4%B8%89%E9%83%B7	1	35.844	139.8867	online_car	https://wadattsu261.com/content/jm-musashinohome-all-info/
P3	上中里	keihin	JR 京浜東北・根岸線｜大宮〜大船	V1	駅別詳細ページ確認済み	https://wadattsu261.com/content/kaminakazato-keihinhome-info/	1	35.7473	139.7468	online_car	https://wadattsu261.com/content/jk-keihin-negishiall-info/
P3	上北沢	keio	京王線｜新宿〜京王八王子	V2	路線全駅/駅別一覧確認済み	https://wadattsu261.com/content/ko-keiohome-all-info/#:~:text=%E4%B8%8A%E5%8C%97%E6%B2%A2	1	35.6689	139.6234	online_car	https://wadattsu261.com/content/ko-keiohome-all-info/
P3	上板橋	tobu_tojo	東武 東上線｜池袋〜小川町	V2	路線全駅/駅別一覧確認済み	https://wadattsu261.com/content/tj-tobutojohome-all-info/#:~:text=%E4%B8%8A%E6%9D%BF%E6%A9%8B	1	35.7638	139.6763	online_car	https://wadattsu261.com/content/tj-tobutojohome-all-info/
P3	上永谷	blue	横浜市営 ブルーライン｜あざみ野〜湘南台	V1	駅別詳細ページ確認済み	https://wadattsu261.com/content/kaminagaya-yokohamablueline-info/	1	35.401	139.5727	online_car	https://wadattsu261.com/content/b-bluelinehome-all-info/
P3	上福岡	tobu_tojo	東武 東上線｜池袋〜小川町	V2	路線全駅/駅別一覧確認済み	https://wadattsu261.com/content/tj-tobutojohome-all-info/#:~:text=%E4%B8%8A%E7%A6%8F%E5%B2%A1	1	35.8738	139.5118	online_car	https://wadattsu261.com/content/tj-tobutojohome-all-info/
P3	上野広小路	metro_g	東京メトロ 銀座線｜浅草〜渋谷	C	アプリ内蔵（簡易号車）	https://wadattsu261.com/content/g-metroginzahome-all-info/	1	35.7078	139.773	static_car	
P3	下北沢	odakyu	小田急 小田原線｜新宿〜小田原	R	路線一覧/汎用案内のみ	https://wadattsu261.com/stationhome-info/	1	35.6615	139.6668	external_link	
P3	下板橋	tobu_tojo	東武 東上線｜池袋〜小川町	V2	路線全駅/駅別一覧確認済み	https://wadattsu261.com/content/tj-tobutojohome-all-info/#:~:text=%E4%B8%8B%E6%9D%BF%E6%A9%8B	1	35.7457	139.7148	online_car	https://wadattsu261.com/content/tj-tobutojohome-all-info/
P3	下永谷	blue	横浜市営 ブルーライン｜あざみ野〜湘南台	V1	駅別詳細ページ確認済み	https://wadattsu261.com/content/shimonagaya-yokohamablueline-info/	1	35.4028	139.559	online_car	https://wadattsu261.com/content/b-bluelinehome-all-info/
P3	下総中山	chuo_sobu	JR 中央・総武線各停｜三鷹〜千葉	V2	路線全駅/駅別一覧確認済み	https://wadattsu261.com/content/jb-chuo-sobuslowhome-all-info/#:~:text=%E4%B8%8B%E7%B7%8F%E4%B8%AD%E5%B1%B1	1	35.7142	139.9431	online_car	https://wadattsu261.com/content/jb-chuo-sobuslowhome-all-info/
P3	下赤塚	tobu_tojo	東武 東上線｜池袋〜小川町	V2	路線全駅/駅別一覧確認済み	https://wadattsu261.com/content/tj-tobutojohome-all-info/#:~:text=%E4%B8%8B%E8%B5%A4%E5%A1%9A	1	35.7703	139.645	online_car	https://wadattsu261.com/content/tj-tobutojohome-all-info/
P3	下飯田	blue	横浜市営 ブルーライン｜あざみ野〜湘南台	V1	駅別詳細ページ確認済み	https://wadattsu261.com/content/shimoiida-yokohamablueline-info/	1	35.4037	139.4824	online_car	https://wadattsu261.com/content/b-bluelinehome-all-info/
P3	下高井戸	keio	京王線｜新宿〜京王八王子	V2	路線全駅/駅別一覧確認済み	https://wadattsu261.com/content/ko-keiohome-all-info/#:~:text=%E4%B8%8B%E9%AB%98%E4%BA%95%E6%88%B8	1	35.6661	139.6416	online_car	https://wadattsu261.com/content/ko-keiohome-all-info/
P3	不動前	meguro	東急 目黒線｜目黒〜日吉	V2	路線全駅/駅別一覧確認済み	https://wadattsu261.com/mg-tokyumegurohome-info/#:~:text=%E4%B8%8D%E5%8B%95%E5%89%8D	1	35.6257	139.7134	external_link	
P3	与野	keihin	JR 京浜東北・根岸線｜大宮〜大船	V1	駅別詳細ページ確認済み	https://wadattsu261.com/content/yono-keihinhome-info/	1	35.8845	139.6389	online_car	https://wadattsu261.com/content/jk-keihin-negishiall-info/
P3	与野本町	saikyo	JR 埼京・川越線｜大崎〜川越	V2	路線全駅/駅別一覧確認済み	https://wadattsu261.com/content/ja-saikyo-kawagoehome-all-info/#:~:text=%E4%B8%8E%E9%87%8E%E6%9C%AC%E7%94%BA	1	35.8809	139.6261	online_car	https://wadattsu261.com/content/ja-saikyo-kawagoehome-all-info/
P3	世田谷代田	odakyu	小田急 小田原線｜新宿〜小田原	R	路線一覧/汎用案内のみ	https://wadattsu261.com/stationhome-info/	1	35.658	139.6615	external_link	
P3	両国	chuo_sobu	JR 中央・総武線各停｜三鷹〜千葉	V2	路線全駅/駅別一覧確認済み	https://wadattsu261.com/content/jb-chuo-sobuslowhome-all-info/#:~:text=%E4%B8%A1%E5%9B%BD	1	35.6959	139.7933	online_car	https://wadattsu261.com/content/jb-chuo-sobuslowhome-all-info/
P3	中央林間	denentoshi	東急 田園都市線｜渋谷〜中央林間	V2	路線全駅/駅別一覧確認済み	https://wadattsu261.com/content/dt-tokyudenentoshihome-all-info/#:~:text=%E4%B8%AD%E5%A4%AE%E6%9E%97%E9%96%93	1	35.5079	139.4441	online_car	https://wadattsu261.com/content/dt-tokyudenentoshihome-all-info/
P3	中山	yokohama	JR 横浜線・根岸線直通｜八王子〜大船	V2	路線全駅/駅別一覧確認済み	https://wadattsu261.com/content/jh-yokohama-negishiall-info/#:~:text=%E4%B8%AD%E5%B1%B1	1	35.5147	139.5397	online_car	https://wadattsu261.com/content/jh-yokohama-negishiall-info/
P3	中川	blue	横浜市営 ブルーライン｜あざみ野〜湘南台	V1	駅別詳細ページ確認済み	https://wadattsu261.com/content/nakagawa-yokohamablueline-info/	1	35.5629	139.5705	online_car	https://wadattsu261.com/content/b-bluelinehome-all-info/
P3	中村橋	seibu_ike	西武 池袋線｜池袋〜飯能	V2	路線全駅/駅別一覧確認済み	https://wadattsu261.com/content/si-seibuikebukurohome-all-info/#:~:text=%E4%B8%AD%E6%9D%91%E6%A9%8B	1	35.7368	139.6375	online_car	https://wadattsu261.com/content/si-seibuikebukurohome-all-info/
P3	中板橋	tobu_tojo	東武 東上線｜池袋〜小川町	V2	路線全駅/駅別一覧確認済み	https://wadattsu261.com/content/tj-tobutojohome-all-info/#:~:text=%E4%B8%AD%E6%9D%BF%E6%A9%8B	1	35.756	139.6942	online_car	https://wadattsu261.com/content/tj-tobutojohome-all-info/
P3	中河原	keio	京王線｜新宿〜京王八王子	V2	路線全駅/駅別一覧確認済み	https://wadattsu261.com/content/ko-keiohome-all-info/#:~:text=%E4%B8%AD%E6%B2%B3%E5%8E%9F	1	35.659	139.4574	online_car	https://wadattsu261.com/content/ko-keiohome-all-info/
P3	中浦和	saikyo	JR 埼京・川越線｜大崎〜川越	V2	路線全駅/駅別一覧確認済み	https://wadattsu261.com/content/ja-saikyo-kawagoehome-all-info/#:~:text=%E4%B8%AD%E6%B5%A6%E5%92%8C	1	35.8538	139.6373	online_car	https://wadattsu261.com/content/ja-saikyo-kawagoehome-all-info/
P3	中田	blue	横浜市営 ブルーライン｜あざみ野〜湘南台	V1	駅別詳細ページ確認済み	https://wadattsu261.com/content/nakada-yokohamablueline-info/	1	35.4112	139.5114	online_car	https://wadattsu261.com/content/b-bluelinehome-all-info/
P3	中野坂上	metro_m	東京メトロ 丸ノ内線｜池袋〜荻窪	V2	路線全駅/駅別一覧確認済み	https://wadattsu261.com/content/m-metromarunouchihome-all-info/#:~:text=%E4%B8%AD%E9%87%8E%E5%9D%82%E4%B8%8A	1	35.6978	139.6828	online_car	https://wadattsu261.com/content/m-metromarunouchihome-all-info/
P3	中野島	nambu	JR 南武線｜川崎〜立川	V2	路線全駅/駅別一覧確認済み	https://wadattsu261.com/content/jn-nambuhome-all-info/#:~:text=%E4%B8%AD%E9%87%8E%E5%B3%B6	1	35.6307	139.5519	online_car	https://wadattsu261.com/content/jn-nambuhome-all-info/
P3	乃木坂	metro_c	東京メトロ 千代田線｜代々木上原〜北綾瀬	V2	路線全駅/駅別一覧確認済み	https://wadattsu261.com/content/c-metrochiyodahome-all-info/#:~:text=%E4%B9%83%E6%9C%A8%E5%9D%82	1	35.6666	139.7264	online_car	https://wadattsu261.com/content/c-metrochiyodahome-all-info/
P3	久地	nambu	JR 南武線｜川崎〜立川	V2	路線全駅/駅別一覧確認済み	https://wadattsu261.com/content/jn-nambuhome-all-info/#:~:text=%E4%B9%85%E5%9C%B0	1	35.6104	139.5928	online_car	https://wadattsu261.com/content/jn-nambuhome-all-info/
P3	久里浜	yokosuka	JR 横須賀線｜東京〜久里浜	V2	路線全駅/駅別一覧確認済み	https://wadattsu261.com/content/jo-yokosuka-soburapidhome-all-info/#:~:text=%E4%B9%85%E9%87%8C%E6%B5%9C	1	35.2331	139.7009	online_car	https://wadattsu261.com/content/jo-yokosuka-soburapidhome-all-info/
P3	亀戸	chuo_sobu	JR 中央・総武線各停｜三鷹〜千葉	V2	路線全駅/駅別一覧確認済み	https://wadattsu261.com/content/jb-chuo-sobuslowhome-all-info/#:~:text=%E4%BA%80%E6%88%B8	1	35.697	139.8267	online_car	https://wadattsu261.com/content/jb-chuo-sobuslowhome-all-info/
P3	亀有	joban_local	JR 常磐線各停｜綾瀬〜取手	R	路線一覧/汎用案内のみ	https://wadattsu261.com/stationhome-info/	1	35.7665	139.8477	external_link	
P3	二俣新町	keiyo	JR 京葉線｜東京〜蘇我	V2	路線全駅/駅別一覧確認済み	https://wadattsu261.com/content/je-keiyohome-all-info/#:~:text=%E4%BA%8C%E4%BF%A3%E6%96%B0%E7%94%BA	1	35.6916	139.9595	online_car	https://wadattsu261.com/content/je-keiyohome-all-info/
P3	二子新地	denentoshi	東急 田園都市線｜渋谷〜中央林間	V2	路線全駅/駅別一覧確認済み	https://wadattsu261.com/content/dt-tokyudenentoshihome-all-info/#:~:text=%E4%BA%8C%E5%AD%90%E6%96%B0%E5%9C%B0	1	35.6071	139.6222	online_car	https://wadattsu261.com/content/dt-tokyudenentoshihome-all-info/
P3	二子玉川	denentoshi	東急 田園都市線｜渋谷〜中央林間	V2	路線全駅/駅別一覧確認済み	https://wadattsu261.com/content/dt-tokyudenentoshihome-all-info/#:~:text=%E4%BA%8C%E5%AD%90%E7%8E%89%E5%B7%9D	1	35.6118	139.6267	online_car	https://wadattsu261.com/content/dt-tokyudenentoshihome-all-info/
P3	二重橋前	metro_c	東京メトロ 千代田線｜代々木上原〜北綾瀬	V2	路線全駅/駅別一覧確認済み	https://wadattsu261.com/content/c-metrochiyodahome-all-info/#:~:text=%E4%BA%8C%E9%87%8D%E6%A9%8B%E5%89%8D	1	35.6774	139.7617	online_car	https://wadattsu261.com/content/c-metrochiyodahome-all-info/
P3	五反田	yamanote	JR 山手線｜環状運転	D	アプリ内蔵（号車＋ドア）	https://wadattsu261.com/content/gotanda-yamanotehome-info/	1	35.6264	139.7234	static_detail	
P3	京急久里浜	keikyu_k	京急 久里浜線直通｜泉岳寺〜三崎口	R	路線一覧/汎用案内のみ	https://wadattsu261.com/stationhome-info/	1	35.2319	139.7026	external_link	
P3	京急大津	keikyu	京急 本線｜泉岳寺〜浦賀	R	路線一覧/汎用案内のみ	https://wadattsu261.com/stationhome-info/	1	35.2612	139.6999	external_link	
P3	京急長沢	keikyu_k	京急 久里浜線直通｜泉岳寺〜三崎口	R	路線一覧/汎用案内のみ	https://wadattsu261.com/stationhome-info/	1	35.2058	139.674	external_link	
P3	京橋	metro_g	東京メトロ 銀座線｜浅草〜渋谷	C	アプリ内蔵（簡易号車）	https://wadattsu261.com/content/g-metroginzahome-all-info/	1	35.6769	139.77	static_car	
P3	京王八王子	keio	京王線｜新宿〜京王八王子	V2	路線全駅/駅別一覧確認済み	https://wadattsu261.com/content/ko-keiohome-all-info/#:~:text=%E4%BA%AC%E7%8E%8B%E5%85%AB%E7%8E%8B%E5%AD%90	1	35.6578	139.3435	online_car	https://wadattsu261.com/content/ko-keiohome-all-info/
P3	人形町	metro_h	東京メトロ 日比谷線｜北千住〜中目黒	V2	路線全駅/駅別一覧確認済み	https://wadattsu261.com/content/h-metrohibiyahome-all-info/#:~:text=%E4%BA%BA%E5%BD%A2%E7%94%BA	1	35.6863	139.7823	online_car	https://wadattsu261.com/content/h-metrohibiyahome-all-info/
P3	仏子	seibu_ike	西武 池袋線｜池袋〜飯能	V2	路線全駅/駅別一覧確認済み	https://wadattsu261.com/content/si-seibuikebukurohome-all-info/#:~:text=%E4%BB%8F%E5%AD%90	1	35.8376	139.3607	online_car	https://wadattsu261.com/content/si-seibuikebukurohome-all-info/
P3	仙川	keio	京王線｜新宿〜京王八王子	V2	路線全駅/駅別一覧確認済み	https://wadattsu261.com/content/ko-keiohome-all-info/#:~:text=%E4%BB%99%E5%B7%9D	1	35.6625	139.5849	online_car	https://wadattsu261.com/content/ko-keiohome-all-info/
P3	代々木八幡	odakyu	小田急 小田原線｜新宿〜小田原	R	路線一覧/汎用案内のみ	https://wadattsu261.com/stationhome-info/	1	35.6699	139.6889	external_link	
P3	代々木公園	metro_c	東京メトロ 千代田線｜代々木上原〜北綾瀬	V2	路線全駅/駅別一覧確認済み	https://wadattsu261.com/content/c-metrochiyodahome-all-info/#:~:text=%E4%BB%A3%E3%80%85%E6%9C%A8%E5%85%AC%E5%9C%92	1	35.669	139.69	online_car	https://wadattsu261.com/content/c-metrochiyodahome-all-info/
P3	代官山	toyoko	東急東横線・みなとみらい線｜渋谷〜元町・中華街	V2	路線全駅/駅別一覧確認済み	https://wadattsu261.com/ty-tokyutoyokohome-info/#:~:text=%E4%BB%A3%E5%AE%98%E5%B1%B1	1	35.6481	139.7033	external_link	
P3	代田橋	keio	京王線｜新宿〜京王八王子	V2	路線全駅/駅別一覧確認済み	https://wadattsu261.com/content/ko-keiohome-all-info/#:~:text=%E4%BB%A3%E7%94%B0%E6%A9%8B	1	35.6712	139.659	online_car	https://wadattsu261.com/content/ko-keiohome-all-info/
P3	仲御徒町	metro_h	東京メトロ 日比谷線｜北千住〜中目黒	V2	路線全駅/駅別一覧確認済み	https://wadattsu261.com/content/h-metrohibiyahome-all-info/#:~:text=%E4%BB%B2%E5%BE%A1%E5%BE%92%E7%94%BA	1	35.7067	139.7761	online_car	https://wadattsu261.com/content/h-metrohibiyahome-all-info/
P3	仲町台	blue	横浜市営 ブルーライン｜あざみ野〜湘南台	V1	駅別詳細ページ確認済み	https://wadattsu261.com/content/nakamachidai-yokohamablueline-info/	1	35.5352	139.5906	online_car	https://wadattsu261.com/content/b-bluelinehome-all-info/
P3	伊勢佐木長者町	blue	横浜市営 ブルーライン｜あざみ野〜湘南台	V1	駅別詳細ページ確認済み	https://wadattsu261.com/content/isezakichojamachi-yokohamablueline-info/	1	35.4397	139.6323	online_car	https://wadattsu261.com/content/b-bluelinehome-all-info/
P3	伊勢原	odakyu	小田急 小田原線｜新宿〜小田原	R	路線一覧/汎用案内のみ	https://wadattsu261.com/stationhome-info/	1	35.3952	139.3135	external_link	
P3	住吉	metro_z	東京メトロ 半蔵門線｜渋谷〜押上	V2	路線全駅/駅別一覧確認済み	https://wadattsu261.com/content/z-metrohanzomonhome-all-info/#:~:text=%E4%BD%8F%E5%90%89	1	35.6891	139.8157	online_car	https://wadattsu261.com/content/z-metrohanzomonhome-all-info/
P3	保谷	seibu_ike	西武 池袋線｜池袋〜飯能	V2	路線全駅/駅別一覧確認済み	https://wadattsu261.com/content/si-seibuikebukurohome-all-info/#:~:text=%E4%BF%9D%E8%B0%B7	1	35.7482	139.5671	online_car	https://wadattsu261.com/content/si-seibuikebukurohome-all-info/
P3	信濃町	chuo_sobu	JR 中央・総武線各停｜三鷹〜千葉	V2	路線全駅/駅別一覧確認済み	https://wadattsu261.com/content/jb-chuo-sobuslowhome-all-info/#:~:text=%E4%BF%A1%E6%BF%83%E7%94%BA	1	35.68	139.72	online_car	https://wadattsu261.com/content/jb-chuo-sobuslowhome-all-info/
P3	元加治	seibu_ike	西武 池袋線｜池袋〜飯能	V2	路線全駅/駅別一覧確認済み	https://wadattsu261.com/content/si-seibuikebukurohome-all-info/#:~:text=%E5%85%83%E5%8A%A0%E6%B2%BB	1	35.8406	139.3453	online_car	https://wadattsu261.com/content/si-seibuikebukurohome-all-info/
P3	入谷	metro_h	東京メトロ 日比谷線｜北千住〜中目黒	C	アプリ内蔵（簡易号車）	https://wadattsu261.com/content/h-metrohibiyahome-all-info/	1	35.7205	139.7846	static_car	
P3	入間市	seibu_ike	西武 池袋線｜池袋〜飯能	V2	路線全駅/駅別一覧確認済み	https://wadattsu261.com/content/si-seibuikebukurohome-all-info/#:~:text=%E5%85%A5%E9%96%93%E5%B8%82	1	35.8428	139.3902	online_car	https://wadattsu261.com/content/si-seibuikebukurohome-all-info/
P3	八幡山	keio	京王線｜新宿〜京王八王子	V2	路線全駅/駅別一覧確認済み	https://wadattsu261.com/content/ko-keiohome-all-info/#:~:text=%E5%85%AB%E5%B9%A1%E5%B1%B1	1	35.6697	139.6153	online_car	https://wadattsu261.com/content/ko-keiohome-all-info/
P3	八王子みなみ野	yokohama	JR 横浜線・根岸線直通｜八王子〜大船	V2	路線全駅/駅別一覧確認済み	https://wadattsu261.com/content/jh-yokohama-negishiall-info/#:~:text=%E5%85%AB%E7%8E%8B%E5%AD%90%E3%81%BF%E3%81%AA%E3%81%BF%E9%87%8E	1	35.63	139.3307	online_car	https://wadattsu261.com/content/jh-yokohama-negishiall-info/
P3	六本木一丁目	metro_n	東京メトロ 南北線｜目黒〜赤羽岩淵	V2	路線全駅/駅別一覧確認済み	https://wadattsu261.com/content/n-metronambokuhome-all-info/#:~:text=%E5%85%AD%E6%9C%AC%E6%9C%A8%E4%B8%80%E4%B8%81%E7%9B%AE	1	35.6656	139.7389	online_car	https://wadattsu261.com/content/n-metronambokuhome-all-info/
P3	六浦	keikyu_z	京急 逗子線直通｜横浜〜逗子・葉山	R	路線一覧/汎用案内のみ	https://wadattsu261.com/stationhome-info/	1	35.3224	139.6117	external_link	
P3	初台	keio_new	京王新線｜新宿〜笹塚	V2	路線全駅/駅別一覧確認済み	https://wadattsu261.com/content/ko-keiohome-all-info/#:~:text=%E5%88%9D%E5%8F%B0	1	35.681	139.686	online_car	https://wadattsu261.com/content/ko-keiohome-all-info/
P3	北与野	saikyo	JR 埼京・川越線｜大崎〜川越	V2	路線全駅/駅別一覧確認済み	https://wadattsu261.com/content/ja-saikyo-kawagoehome-all-info/#:~:text=%E5%8C%97%E4%B8%8E%E9%87%8E	1	35.8906	139.6289	online_car	https://wadattsu261.com/content/ja-saikyo-kawagoehome-all-info/
P3	北久里浜	keikyu_k	京急 久里浜線直通｜泉岳寺〜三崎口	R	路線一覧/汎用案内のみ	https://wadattsu261.com/stationhome-info/	1	35.2491	139.6868	external_link	
P3	北参道	metro_f	東京メトロ 副都心線｜和光市〜渋谷	V2	路線全駅/駅別一覧確認済み	https://wadattsu261.com/f-metrofukutoshinhome-info/#:~:text=%E5%8C%97%E5%8F%82%E9%81%93	1	35.6785	139.7057	external_link	
P3	北坂戸	tobu_tojo	東武 東上線｜池袋〜小川町	V2	路線全駅/駅別一覧確認済み	https://wadattsu261.com/content/tj-tobutojohome-all-info/#:~:text=%E5%8C%97%E5%9D%82%E6%88%B8	1	35.9729	139.3978	online_car	https://wadattsu261.com/content/tj-tobutojohome-all-info/
P3	北小金	joban_local	JR 常磐線各停｜綾瀬〜取手	R	路線一覧/汎用案内のみ	https://wadattsu261.com/stationhome-info/	1	35.8332	139.9314	external_link	
P3	北府中	musashino	JR 武蔵野線｜府中本町〜西船橋	V2	路線全駅/駅別一覧確認済み	https://wadattsu261.com/content/jm-musashinohome-all-info/#:~:text=%E5%8C%97%E5%BA%9C%E4%B8%AD	1	35.6809	139.4718	online_car	https://wadattsu261.com/content/jm-musashinohome-all-info/
P3	北戸田	saikyo	JR 埼京・川越線｜大崎〜川越	V2	路線全駅/駅別一覧確認済み	https://wadattsu261.com/content/ja-saikyo-kawagoehome-all-info/#:~:text=%E5%8C%97%E6%88%B8%E7%94%B0	1	35.8278	139.6604	online_car	https://wadattsu261.com/content/ja-saikyo-kawagoehome-all-info/
P3	北新横浜	blue	横浜市営 ブルーライン｜あざみ野〜湘南台	V1	駅別詳細ページ確認済み	https://wadattsu261.com/content/kitashinyokohama-yokohamablueline-info/	1	35.519	139.6125	online_car	https://wadattsu261.com/content/b-bluelinehome-all-info/
P3	北朝霞	musashino	JR 武蔵野線｜府中本町〜西船橋	V2	路線全駅/駅別一覧確認済み	https://wadattsu261.com/content/jm-musashinohome-all-info/#:~:text=%E5%8C%97%E6%9C%9D%E9%9C%9E	1	35.8155	139.5873	online_car	https://wadattsu261.com/content/jm-musashinohome-all-info/
P3	北松戸	joban_local	JR 常磐線各停｜綾瀬〜取手	R	路線一覧/汎用案内のみ	https://wadattsu261.com/stationhome-info/	1	35.8004	139.9112	external_link	
P3	北柏	joban_local	JR 常磐線各停｜綾瀬〜取手	R	路線一覧/汎用案内のみ	https://wadattsu261.com/stationhome-info/	1	35.8757	139.9882	external_link	
P3	北池袋	tobu_tojo	東武 東上線｜池袋〜小川町	V2	路線全駅/駅別一覧確認済み	https://wadattsu261.com/content/tj-tobutojohome-all-info/#:~:text=%E5%8C%97%E6%B1%A0%E8%A2%8B	1	35.741	139.716	online_car	https://wadattsu261.com/content/tj-tobutojohome-all-info/
P3	北浦和	keihin	JR 京浜東北・根岸線｜大宮〜大船	V1	駅別詳細ページ確認済み	https://wadattsu261.com/content/kitaurawa-keihinhome-info/	1	35.8722	139.6454	online_car	https://wadattsu261.com/content/jk-keihin-negishiall-info/
P3	北綾瀬	metro_c	東京メトロ 千代田線｜代々木上原〜北綾瀬	V2	路線全駅/駅別一覧確認済み	https://wadattsu261.com/content/c-metrochiyodahome-all-info/#:~:text=%E5%8C%97%E7%B6%BE%E7%80%AC	1	35.777	139.832	online_car	https://wadattsu261.com/content/c-metrochiyodahome-all-info/
P3	北赤羽	saikyo	JR 埼京・川越線｜大崎〜川越	V2	路線全駅/駅別一覧確認済み	https://wadattsu261.com/content/ja-saikyo-kawagoehome-all-info/#:~:text=%E5%8C%97%E8%B5%A4%E7%BE%BD	1	35.787	139.7064	online_car	https://wadattsu261.com/content/ja-saikyo-kawagoehome-all-info/
P3	北野	keio	京王線｜新宿〜京王八王子	V2	路線全駅/駅別一覧確認済み	https://wadattsu261.com/content/ko-keiohome-all-info/#:~:text=%E5%8C%97%E9%87%8E	1	35.6442	139.354	online_car	https://wadattsu261.com/content/ko-keiohome-all-info/
P3	十日市場	yokohama	JR 横浜線・根岸線直通｜八王子〜大船	V2	路線全駅/駅別一覧確認済み	https://wadattsu261.com/content/jh-yokohama-negishiall-info/#:~:text=%E5%8D%81%E6%97%A5%E5%B8%82%E5%A0%B4	1	35.5263	139.5168	online_car	https://wadattsu261.com/content/jh-yokohama-negishiall-info/
P3	十条	saikyo	JR 埼京・川越線｜大崎〜川越	V2	路線全駅/駅別一覧確認済み	https://wadattsu261.com/content/ja-saikyo-kawagoehome-all-info/#:~:text=%E5%8D%81%E6%9D%A1	1	35.7603	139.7223	online_car	https://wadattsu261.com/content/ja-saikyo-kawagoehome-all-info/
P3	千歳烏山	keio	京王線｜新宿〜京王八王子	V2	路線全駅/駅別一覧確認済み	https://wadattsu261.com/content/ko-keiohome-all-info/#:~:text=%E5%8D%83%E6%AD%B3%E7%83%8F%E5%B1%B1	1	35.6683	139.6008	online_car	https://wadattsu261.com/content/ko-keiohome-all-info/
P3	千歳船橋	odakyu	小田急 小田原線｜新宿〜小田原	R	路線一覧/汎用案内のみ	https://wadattsu261.com/stationhome-info/	1	35.6479	139.6236	external_link	
P3	千葉みなと	keiyo	JR 京葉線｜東京〜蘇我	V2	路線全駅/駅別一覧確認済み	https://wadattsu261.com/content/je-keiyohome-all-info/#:~:text=%E5%8D%83%E8%91%89%E3%81%BF%E3%81%AA%E3%81%A8	1	35.606	140.1037	online_car	https://wadattsu261.com/content/je-keiyohome-all-info/
P3	千駄ケ谷	chuo_sobu	JR 中央・総武線各停｜三鷹〜千葉	V2	路線全駅/駅別一覧確認済み	https://wadattsu261.com/content/jb-chuo-sobuslowhome-all-info/#:~:text=%E5%8D%83%E9%A7%84%E3%82%B1%E8%B0%B7	1	35.6812	139.7115	online_car	https://wadattsu261.com/content/jb-chuo-sobuslowhome-all-info/
P3	千駄木	metro_c	東京メトロ 千代田線｜代々木上原〜北綾瀬	V2	路線全駅/駅別一覧確認済み	https://wadattsu261.com/content/c-metrochiyodahome-all-info/#:~:text=%E5%8D%83%E9%A7%84%E6%9C%A8	1	35.7255	139.763	online_car	https://wadattsu261.com/content/c-metrochiyodahome-all-info/
P3	半蔵門	metro_z	東京メトロ 半蔵門線｜渋谷〜押上	V2	路線全駅/駅別一覧確認済み	https://wadattsu261.com/content/z-metrohanzomonhome-all-info/#:~:text=%E5%8D%8A%E8%94%B5%E9%96%80	1	35.6857	139.7417	online_car	https://wadattsu261.com/content/z-metrohanzomonhome-all-info/
P3	南万騎が原	izumino	相鉄 いずみ野線直通｜横浜〜湘南台	V2	路線全駅/駅別一覧確認済み	https://wadattsu261.com/so-sotetsuhome-info/#:~:text=%E5%8D%97%E4%B8%87%E9%A8%8E%E3%81%8C%E5%8E%9F	1	35.4524	139.5266	external_link	
P3	南与野	saikyo	JR 埼京・川越線｜大崎〜川越	V2	路線全駅/駅別一覧確認済み	https://wadattsu261.com/content/ja-saikyo-kawagoehome-all-info/#:~:text=%E5%8D%97%E4%B8%8E%E9%87%8E	1	35.8674	139.6311	online_car	https://wadattsu261.com/content/ja-saikyo-kawagoehome-all-info/
P3	南古谷	saikyo	JR 埼京・川越線｜大崎〜川越	V2	路線全駅/駅別一覧確認済み	https://wadattsu261.com/content/ja-saikyo-kawagoehome-all-info/#:~:text=%E5%8D%97%E5%8F%A4%E8%B0%B7	1	35.9034	139.5191	online_car	https://wadattsu261.com/content/ja-saikyo-kawagoehome-all-info/
P3	南多摩	nambu	JR 南武線｜川崎〜立川	V2	路線全駅/駅別一覧確認済み	https://wadattsu261.com/content/jn-nambuhome-all-info/#:~:text=%E5%8D%97%E5%A4%9A%E6%91%A9	1	35.6491	139.4898	online_car	https://wadattsu261.com/content/jn-nambuhome-all-info/
P3	南平	keio	京王線｜新宿〜京王八王子	V2	路線全駅/駅別一覧確認済み	https://wadattsu261.com/content/ko-keiohome-all-info/#:~:text=%E5%8D%97%E5%B9%B3	1	35.6544	139.392	online_car	https://wadattsu261.com/content/ko-keiohome-all-info/
P3	南新宿	odakyu	小田急 小田原線｜新宿〜小田原	R	路線一覧/汎用案内のみ	https://wadattsu261.com/stationhome-info/	1	35.6835	139.6987	external_link	
P3	南柏	joban_local	JR 常磐線各停｜綾瀬〜取手	R	路線一覧/汎用案内のみ	https://wadattsu261.com/stationhome-info/	1	35.8444	139.9541	external_link	
P3	南流山	musashino	JR 武蔵野線｜府中本町〜西船橋	V2	路線全駅/駅別一覧確認済み	https://wadattsu261.com/content/jm-musashinohome-all-info/#:~:text=%E5%8D%97%E6%B5%81%E5%B1%B1	1	35.838	139.9037	online_car	https://wadattsu261.com/content/jm-musashinohome-all-info/
P3	南町田グランベリーパーク	denentoshi	東急 田園都市線｜渋谷〜中央林間	V2	路線全駅/駅別一覧確認済み	https://wadattsu261.com/content/dt-tokyudenentoshihome-all-info/#:~:text=%E5%8D%97%E7%94%BA%E7%94%B0%E3%82%B0%E3%83%A9%E3%83%B3%E3%83%99%E3%83%AA%E3%83%BC%E3%83%91%E3%83%BC%E3%82%AF	1	35.5116	139.4702	online_car	https://wadattsu261.com/content/dt-tokyudenentoshihome-all-info/
P3	南砂町	metro_t	東京メトロ 東西線｜中野〜西船橋	V2	路線全駅/駅別一覧確認済み	https://wadattsu261.com/content/t-metrotozaihome-all-info/#:~:text=%E5%8D%97%E7%A0%82%E7%94%BA	1	35.6689	139.8307	online_car	https://wadattsu261.com/content/t-metrotozaihome-all-info/
P3	南船橋	keiyo	JR 京葉線｜東京〜蘇我	V2	路線全駅/駅別一覧確認済み	https://wadattsu261.com/content/je-keiyohome-all-info/#:~:text=%E5%8D%97%E8%88%B9%E6%A9%8B	1	35.681	139.9954	online_car	https://wadattsu261.com/content/je-keiyohome-all-info/
P3	南行徳	metro_t	東京メトロ 東西線｜中野〜西船橋	V2	路線全駅/駅別一覧確認済み	https://wadattsu261.com/content/t-metrotozaihome-all-info/#:~:text=%E5%8D%97%E8%A1%8C%E5%BE%B3	1	35.6727	139.9022	online_car	https://wadattsu261.com/content/t-metrotozaihome-all-info/
P3	南越谷	musashino	JR 武蔵野線｜府中本町〜西船橋	V2	路線全駅/駅別一覧確認済み	https://wadattsu261.com/content/jm-musashinohome-all-info/#:~:text=%E5%8D%97%E8%B6%8A%E8%B0%B7	1	35.8761	139.7904	online_car	https://wadattsu261.com/content/jm-musashinohome-all-info/
P3	南阿佐ケ谷	metro_m	東京メトロ 丸ノ内線｜池袋〜荻窪	V2	路線全駅/駅別一覧確認済み	https://wadattsu261.com/content/m-metromarunouchihome-all-info/#:~:text=%E5%8D%97%E9%98%BF%E4%BD%90%E3%82%B1%E8%B0%B7	1	35.699	139.6358	online_car	https://wadattsu261.com/content/m-metromarunouchihome-all-info/
P3	厚木	odakyu	小田急 小田原線｜新宿〜小田原	R	路線一覧/汎用案内のみ	https://wadattsu261.com/stationhome-info/	1	35.4432	139.3788	external_link	
P3	原宿	yamanote	JR 山手線｜環状運転	V2	路線全駅/駅別一覧確認済み	https://wadattsu261.com/content/jy-yamanotehome-soto-uchimawari-info/#:~:text=%E5%8E%9F%E5%AE%BF	1	35.6702	139.7027	online_car	https://wadattsu261.com/content/jy-yamanotehome-soto-uchimawari-info/
P3	原木中山	metro_t	東京メトロ 東西線｜中野〜西船橋	V2	路線全駅/駅別一覧確認済み	https://wadattsu261.com/content/t-metrotozaihome-all-info/#:~:text=%E5%8E%9F%E6%9C%A8%E4%B8%AD%E5%B1%B1	1	35.7031	139.9422	online_car	https://wadattsu261.com/content/t-metrotozaihome-all-info/
P3	参宮橋	odakyu	小田急 小田原線｜新宿〜小田原	R	路線一覧/汎用案内のみ	https://wadattsu261.com/stationhome-info/	1	35.6786	139.6937	external_link	
P3	反町	toyoko	東急東横線・みなとみらい線｜渋谷〜元町・中華街	V2	路線全駅/駅別一覧確認済み	https://wadattsu261.com/ty-tokyutoyokohome-info/#:~:text=%E5%8F%8D%E7%94%BA	1	35.4748	139.6236	external_link	
P3	古淵	yokohama	JR 横浜線・根岸線直通｜八王子〜大船	V2	路線全駅/駅別一覧確認済み	https://wadattsu261.com/content/jh-yokohama-negishiall-info/#:~:text=%E5%8F%A4%E6%B7%B5	1	35.5568	139.4196	online_car	https://wadattsu261.com/content/jh-yokohama-negishiall-info/
P3	吉川	musashino	JR 武蔵野線｜府中本町〜西船橋	V2	路線全駅/駅別一覧確認済み	https://wadattsu261.com/content/jm-musashinohome-all-info/#:~:text=%E5%90%89%E5%B7%9D	1	35.8767	139.8435	online_car	https://wadattsu261.com/content/jm-musashinohome-all-info/
P3	吉川美南	musashino	JR 武蔵野線｜府中本町〜西船橋	V2	路線全駅/駅別一覧確認済み	https://wadattsu261.com/content/jm-musashinohome-all-info/#:~:text=%E5%90%89%E5%B7%9D%E7%BE%8E%E5%8D%97	1	35.8681	139.8588	online_car	https://wadattsu261.com/content/jm-musashinohome-all-info/
P3	吉野町	blue	横浜市営 ブルーライン｜あざみ野〜湘南台	V1	駅別詳細ページ確認済み	https://wadattsu261.com/content/yoshinocho-yokohamablueline-info/	1	35.4354	139.6154	online_car	https://wadattsu261.com/content/b-bluelinehome-all-info/
P3	向ヶ丘遊園	odakyu	小田急 小田原線｜新宿〜小田原	R	路線一覧/汎用案内のみ	https://wadattsu261.com/stationhome-info/	1	35.6174	139.5648	external_link	
P3	向河原	nambu	JR 南武線｜川崎〜立川	V2	路線全駅/駅別一覧確認済み	https://wadattsu261.com/content/jn-nambuhome-all-info/#:~:text=%E5%90%91%E6%B2%B3%E5%8E%9F	1	35.5729	139.6671	online_car	https://wadattsu261.com/content/jn-nambuhome-all-info/
P3	和泉多摩川	odakyu	小田急 小田原線｜新宿〜小田原	R	路線一覧/汎用案内のみ	https://wadattsu261.com/stationhome-info/	1	35.6278	139.5739	external_link	
P3	喜多見	odakyu	小田急 小田原線｜新宿〜小田原	R	路線一覧/汎用案内のみ	https://wadattsu261.com/stationhome-info/	1	35.6361	139.5872	external_link	
P3	四谷三丁目	metro_m	東京メトロ 丸ノ内線｜池袋〜荻窪	V2	路線全駅/駅別一覧確認済み	https://wadattsu261.com/content/m-metromarunouchihome-all-info/#:~:text=%E5%9B%9B%E8%B0%B7%E4%B8%89%E4%B8%81%E7%9B%AE	1	35.6879	139.72	online_car	https://wadattsu261.com/content/m-metromarunouchihome-all-info/
P3	国分寺	chuo	JR 中央線快速｜東京〜高尾	V2	路線全駅/駅別一覧確認済み	https://wadattsu261.com/content/jc-chuorapidhome-all-info/#:~:text=%E5%9B%BD%E5%88%86%E5%AF%BA	1	35.7001	139.4809	online_car	https://wadattsu261.com/content/jc-chuorapidhome-all-info/
P3	国立	chuo	JR 中央線快速｜東京〜高尾	V2	路線全駅/駅別一覧確認済み	https://wadattsu261.com/content/jc-chuorapidhome-all-info/#:~:text=%E5%9B%BD%E7%AB%8B	1	35.6993	139.4468	online_car	https://wadattsu261.com/content/jc-chuorapidhome-all-info/
P3	国領	keio	京王線｜新宿〜京王八王子	V2	路線全駅/駅別一覧確認済み	https://wadattsu261.com/content/ko-keiohome-all-info/#:~:text=%E5%9B%BD%E9%A0%98	1	35.6501	139.5583	online_car	https://wadattsu261.com/content/ko-keiohome-all-info/
P3	坂戸	tobu_tojo	東武 東上線｜池袋〜小川町	V2	路線全駅/駅別一覧確認済み	https://wadattsu261.com/content/tj-tobutojohome-all-info/#:~:text=%E5%9D%82%E6%88%B8	1	35.9572	139.3959	online_car	https://wadattsu261.com/content/tj-tobutojohome-all-info/
P3	外苑前	metro_g	東京メトロ 銀座線｜浅草〜渋谷	C	アプリ内蔵（簡易号車）	https://wadattsu261.com/content/g-metroginzahome-all-info/	1	35.6705	139.7178	static_car	
P3	多磨霊園	keio	京王線｜新宿〜京王八王子	V2	路線全駅/駅別一覧確認済み	https://wadattsu261.com/content/ko-keiohome-all-info/#:~:text=%E5%A4%9A%E7%A3%A8%E9%9C%8A%E5%9C%92	1	35.6662	139.5022	online_car	https://wadattsu261.com/content/ko-keiohome-all-info/
P3	大久保	chuo_sobu	JR 中央・総武線各停｜三鷹〜千葉	V2	路線全駅/駅別一覧確認済み	https://wadattsu261.com/content/jb-chuo-sobuslowhome-all-info/#:~:text=%E5%A4%A7%E4%B9%85%E4%BF%9D	1	35.7006	139.6974	online_car	https://wadattsu261.com/content/jb-chuo-sobuslowhome-all-info/
P3	大井町	keihin	JR 京浜東北・根岸線｜大宮〜大船	V1	駅別詳細ページ確認済み	https://wadattsu261.com/content/oimachi-keihinhome-info/	1	35.6063	139.7348	online_car	https://wadattsu261.com/content/jk-keihin-negishiall-info/
P3	大倉山	toyoko	東急東横線・みなとみらい線｜渋谷〜元町・中華街	V2	路線全駅/駅別一覧確認済み	https://wadattsu261.com/ty-tokyutoyokohome-info/#:~:text=%E5%A4%A7%E5%80%89%E5%B1%B1	1	35.5221	139.6298	external_link	
P3	大口	yokohama	JR 横浜線・根岸線直通｜八王子〜大船	V2	路線全駅/駅別一覧確認済み	https://wadattsu261.com/content/jh-yokohama-negishiall-info/#:~:text=%E5%A4%A7%E5%8F%A3	1	35.4924	139.6463	online_car	https://wadattsu261.com/content/jh-yokohama-negishiall-info/
P3	大和	sotetsu	相鉄 本線｜横浜〜海老名	V2	路線全駅/駅別一覧確認済み	https://wadattsu261.com/so-sotetsuhome-info/#:~:text=%E5%A4%A7%E5%92%8C	1	35.4707	139.461	external_link	
P3	大塚	yamanote	JR 山手線｜環状運転	V2	路線全駅/駅別一覧確認済み	https://wadattsu261.com/content/jy-yamanotehome-soto-uchimawari-info/#:~:text=%E5%A4%A7%E5%A1%9A	1	35.7314	139.7286	online_car	https://wadattsu261.com/content/jy-yamanotehome-soto-uchimawari-info/
P3	大山	tobu_tojo	東武 東上線｜池袋〜小川町	V2	路線全駅/駅別一覧確認済み	https://wadattsu261.com/content/tj-tobutojohome-all-info/#:~:text=%E5%A4%A7%E5%B1%B1	1	35.748	139.702	online_car	https://wadattsu261.com/content/tj-tobutojohome-all-info/
P3	大岡山	meguro	東急 目黒線｜目黒〜日吉	V2	路線全駅/駅別一覧確認済み	https://wadattsu261.com/mg-tokyumegurohome-info/#:~:text=%E5%A4%A7%E5%B2%A1%E5%B1%B1	1	35.6076	139.6856	external_link	
P3	大森	keihin	JR 京浜東北・根岸線｜大宮〜大船	V1	駅別詳細ページ確認済み	https://wadattsu261.com/content/omori-keihinhome-info/	1	35.5887	139.728	online_car	https://wadattsu261.com/content/jk-keihin-negishiall-info/
P3	大泉学園	seibu_ike	西武 池袋線｜池袋〜飯能	V2	路線全駅/駅別一覧確認済み	https://wadattsu261.com/content/si-seibuikebukurohome-all-info/#:~:text=%E5%A4%A7%E6%B3%89%E5%AD%A6%E5%9C%92	1	35.7494	139.5865	online_car	https://wadattsu261.com/content/si-seibuikebukurohome-all-info/
P3	大鳥居	keikyu_a	京急 空港線直通｜横浜〜羽田空港	R	路線一覧/汎用案内のみ	https://wadattsu261.com/stationhome-info/	1	35.5524	139.7395	external_link	
P3	天空橋	keikyu_a	京急 空港線直通｜横浜〜羽田空港	R	路線一覧/汎用案内のみ	https://wadattsu261.com/stationhome-info/	1	35.5481	139.7541	external_link	
P3	奥沢	meguro	東急 目黒線｜目黒〜日吉	V2	路線全駅/駅別一覧確認済み	https://wadattsu261.com/mg-tokyumegurohome-info/#:~:text=%E5%A5%A5%E6%B2%A2	1	35.6037	139.6723	external_link	
P3	妙典	metro_t	東京メトロ 東西線｜中野〜西船橋	V2	路線全駅/駅別一覧確認済み	https://wadattsu261.com/content/t-metrotozaihome-all-info/#:~:text=%E5%A6%99%E5%85%B8	1	35.6917	139.9253	online_car	https://wadattsu261.com/content/t-metrotozaihome-all-info/
P3	妙蓮寺	toyoko	東急東横線・みなとみらい線｜渋谷〜元町・中華街	V2	路線全駅/駅別一覧確認済み	https://wadattsu261.com/ty-tokyutoyokohome-info/#:~:text=%E5%A6%99%E8%93%AE%E5%AF%BA	1	35.4985	139.6331	external_link	
P3	学芸大学	toyoko	東急東横線・みなとみらい線｜渋谷〜元町・中華街	V2	路線全駅/駅別一覧確認済み	https://wadattsu261.com/ty-tokyutoyokohome-info/#:~:text=%E5%AD%A6%E8%8A%B8%E5%A4%A7%E5%AD%A6	1	35.6288	139.6853	external_link	
P3	宮前平	denentoshi	東急 田園都市線｜渋谷〜中央林間	V2	路線全駅/駅別一覧確認済み	https://wadattsu261.com/content/dt-tokyudenentoshihome-all-info/#:~:text=%E5%AE%AE%E5%89%8D%E5%B9%B3	1	35.5846	139.5815	online_car	https://wadattsu261.com/content/dt-tokyudenentoshihome-all-info/
P3	宮崎台	denentoshi	東急 田園都市線｜渋谷〜中央林間	V2	路線全駅/駅別一覧確認済み	https://wadattsu261.com/content/dt-tokyudenentoshihome-all-info/#:~:text=%E5%AE%AE%E5%B4%8E%E5%8F%B0	1	35.587	139.5915	online_car	https://wadattsu261.com/content/dt-tokyudenentoshihome-all-info/
P3	宿河原	nambu	JR 南武線｜川崎〜立川	V2	路線全駅/駅別一覧確認済み	https://wadattsu261.com/content/jn-nambuhome-all-info/#:~:text=%E5%AE%BF%E6%B2%B3%E5%8E%9F	1	35.6153	139.5807	online_car	https://wadattsu261.com/content/jn-nambuhome-all-info/
P3	富士見台	seibu_ike	西武 池袋線｜池袋〜飯能	V2	路線全駅/駅別一覧確認済み	https://wadattsu261.com/content/si-seibuikebukurohome-all-info/#:~:text=%E5%AF%8C%E5%A3%AB%E8%A6%8B%E5%8F%B0	1	35.7357	139.6296	online_car	https://wadattsu261.com/content/si-seibuikebukurohome-all-info/
P3	富水	odakyu	小田急 小田原線｜新宿〜小田原	R	路線一覧/汎用案内のみ	https://wadattsu261.com/stationhome-info/	1	35.294	139.1526	external_link	
P3	小伝馬町	metro_h	東京メトロ 日比谷線｜北千住〜中目黒	V2	路線全駅/駅別一覧確認済み	https://wadattsu261.com/content/h-metrohibiyahome-all-info/#:~:text=%E5%B0%8F%E4%BC%9D%E9%A6%AC%E7%94%BA	1	35.6905	139.7784	online_car	https://wadattsu261.com/content/h-metrohibiyahome-all-info/
P3	小岩	chuo_sobu	JR 中央・総武線各停｜三鷹〜千葉	V2	路線全駅/駅別一覧確認済み	https://wadattsu261.com/content/jb-chuo-sobuslowhome-all-info/#:~:text=%E5%B0%8F%E5%B2%A9	1	35.7332	139.8818	online_car	https://wadattsu261.com/content/jb-chuo-sobuslowhome-all-info/
P3	小川町（東武）	tobu_tojo	東武 東上線｜池袋〜小川町	V2	路線全駅/駅別一覧確認済み	https://wadattsu261.com/content/tj-tobutojohome-all-info/#:~:text=%E5%B0%8F%E5%B7%9D%E7%94%BA	1	36.0591	139.2605	online_car	https://wadattsu261.com/content/tj-tobutojohome-all-info/
P3	小手指	seibu_ike	西武 池袋線｜池袋〜飯能	V2	路線全駅/駅別一覧確認済み	https://wadattsu261.com/content/si-seibuikebukurohome-all-info/#:~:text=%E5%B0%8F%E6%89%8B%E6%8C%87	1	35.8009	139.438	online_car	https://wadattsu261.com/content/si-seibuikebukurohome-all-info/
P3	小机	yokohama	JR 横浜線・根岸線直通｜八王子〜大船	V2	路線全駅/駅別一覧確認済み	https://wadattsu261.com/content/jh-yokohama-negishiall-info/#:~:text=%E5%B0%8F%E6%9C%BA	1	35.5085	139.5995	online_car	https://wadattsu261.com/content/jh-yokohama-negishiall-info/
P3	小田急相模原	odakyu	小田急 小田原線｜新宿〜小田原	R	路線一覧/汎用案内のみ	https://wadattsu261.com/stationhome-info/	1	35.5158	139.4231	external_link	
P3	尻手	nambu	JR 南武線｜川崎〜立川	V2	路線全駅/駅別一覧確認済み	https://wadattsu261.com/content/jn-nambuhome-all-info/#:~:text=%E5%B0%BB%E6%89%8B	1	35.5309	139.6843	online_car	https://wadattsu261.com/content/jn-nambuhome-all-info/
P3	岸根公園	blue	横浜市営 ブルーライン｜あざみ野〜湘南台	V1	駅別詳細ページ確認済み	https://wadattsu261.com/content/kishinekoen-yokohamablueline-info/	1	35.4963	139.6174	online_car	https://wadattsu261.com/content/b-bluelinehome-all-info/
P3	川口	keihin	JR 京浜東北・根岸線｜大宮〜大船	V1	駅別詳細ページ確認済み	https://wadattsu261.com/content/kawaguchi-keihinhome-info/	1	35.802	139.7174	online_car	https://wadattsu261.com/content/jk-keihin-negishiall-info/
P3	川越市	tobu_tojo	東武 東上線｜池袋〜小川町	V2	路線全駅/駅別一覧確認済み	https://wadattsu261.com/content/tj-tobutojohome-all-info/#:~:text=%E5%B7%9D%E8%B6%8A%E5%B8%82	1	35.9141	139.477	online_car	https://wadattsu261.com/content/tj-tobutojohome-all-info/
P3	巣鴨	yamanote	JR 山手線｜環状運転	V2	路線全駅/駅別一覧確認済み	https://wadattsu261.com/content/jy-yamanotehome-soto-uchimawari-info/#:~:text=%E5%B7%A3%E9%B4%A8	1	35.7335	139.7393	online_car	https://wadattsu261.com/content/jy-yamanotehome-soto-uchimawari-info/
P3	市が尾	denentoshi	東急 田園都市線｜渋谷〜中央林間	V2	路線全駅/駅別一覧確認済み	https://wadattsu261.com/content/dt-tokyudenentoshihome-all-info/#:~:text=%E5%B8%82%E3%81%8C%E5%B0%BE	1	35.5514	139.5412	online_car	https://wadattsu261.com/content/dt-tokyudenentoshihome-all-info/
P3	市川塩浜	keiyo	JR 京葉線｜東京〜蘇我	V2	路線全駅/駅別一覧確認済み	https://wadattsu261.com/content/je-keiyohome-all-info/#:~:text=%E5%B8%82%E5%B7%9D%E5%A1%A9%E6%B5%9C	1	35.666	139.9238	online_car	https://wadattsu261.com/content/je-keiyohome-all-info/
P3	市川大野	musashino	JR 武蔵野線｜府中本町〜西船橋	V2	路線全駅/駅別一覧確認済み	https://wadattsu261.com/content/jm-musashinohome-all-info/#:~:text=%E5%B8%82%E5%B7%9D%E5%A4%A7%E9%87%8E	1	35.7554	139.9517	online_car	https://wadattsu261.com/content/jm-musashinohome-all-info/
P3	布田	keio	京王線｜新宿〜京王八王子	V2	路線全駅/駅別一覧確認済み	https://wadattsu261.com/content/ko-keiohome-all-info/#:~:text=%E5%B8%83%E7%94%B0	1	35.6501	139.5516	online_car	https://wadattsu261.com/content/ko-keiohome-all-info/
P3	希望ケ丘	sotetsu	相鉄 本線｜横浜〜海老名	V2	路線全駅/駅別一覧確認済み	https://wadattsu261.com/so-sotetsuhome-info/#:~:text=%E5%B8%8C%E6%9C%9B%E3%82%B1%E4%B8%98	1	35.4609	139.513	external_link	
P3	幕張	chuo_sobu	JR 中央・総武線各停｜三鷹〜千葉	V2	路線全駅/駅別一覧確認済み	https://wadattsu261.com/content/jb-chuo-sobuslowhome-all-info/#:~:text=%E5%B9%95%E5%BC%B5	1	35.6591	140.0576	online_car	https://wadattsu261.com/content/jb-chuo-sobuslowhome-all-info/
P3	幕張本郷	chuo_sobu	JR 中央・総武線各停｜三鷹〜千葉	V2	路線全駅/駅別一覧確認済み	https://wadattsu261.com/content/jb-chuo-sobuslowhome-all-info/#:~:text=%E5%B9%95%E5%BC%B5%E6%9C%AC%E9%83%B7	1	35.6729	140.0425	online_car	https://wadattsu261.com/content/jb-chuo-sobuslowhome-all-info/
P3	幕張豊砂	keiyo	JR 京葉線｜東京〜蘇我	V2	路線全駅/駅別一覧確認済み	https://wadattsu261.com/content/je-keiyohome-all-info/#:~:text=%E5%B9%95%E5%BC%B5%E8%B1%8A%E7%A0%82	1	35.6549	140.0266	online_car	https://wadattsu261.com/content/je-keiyohome-all-info/
P3	幡ヶ谷	keio_new	京王新線｜新宿〜笹塚	V2	路線全駅/駅別一覧確認済み	https://wadattsu261.com/content/ko-keiohome-all-info/#:~:text=%E5%B9%A1%E3%83%B6%E8%B0%B7	1	35.6773	139.6763	online_car	https://wadattsu261.com/content/ko-keiohome-all-info/
P3	平井	chuo_sobu	JR 中央・総武線各停｜三鷹〜千葉	V2	路線全駅/駅別一覧確認済み	https://wadattsu261.com/content/jb-chuo-sobuslowhome-all-info/#:~:text=%E5%B9%B3%E4%BA%95	1	35.706	139.8428	online_car	https://wadattsu261.com/content/jb-chuo-sobuslowhome-all-info/
P3	平山城址公園	keio	京王線｜新宿〜京王八王子	V2	路線全駅/駅別一覧確認済み	https://wadattsu261.com/content/ko-keiohome-all-info/#:~:text=%E5%B9%B3%E5%B1%B1%E5%9F%8E%E5%9D%80%E5%85%AC%E5%9C%92	1	35.6475	139.3795	online_car	https://wadattsu261.com/content/ko-keiohome-all-info/
P3	平間	nambu	JR 南武線｜川崎〜立川	V2	路線全駅/駅別一覧確認済み	https://wadattsu261.com/content/jn-nambuhome-all-info/#:~:text=%E5%B9%B3%E9%96%93	1	35.5607	139.6714	online_car	https://wadattsu261.com/content/jn-nambuhome-all-info/
P3	広尾	metro_h	東京メトロ 日比谷線｜北千住〜中目黒	V2	路線全駅/駅別一覧確認済み	https://wadattsu261.com/content/h-metrohibiyahome-all-info/#:~:text=%E5%BA%83%E5%B0%BE	1	35.6522	139.7222	online_car	https://wadattsu261.com/content/h-metrohibiyahome-all-info/
P3	府中	keio	京王線｜新宿〜京王八王子	V2	路線全駅/駅別一覧確認済み	https://wadattsu261.com/content/ko-keiohome-all-info/#:~:text=%E5%BA%9C%E4%B8%AD	1	35.6722	139.4802	online_car	https://wadattsu261.com/content/ko-keiohome-all-info/
P3	座間	odakyu	小田急 小田原線｜新宿〜小田原	R	路線一覧/汎用案内のみ	https://wadattsu261.com/stationhome-info/	1	35.4802	139.399	external_link	
P3	弘明寺（地下鉄）	blue	横浜市営 ブルーライン｜あざみ野〜湘南台	V1	駅別詳細ページ確認済み	https://wadattsu261.com/content/gumyoji-yokohamablueline-info/	1	35.423	139.6	online_car	https://wadattsu261.com/content/b-bluelinehome-all-info/
P3	弥生台	izumino	相鉄 いずみ野線直通｜横浜〜湘南台	V2	路線全駅/駅別一覧確認済み	https://wadattsu261.com/so-sotetsuhome-info/#:~:text=%E5%BC%A5%E7%94%9F%E5%8F%B0	1	35.4294	139.5066	external_link	
P3	志木	tobu_tojo	東武 東上線｜池袋〜小川町	V2	路線全駅/駅別一覧確認済み	https://wadattsu261.com/content/tj-tobutojohome-all-info/#:~:text=%E5%BF%97%E6%9C%A8	1	35.8221	139.5753	online_car	https://wadattsu261.com/content/tj-tobutojohome-all-info/
P3	志茂	metro_n	東京メトロ 南北線｜目黒〜赤羽岩淵	V2	路線全駅/駅別一覧確認済み	https://wadattsu261.com/content/n-metronambokuhome-all-info/#:~:text=%E5%BF%97%E8%8C%82	1	35.7779	139.732	online_car	https://wadattsu261.com/content/n-metronambokuhome-all-info/
P3	愛甲石田	odakyu	小田急 小田原線｜新宿〜小田原	R	路線一覧/汎用案内のみ	https://wadattsu261.com/stationhome-info/	1	35.4177	139.3443	external_link	
P3	成城学園前	odakyu	小田急 小田原線｜新宿〜小田原	R	路線一覧/汎用案内のみ	https://wadattsu261.com/stationhome-info/	1	35.64	139.599	external_link	
P3	成増	tobu_tojo	東武 東上線｜池袋〜小川町	V2	路線全駅/駅別一覧確認済み	https://wadattsu261.com/content/tj-tobutojohome-all-info/#:~:text=%E6%88%90%E5%A2%97	1	35.7777	139.633	online_car	https://wadattsu261.com/content/tj-tobutojohome-all-info/
P3	成瀬	yokohama	JR 横浜線・根岸線直通｜八王子〜大船	V2	路線全駅/駅別一覧確認済み	https://wadattsu261.com/content/jh-yokohama-negishiall-info/#:~:text=%E6%88%90%E7%80%AC	1	35.5354	139.4733	online_car	https://wadattsu261.com/content/jh-yokohama-negishiall-info/
P3	戸田	saikyo	JR 埼京・川越線｜大崎〜川越	V2	路線全駅/駅別一覧確認済み	https://wadattsu261.com/content/ja-saikyo-kawagoehome-all-info/#:~:text=%E6%88%B8%E7%94%B0	1	35.8176	139.6695	online_car	https://wadattsu261.com/content/ja-saikyo-kawagoehome-all-info/
P3	戸田公園	saikyo	JR 埼京・川越線｜大崎〜川越	V2	路線全駅/駅別一覧確認済み	https://wadattsu261.com/content/ja-saikyo-kawagoehome-all-info/#:~:text=%E6%88%B8%E7%94%B0%E5%85%AC%E5%9C%92	1	35.8079	139.678	online_car	https://wadattsu261.com/content/ja-saikyo-kawagoehome-all-info/
P3	所沢	seibu_ike	西武 池袋線｜池袋〜飯能	V2	路線全駅/駅別一覧確認済み	https://wadattsu261.com/content/si-seibuikebukurohome-all-info/#:~:text=%E6%89%80%E6%B2%A2	1	35.7867	139.4733	online_car	https://wadattsu261.com/content/si-seibuikebukurohome-all-info/
P3	押上	metro_z	東京メトロ 半蔵門線｜渋谷〜押上	V2	路線全駅/駅別一覧確認済み	https://wadattsu261.com/content/z-metrohanzomonhome-all-info/#:~:text=%E6%8A%BC%E4%B8%8A	1	35.7107	139.813	online_car	https://wadattsu261.com/content/z-metrohanzomonhome-all-info/
P3	指扇	saikyo	JR 埼京・川越線｜大崎〜川越	V2	路線全駅/駅別一覧確認済み	https://wadattsu261.com/content/ja-saikyo-kawagoehome-all-info/#:~:text=%E6%8C%87%E6%89%87	1	35.9174	139.5645	online_car	https://wadattsu261.com/content/ja-saikyo-kawagoehome-all-info/
P3	新三郷	musashino	JR 武蔵野線｜府中本町〜西船橋	V2	路線全駅/駅別一覧確認済み	https://wadattsu261.com/content/jm-musashinohome-all-info/#:~:text=%E6%96%B0%E4%B8%89%E9%83%B7	1	35.8588	139.869	online_car	https://wadattsu261.com/content/jm-musashinohome-all-info/
P3	新中野	metro_m	東京メトロ 丸ノ内線｜池袋〜荻窪	V2	路線全駅/駅別一覧確認済み	https://wadattsu261.com/content/m-metromarunouchihome-all-info/#:~:text=%E6%96%B0%E4%B8%AD%E9%87%8E	1	35.6975	139.669	online_car	https://wadattsu261.com/content/m-metromarunouchihome-all-info/
P3	新八柱	musashino	JR 武蔵野線｜府中本町〜西船橋	V2	路線全駅/駅別一覧確認済み	https://wadattsu261.com/content/jm-musashinohome-all-info/#:~:text=%E6%96%B0%E5%85%AB%E6%9F%B1	1	35.7911	139.9381	online_car	https://wadattsu261.com/content/jm-musashinohome-all-info/
P3	新大久保	yamanote	JR 山手線｜環状運転	V2	路線全駅/駅別一覧確認済み	https://wadattsu261.com/content/jy-yamanotehome-soto-uchimawari-info/#:~:text=%E6%96%B0%E5%A4%A7%E4%B9%85%E4%BF%9D	1	35.7013	139.7001	online_car	https://wadattsu261.com/content/jy-yamanotehome-soto-uchimawari-info/
P3	新大塚	metro_m	東京メトロ 丸ノ内線｜池袋〜荻窪	C	アプリ内蔵（簡易号車）	https://wadattsu261.com/content/m-metromarunouchihome-all-info/	1	35.7258	139.7299	static_car	
P3	新大津	keikyu_k	京急 久里浜線直通｜泉岳寺〜三崎口	R	路線一覧/汎用案内のみ	https://wadattsu261.com/stationhome-info/	1	35.2547	139.6915	external_link	
P3	新子安	keihin	JR 京浜東北・根岸線｜大宮〜大船	V1	駅別詳細ページ確認済み	https://wadattsu261.com/content/shinkoyasu-keihinhome-info/	1	35.4868	139.6547	online_car	https://wadattsu261.com/content/jk-keihin-negishiall-info/
P3	新宿御苑前	metro_m	東京メトロ 丸ノ内線｜池袋〜荻窪	V2	路線全駅/駅別一覧確認済み	https://wadattsu261.com/content/m-metromarunouchihome-all-info/#:~:text=%E6%96%B0%E5%AE%BF%E5%BE%A1%E8%8B%91%E5%89%8D	1	35.6886	139.7108	online_car	https://wadattsu261.com/content/m-metromarunouchihome-all-info/
P3	新富町	metro_y	東京メトロ 有楽町線｜和光市〜新木場	V2	路線全駅/駅別一覧確認済み	https://wadattsu261.com/content/y-metroyurakuchohome-all-info/#:~:text=%E6%96%B0%E5%AF%8C%E7%94%BA	1	35.6705	139.7735	online_car	https://wadattsu261.com/content/y-metroyurakuchohome-all-info/
P3	新小平	musashino	JR 武蔵野線｜府中本町〜西船橋	V2	路線全駅/駅別一覧確認済み	https://wadattsu261.com/content/jm-musashinohome-all-info/#:~:text=%E6%96%B0%E5%B0%8F%E5%B9%B3	1	35.7309	139.4705	online_car	https://wadattsu261.com/content/jm-musashinohome-all-info/
P3	新座	musashino	JR 武蔵野線｜府中本町〜西船橋	V2	路線全駅/駅別一覧確認済み	https://wadattsu261.com/content/jm-musashinohome-all-info/#:~:text=%E6%96%B0%E5%BA%A7	1	35.8038	139.5562	online_car	https://wadattsu261.com/content/jm-musashinohome-all-info/
P3	新御茶ノ水	metro_c	東京メトロ 千代田線｜代々木上原〜北綾瀬	V2	路線全駅/駅別一覧確認済み	https://wadattsu261.com/content/c-metrochiyodahome-all-info/#:~:text=%E6%96%B0%E5%BE%A1%E8%8C%B6%E3%83%8E%E6%B0%B4	1	35.6981	139.766	online_car	https://wadattsu261.com/content/c-metrochiyodahome-all-info/
P3	新日本橋	sobu	JR 総武線快速｜東京〜千葉	V2	路線全駅/駅別一覧確認済み	https://wadattsu261.com/content/jo-yokosuka-soburapidhome-all-info/#:~:text=%E6%96%B0%E6%97%A5%E6%9C%AC%E6%A9%8B	1	35.6888	139.7734	online_car	https://wadattsu261.com/content/jo-yokosuka-soburapidhome-all-info/
P3	新松田	odakyu	小田急 小田原線｜新宿〜小田原	R	路線一覧/汎用案内のみ	https://wadattsu261.com/stationhome-info/	1	35.3457	139.1399	external_link	
P3	新検見川	chuo_sobu	JR 中央・総武線各停｜三鷹〜千葉	V2	路線全駅/駅別一覧確認済み	https://wadattsu261.com/content/jb-chuo-sobuslowhome-all-info/#:~:text=%E6%96%B0%E6%A4%9C%E8%A6%8B%E5%B7%9D	1	35.6516	140.0735	online_car	https://wadattsu261.com/content/jb-chuo-sobuslowhome-all-info/
P3	新河岸	tobu_tojo	東武 東上線｜池袋〜小川町	V2	路線全駅/駅別一覧確認済み	https://wadattsu261.com/content/tj-tobutojohome-all-info/#:~:text=%E6%96%B0%E6%B2%B3%E5%B2%B8	1	35.8915	139.4974	online_car	https://wadattsu261.com/content/tj-tobutojohome-all-info/
P3	新浦安	keiyo	JR 京葉線｜東京〜蘇我	V2	路線全駅/駅別一覧確認済み	https://wadattsu261.com/content/je-keiyohome-all-info/#:~:text=%E6%96%B0%E6%B5%A6%E5%AE%89	1	35.6501	139.9123	online_car	https://wadattsu261.com/content/je-keiyohome-all-info/
P3	新百合ヶ丘	odakyu	小田急 小田原線｜新宿〜小田原	R	路線一覧/汎用案内のみ	https://wadattsu261.com/stationhome-info/	1	35.6038	139.5076	external_link	
P3	新秋津	musashino	JR 武蔵野線｜府中本町〜西船橋	V2	路線全駅/駅別一覧確認済み	https://wadattsu261.com/content/jm-musashinohome-all-info/#:~:text=%E6%96%B0%E7%A7%8B%E6%B4%A5	1	35.778	139.4934	online_car	https://wadattsu261.com/content/jm-musashinohome-all-info/
P3	新羽	blue	横浜市営 ブルーライン｜あざみ野〜湘南台	V1	駅別詳細ページ確認済み	https://wadattsu261.com/content/nippa-yokohamablueline-info/	1	35.5277	139.6121	online_car	https://wadattsu261.com/content/b-bluelinehome-all-info/
P3	新習志野	keiyo	JR 京葉線｜東京〜蘇我	V2	路線全駅/駅別一覧確認済み	https://wadattsu261.com/content/je-keiyohome-all-info/#:~:text=%E6%96%B0%E7%BF%92%E5%BF%97%E9%87%8E	1	35.6674	140.0128	online_car	https://wadattsu261.com/content/je-keiyohome-all-info/
P3	新高円寺	metro_m	東京メトロ 丸ノ内線｜池袋〜荻窪	V2	路線全駅/駅別一覧確認済み	https://wadattsu261.com/content/m-metromarunouchihome-all-info/#:~:text=%E6%96%B0%E9%AB%98%E5%86%86%E5%AF%BA	1	35.6979	139.6481	online_car	https://wadattsu261.com/content/m-metromarunouchihome-all-info/
P3	日進	saikyo	JR 埼京・川越線｜大崎〜川越	V2	路線全駅/駅別一覧確認済み	https://wadattsu261.com/content/ja-saikyo-kawagoehome-all-info/#:~:text=%E6%97%A5%E9%80%B2	1	35.9315	139.6061	online_car	https://wadattsu261.com/content/ja-saikyo-kawagoehome-all-info/
P3	日野	chuo	JR 中央線快速｜東京〜高尾	V2	路線全駅/駅別一覧確認済み	https://wadattsu261.com/content/jc-chuorapidhome-all-info/#:~:text=%E6%97%A5%E9%87%8E	1	35.679	139.3937	online_car	https://wadattsu261.com/content/jc-chuorapidhome-all-info/
P3	早川	tokaido	JR 東海道線｜東京〜熱海	V2	路線全駅/駅別一覧確認済み	https://wadattsu261.com/content/jt-tokaidohome-all-info/#:~:text=%E6%97%A9%E5%B7%9D	1	35.2389	139.1452	online_car	https://wadattsu261.com/content/jt-tokaidohome-all-info/
P3	早稲田	metro_t	東京メトロ 東西線｜中野〜西船橋	V2	路線全駅/駅別一覧確認済み	https://wadattsu261.com/content/t-metrotozaihome-all-info/#:~:text=%E6%97%A9%E7%A8%B2%E7%94%B0	1	35.7056	139.721	online_car	https://wadattsu261.com/content/t-metrotozaihome-all-info/
P3	明大前	keio	京王線｜新宿〜京王八王子	V2	路線全駅/駅別一覧確認済み	https://wadattsu261.com/content/ko-keiohome-all-info/#:~:text=%E6%98%8E%E5%A4%A7%E5%89%8D	1	35.6685	139.6503	online_car	https://wadattsu261.com/content/ko-keiohome-all-info/
P3	月島	metro_y	東京メトロ 有楽町線｜和光市〜新木場	V2	路線全駅/駅別一覧確認済み	https://wadattsu261.com/content/y-metroyurakuchohome-all-info/#:~:text=%E6%9C%88%E5%B3%B6	1	35.6639	139.7847	online_car	https://wadattsu261.com/content/y-metroyurakuchohome-all-info/
P3	朝霞	tobu_tojo	東武 東上線｜池袋〜小川町	V2	路線全駅/駅別一覧確認済み	https://wadattsu261.com/content/tj-tobutojohome-all-info/#:~:text=%E6%9C%9D%E9%9C%9E	1	35.7972	139.6003	online_car	https://wadattsu261.com/content/tj-tobutojohome-all-info/
P3	朝霞台	tobu_tojo	東武 東上線｜池袋〜小川町	V2	路線全駅/駅別一覧確認済み	https://wadattsu261.com/content/tj-tobutojohome-all-info/#:~:text=%E6%9C%9D%E9%9C%9E%E5%8F%B0	1	35.8144	139.587	online_car	https://wadattsu261.com/content/tj-tobutojohome-all-info/
P3	木場	metro_t	東京メトロ 東西線｜中野〜西船橋	V2	路線全駅/駅別一覧確認済み	https://wadattsu261.com/content/t-metrotozaihome-all-info/#:~:text=%E6%9C%A8%E5%A0%B4	1	35.6695	139.807	online_car	https://wadattsu261.com/content/t-metrotozaihome-all-info/
P3	末広町	metro_g	東京メトロ 銀座線｜浅草〜渋谷	V2	路線全駅/駅別一覧確認済み	https://wadattsu261.com/content/g-metroginzahome-all-info/#:~:text=%E6%9C%AB%E5%BA%83%E7%94%BA	1	35.7029	139.7717	online_car	https://wadattsu261.com/content/g-metroginzahome-all-info/
P3	本八幡	chuo_sobu	JR 中央・総武線各停｜三鷹〜千葉	V2	路線全駅/駅別一覧確認済み	https://wadattsu261.com/content/jb-chuo-sobuslowhome-all-info/#:~:text=%E6%9C%AC%E5%85%AB%E5%B9%A1	1	35.7208	139.9273	online_car	https://wadattsu261.com/content/jb-chuo-sobuslowhome-all-info/
P3	本厚木	odakyu	小田急 小田原線｜新宿〜小田原	R	路線一覧/汎用案内のみ	https://wadattsu261.com/stationhome-info/	1	35.439	139.3644	external_link	
P3	本郷三丁目	metro_m	東京メトロ 丸ノ内線｜池袋〜荻窪	C	アプリ内蔵（簡易号車）	https://wadattsu261.com/content/m-metromarunouchihome-all-info/	1	35.7067	139.7599	static_car	
P3	本駒込	metro_n	東京メトロ 南北線｜目黒〜赤羽岩淵	V2	路線全駅/駅別一覧確認済み	https://wadattsu261.com/content/n-metronambokuhome-all-info/#:~:text=%E6%9C%AC%E9%A7%92%E8%BE%BC	1	35.7243	139.7539	online_car	https://wadattsu261.com/content/n-metronambokuhome-all-info/
P3	東中野	chuo_sobu	JR 中央・総武線各停｜三鷹〜千葉	V2	路線全駅/駅別一覧確認済み	https://wadattsu261.com/content/jb-chuo-sobuslowhome-all-info/#:~:text=%E6%9D%B1%E4%B8%AD%E9%87%8E	1	35.7062	139.6863	online_car	https://wadattsu261.com/content/jb-chuo-sobuslowhome-all-info/
P3	東久留米	seibu_ike	西武 池袋線｜池袋〜飯能	V2	路線全駅/駅別一覧確認済み	https://wadattsu261.com/content/si-seibuikebukurohome-all-info/#:~:text=%E6%9D%B1%E4%B9%85%E7%95%99%E7%B1%B3	1	35.76	139.5335	online_car	https://wadattsu261.com/content/si-seibuikebukurohome-all-info/
P3	東北沢	odakyu	小田急 小田原線｜新宿〜小田原	R	路線一覧/汎用案内のみ	https://wadattsu261.com/stationhome-info/	1	35.665	139.673	external_link	
P3	東十条	keihin	JR 京浜東北・根岸線｜大宮〜大船	V1	駅別詳細ページ確認済み	https://wadattsu261.com/content/higashijujo-keihinhome-info/	1	35.7647	139.7269	online_car	https://wadattsu261.com/content/jk-keihin-negishiall-info/
P3	東大前	metro_n	東京メトロ 南北線｜目黒〜赤羽岩淵	V2	路線全駅/駅別一覧確認済み	https://wadattsu261.com/content/n-metronambokuhome-all-info/#:~:text=%E6%9D%B1%E5%A4%A7%E5%89%8D	1	35.7176	139.758	online_car	https://wadattsu261.com/content/n-metronambokuhome-all-info/
P3	東小金井	chuo	JR 中央線快速｜東京〜高尾	V2	路線全駅/駅別一覧確認済み	https://wadattsu261.com/content/jc-chuorapidhome-all-info/#:~:text=%E6%9D%B1%E5%B0%8F%E9%87%91%E4%BA%95	1	35.7016	139.5238	online_car	https://wadattsu261.com/content/jc-chuorapidhome-all-info/
P3	東川口	musashino	JR 武蔵野線｜府中本町〜西船橋	V2	路線全駅/駅別一覧確認済み	https://wadattsu261.com/content/jm-musashinohome-all-info/#:~:text=%E6%9D%B1%E5%B7%9D%E5%8F%A3	1	35.875	139.744	online_car	https://wadattsu261.com/content/jm-musashinohome-all-info/
P3	東府中	keio	京王線｜新宿〜京王八王子	V2	路線全駅/駅別一覧確認済み	https://wadattsu261.com/content/ko-keiohome-all-info/#:~:text=%E6%9D%B1%E5%BA%9C%E4%B8%AD	1	35.669	139.4952	online_car	https://wadattsu261.com/content/ko-keiohome-all-info/
P3	東所沢	musashino	JR 武蔵野線｜府中本町〜西船橋	V2	路線全駅/駅別一覧確認済み	https://wadattsu261.com/content/jm-musashinohome-all-info/#:~:text=%E6%9D%B1%E6%89%80%E6%B2%A2	1	35.7948	139.5147	online_car	https://wadattsu261.com/content/jm-musashinohome-all-info/
P3	東新宿	metro_f	東京メトロ 副都心線｜和光市〜渋谷	V2	路線全駅/駅別一覧確認済み	https://wadattsu261.com/f-metrofukutoshinhome-info/#:~:text=%E6%9D%B1%E6%96%B0%E5%AE%BF	1	35.6979	139.7079	external_link	
P3	東松山	tobu_tojo	東武 東上線｜池袋〜小川町	V2	路線全駅/駅別一覧確認済み	https://wadattsu261.com/content/tj-tobutojohome-all-info/#:~:text=%E6%9D%B1%E6%9D%BE%E5%B1%B1	1	36.034	139.4019	online_car	https://wadattsu261.com/content/tj-tobutojohome-all-info/
P3	東松戸	musashino	JR 武蔵野線｜府中本町〜西船橋	V2	路線全駅/駅別一覧確認済み	https://wadattsu261.com/content/jm-musashinohome-all-info/#:~:text=%E6%9D%B1%E6%9D%BE%E6%88%B8	1	35.7707	139.9436	online_car	https://wadattsu261.com/content/jm-musashinohome-all-info/
P3	東武練馬	tobu_tojo	東武 東上線｜池袋〜小川町	V2	路線全駅/駅別一覧確認済み	https://wadattsu261.com/content/tj-tobutojohome-all-info/#:~:text=%E6%9D%B1%E6%AD%A6%E7%B7%B4%E9%A6%AC	1	35.7688	139.661	online_car	https://wadattsu261.com/content/tj-tobutojohome-all-info/
P3	東池袋	metro_y	東京メトロ 有楽町線｜和光市〜新木場	V2	路線全駅/駅別一覧確認済み	https://wadattsu261.com/content/y-metroyurakuchohome-all-info/#:~:text=%E6%9D%B1%E6%B1%A0%E8%A2%8B	1	35.7255	139.7196	online_car	https://wadattsu261.com/content/y-metroyurakuchohome-all-info/
P3	東浦和	musashino	JR 武蔵野線｜府中本町〜西船橋	V2	路線全駅/駅別一覧確認済み	https://wadattsu261.com/content/jm-musashinohome-all-info/#:~:text=%E6%9D%B1%E6%B5%A6%E5%92%8C	1	35.8641	139.7049	online_car	https://wadattsu261.com/content/jm-musashinohome-all-info/
P3	東海大学前	odakyu	小田急 小田原線｜新宿〜小田原	R	路線一覧/汎用案内のみ	https://wadattsu261.com/stationhome-info/	1	35.3738	139.2717	external_link	
P3	東白楽	toyoko	東急東横線・みなとみらい線｜渋谷〜元町・中華街	V2	路線全駅/駅別一覧確認済み	https://wadattsu261.com/ty-tokyutoyokohome-info/#:~:text=%E6%9D%B1%E7%99%BD%E6%A5%BD	1	35.4834	139.629	external_link	
P3	東船橋	chuo_sobu	JR 中央・総武線各停｜三鷹〜千葉	V2	路線全駅/駅別一覧確認済み	https://wadattsu261.com/content/jb-chuo-sobuslowhome-all-info/#:~:text=%E6%9D%B1%E8%88%B9%E6%A9%8B	1	35.6997	140.0038	online_car	https://wadattsu261.com/content/jb-chuo-sobuslowhome-all-info/
P3	東逗子	yokosuka	JR 横須賀線｜東京〜久里浜	V2	路線全駅/駅別一覧確認済み	https://wadattsu261.com/content/jo-yokosuka-soburapidhome-all-info/#:~:text=%E6%9D%B1%E9%80%97%E5%AD%90	1	35.2987	139.601	online_car	https://wadattsu261.com/content/jo-yokosuka-soburapidhome-all-info/
P3	東銀座	metro_h	東京メトロ 日比谷線｜北千住〜中目黒	V2	路線全駅/駅別一覧確認済み	https://wadattsu261.com/content/h-metrohibiyahome-all-info/#:~:text=%E6%9D%B1%E9%8A%80%E5%BA%A7	1	35.6694	139.7673	online_car	https://wadattsu261.com/content/h-metrohibiyahome-all-info/
P3	東長崎	seibu_ike	西武 池袋線｜池袋〜飯能	V2	路線全駅/駅別一覧確認済み	https://wadattsu261.com/content/si-seibuikebukurohome-all-info/#:~:text=%E6%9D%B1%E9%95%B7%E5%B4%8E	1	35.73	139.6834	online_car	https://wadattsu261.com/content/si-seibuikebukurohome-all-info/
P3	東陽町	metro_t	東京メトロ 東西線｜中野〜西船橋	V2	路線全駅/駅別一覧確認済み	https://wadattsu261.com/content/t-metrotozaihome-all-info/#:~:text=%E6%9D%B1%E9%99%BD%E7%94%BA	1	35.6696	139.8176	online_car	https://wadattsu261.com/content/t-metrotozaihome-all-info/
P3	東高円寺	metro_m	東京メトロ 丸ノ内線｜池袋〜荻窪	V2	路線全駅/駅別一覧確認済み	https://wadattsu261.com/content/m-metromarunouchihome-all-info/#:~:text=%E6%9D%B1%E9%AB%98%E5%86%86%E5%AF%BA	1	35.6978	139.6582	online_car	https://wadattsu261.com/content/m-metromarunouchihome-all-info/
P3	板橋	saikyo	JR 埼京・川越線｜大崎〜川越	V2	路線全駅/駅別一覧確認済み	https://wadattsu261.com/content/ja-saikyo-kawagoehome-all-info/#:~:text=%E6%9D%BF%E6%A9%8B	1	35.7453	139.7195	online_car	https://wadattsu261.com/content/ja-saikyo-kawagoehome-all-info/
P3	柳瀬川	tobu_tojo	東武 東上線｜池袋〜小川町	V2	路線全駅/駅別一覧確認済み	https://wadattsu261.com/content/tj-tobutojohome-all-info/#:~:text=%E6%9F%B3%E7%80%AC%E5%B7%9D	1	35.8309	139.5624	online_car	https://wadattsu261.com/content/tj-tobutojohome-all-info/
P3	柴崎	keio	京王線｜新宿〜京王八王子	V2	路線全駅/駅別一覧確認済み	https://wadattsu261.com/content/ko-keiohome-all-info/#:~:text=%E6%9F%B4%E5%B4%8E	1	35.6538	139.5667	online_car	https://wadattsu261.com/content/ko-keiohome-all-info/
P3	柿生	odakyu	小田急 小田原線｜新宿〜小田原	R	路線一覧/汎用案内のみ	https://wadattsu261.com/stationhome-info/	1	35.5895	139.4972	external_link	
P3	栢山	odakyu	小田急 小田原線｜新宿〜小田原	R	路線一覧/汎用案内のみ	https://wadattsu261.com/stationhome-info/	1	35.3102	139.1423	external_link	
P3	根府川	tokaido	JR 東海道線｜東京〜熱海	V2	路線全駅/駅別一覧確認済み	https://wadattsu261.com/content/jt-tokaidohome-all-info/#:~:text=%E6%A0%B9%E5%BA%9C%E5%B7%9D	1	35.2026	139.1385	online_car	https://wadattsu261.com/content/jt-tokaidohome-all-info/
P3	根津	metro_c	東京メトロ 千代田線｜代々木上原〜北綾瀬	V2	路線全駅/駅別一覧確認済み	https://wadattsu261.com/content/c-metrochiyodahome-all-info/#:~:text=%E6%A0%B9%E6%B4%A5	1	35.717	139.7656	online_car	https://wadattsu261.com/content/c-metrochiyodahome-all-info/
P3	桜上水	keio	京王線｜新宿〜京王八王子	V2	路線全駅/駅別一覧確認済み	https://wadattsu261.com/content/ko-keiohome-all-info/#:~:text=%E6%A1%9C%E4%B8%8A%E6%B0%B4	1	35.6676	139.6307	online_car	https://wadattsu261.com/content/ko-keiohome-all-info/
P3	桜台	seibu_ike	西武 池袋線｜池袋〜飯能	V2	路線全駅/駅別一覧確認済み	https://wadattsu261.com/content/si-seibuikebukurohome-all-info/#:~:text=%E6%A1%9C%E5%8F%B0	1	35.7387	139.6617	online_car	https://wadattsu261.com/content/si-seibuikebukurohome-all-info/
P3	桜新町	denentoshi	東急 田園都市線｜渋谷〜中央林間	V2	路線全駅/駅別一覧確認済み	https://wadattsu261.com/content/dt-tokyudenentoshihome-all-info/#:~:text=%E6%A1%9C%E6%96%B0%E7%94%BA	1	35.6318	139.6446	online_car	https://wadattsu261.com/content/dt-tokyudenentoshihome-all-info/
P3	桜田門	metro_y	東京メトロ 有楽町線｜和光市〜新木場	V2	路線全駅/駅別一覧確認済み	https://wadattsu261.com/content/y-metroyurakuchohome-all-info/#:~:text=%E6%A1%9C%E7%94%B0%E9%96%80	1	35.6773	139.7516	online_car	https://wadattsu261.com/content/y-metroyurakuchohome-all-info/
P3	梅ヶ丘	odakyu	小田急 小田原線｜新宿〜小田原	R	路線一覧/汎用案内のみ	https://wadattsu261.com/stationhome-info/	1	35.655	139.6536	external_link	
P3	梶が谷	denentoshi	東急 田園都市線｜渋谷〜中央林間	V2	路線全駅/駅別一覧確認済み	https://wadattsu261.com/content/dt-tokyudenentoshihome-all-info/#:~:text=%E6%A2%B6%E3%81%8C%E8%B0%B7	1	35.5936	139.6051	online_car	https://wadattsu261.com/content/dt-tokyudenentoshihome-all-info/
P3	森林公園	tobu_tojo	東武 東上線｜池袋〜小川町	V2	路線全駅/駅別一覧確認済み	https://wadattsu261.com/content/tj-tobutojohome-all-info/#:~:text=%E6%A3%AE%E6%9E%97%E5%85%AC%E5%9C%92	1	36.045	139.3746	online_car	https://wadattsu261.com/content/tj-tobutojohome-all-info/
P3	椎名町	seibu_ike	西武 池袋線｜池袋〜飯能	V2	路線全駅/駅別一覧確認済み	https://wadattsu261.com/content/si-seibuikebukurohome-all-info/#:~:text=%E6%A4%8E%E5%90%8D%E7%94%BA	1	35.7264	139.6941	online_car	https://wadattsu261.com/content/si-seibuikebukurohome-all-info/
P3	検見川浜	keiyo	JR 京葉線｜東京〜蘇我	V2	路線全駅/駅別一覧確認済み	https://wadattsu261.com/content/je-keiyohome-all-info/#:~:text=%E6%A4%9C%E8%A6%8B%E5%B7%9D%E6%B5%9C	1	35.6371	140.0582	online_car	https://wadattsu261.com/content/je-keiyohome-all-info/
P3	横須賀	yokosuka	JR 横須賀線｜東京〜久里浜	V2	路線全駅/駅別一覧確認済み	https://wadattsu261.com/content/jo-yokosuka-soburapidhome-all-info/#:~:text=%E6%A8%AA%E9%A0%88%E8%B3%80	1	35.284	139.6556	online_car	https://wadattsu261.com/content/jo-yokosuka-soburapidhome-all-info/
P3	橋本	yokohama	JR 横浜線・根岸線直通｜八王子〜大船	V2	路線全駅/駅別一覧確認済み	https://wadattsu261.com/content/jh-yokohama-negishiall-info/#:~:text=%E6%A9%8B%E6%9C%AC	1	35.5949	139.3444	online_car	https://wadattsu261.com/content/jh-yokohama-negishiall-info/
P3	武蔵中原	nambu	JR 南武線｜川崎〜立川	V2	路線全駅/駅別一覧確認済み	https://wadattsu261.com/content/jn-nambuhome-all-info/#:~:text=%E6%AD%A6%E8%94%B5%E4%B8%AD%E5%8E%9F	1	35.5813	139.6423	online_car	https://wadattsu261.com/content/jn-nambuhome-all-info/
P3	武蔵境	chuo	JR 中央線快速｜東京〜高尾	V2	路線全駅/駅別一覧確認済み	https://wadattsu261.com/content/jc-chuorapidhome-all-info/#:~:text=%E6%AD%A6%E8%94%B5%E5%A2%83	1	35.7021	139.5435	online_car	https://wadattsu261.com/content/jc-chuorapidhome-all-info/
P3	武蔵小山	meguro	東急 目黒線｜目黒〜日吉	V2	路線全駅/駅別一覧確認済み	https://wadattsu261.com/mg-tokyumegurohome-info/#:~:text=%E6%AD%A6%E8%94%B5%E5%B0%8F%E5%B1%B1	1	35.6205	139.7044	external_link	
P3	武蔵小金井	chuo	JR 中央線快速｜東京〜高尾	V2	路線全駅/駅別一覧確認済み	https://wadattsu261.com/content/jc-chuorapidhome-all-info/#:~:text=%E6%AD%A6%E8%94%B5%E5%B0%8F%E9%87%91%E4%BA%95	1	35.7011	139.5067	online_car	https://wadattsu261.com/content/jc-chuorapidhome-all-info/
P3	武蔵嵐山	tobu_tojo	東武 東上線｜池袋〜小川町	V2	路線全駅/駅別一覧確認済み	https://wadattsu261.com/content/tj-tobutojohome-all-info/#:~:text=%E6%AD%A6%E8%94%B5%E5%B5%90%E5%B1%B1	1	36.0442	139.3285	online_car	https://wadattsu261.com/content/tj-tobutojohome-all-info/
P3	武蔵新城	nambu	JR 南武線｜川崎〜立川	V2	路線全駅/駅別一覧確認済み	https://wadattsu261.com/content/jn-nambuhome-all-info/#:~:text=%E6%AD%A6%E8%94%B5%E6%96%B0%E5%9F%8E	1	35.5875	139.6294	online_car	https://wadattsu261.com/content/jn-nambuhome-all-info/
P3	武蔵溝ノ口	nambu	JR 南武線｜川崎〜立川	V2	路線全駅/駅別一覧確認済み	https://wadattsu261.com/content/jn-nambuhome-all-info/#:~:text=%E6%AD%A6%E8%94%B5%E6%BA%9D%E3%83%8E%E5%8F%A3	1	35.5999	139.6115	online_car	https://wadattsu261.com/content/jn-nambuhome-all-info/
P3	武蔵藤沢	seibu_ike	西武 池袋線｜池袋〜飯能	V2	路線全駅/駅別一覧確認済み	https://wadattsu261.com/content/si-seibuikebukurohome-all-info/#:~:text=%E6%AD%A6%E8%94%B5%E8%97%A4%E6%B2%A2	1	35.8209	139.4128	online_car	https://wadattsu261.com/content/si-seibuikebukurohome-all-info/
P3	武蔵野台	keio	京王線｜新宿〜京王八王子	V2	路線全駅/駅別一覧確認済み	https://wadattsu261.com/content/ko-keiohome-all-info/#:~:text=%E6%AD%A6%E8%94%B5%E9%87%8E%E5%8F%B0	1	35.6647	139.5111	online_car	https://wadattsu261.com/content/ko-keiohome-all-info/
P3	水天宮前	metro_z	東京メトロ 半蔵門線｜渋谷〜押上	V2	路線全駅/駅別一覧確認済み	https://wadattsu261.com/content/z-metrohanzomonhome-all-info/#:~:text=%E6%B0%B4%E5%A4%A9%E5%AE%AE%E5%89%8D	1	35.6827	139.7853	online_car	https://wadattsu261.com/content/z-metrohanzomonhome-all-info/
P3	水道橋	chuo_sobu	JR 中央・総武線各停｜三鷹〜千葉	V2	路線全駅/駅別一覧確認済み	https://wadattsu261.com/content/jb-chuo-sobuslowhome-all-info/#:~:text=%E6%B0%B4%E9%81%93%E6%A9%8B	1	35.702	139.7535	online_car	https://wadattsu261.com/content/jb-chuo-sobuslowhome-all-info/
P3	江古田	seibu_ike	西武 池袋線｜池袋〜飯能	V2	路線全駅/駅別一覧確認済み	https://wadattsu261.com/content/si-seibuikebukurohome-all-info/#:~:text=%E6%B1%9F%E5%8F%A4%E7%94%B0	1	35.7377	139.6729	online_car	https://wadattsu261.com/content/si-seibuikebukurohome-all-info/
P3	江戸川橋	metro_y	東京メトロ 有楽町線｜和光市〜新木場	V2	路線全駅/駅別一覧確認済み	https://wadattsu261.com/content/y-metroyurakuchohome-all-info/#:~:text=%E6%B1%9F%E6%88%B8%E5%B7%9D%E6%A9%8B	1	35.7096	139.7328	online_car	https://wadattsu261.com/content/y-metroyurakuchohome-all-info/
P3	江田	denentoshi	東急 田園都市線｜渋谷〜中央林間	V2	路線全駅/駅別一覧確認済み	https://wadattsu261.com/content/dt-tokyudenentoshihome-all-info/#:~:text=%E6%B1%9F%E7%94%B0	1	35.5586	139.5514	online_car	https://wadattsu261.com/content/dt-tokyudenentoshihome-all-info/
P3	池尻大橋	denentoshi	東急 田園都市線｜渋谷〜中央林間	V2	路線全駅/駅別一覧確認済み	https://wadattsu261.com/content/dt-tokyudenentoshihome-all-info/#:~:text=%E6%B1%A0%E5%B0%BB%E5%A4%A7%E6%A9%8B	1	35.6506	139.6846	online_car	https://wadattsu261.com/content/dt-tokyudenentoshihome-all-info/
P3	洗足	meguro	東急 目黒線｜目黒〜日吉	V2	路線全駅/駅別一覧確認済み	https://wadattsu261.com/mg-tokyumegurohome-info/#:~:text=%E6%B4%97%E8%B6%B3	1	35.6103	139.6943	external_link	
P3	津久井浜	keikyu_k	京急 久里浜線直通｜泉岳寺〜三崎口	R	路線一覧/汎用案内のみ	https://wadattsu261.com/stationhome-info/	1	35.198	139.6637	external_link	
P3	津田山	nambu	JR 南武線｜川崎〜立川	V2	路線全駅/駅別一覧確認済み	https://wadattsu261.com/content/jn-nambuhome-all-info/#:~:text=%E6%B4%A5%E7%94%B0%E5%B1%B1	1	35.6043	139.6	online_car	https://wadattsu261.com/content/jn-nambuhome-all-info/
P3	浅草	metro_g	東京メトロ 銀座線｜浅草〜渋谷	C	アプリ内蔵（簡易号車）	https://wadattsu261.com/content/g-metroginzahome-all-info/	1	35.7107	139.7974	static_car	
P3	浅草橋	chuo_sobu	JR 中央・総武線各停｜三鷹〜千葉	V2	路線全駅/駅別一覧確認済み	https://wadattsu261.com/content/jb-chuo-sobuslowhome-all-info/#:~:text=%E6%B5%85%E8%8D%89%E6%A9%8B	1	35.6974	139.7845	online_car	https://wadattsu261.com/content/jb-chuo-sobuslowhome-all-info/
P3	浦安	metro_t	東京メトロ 東西線｜中野〜西船橋	V2	路線全駅/駅別一覧確認済み	https://wadattsu261.com/content/t-metrotozaihome-all-info/#:~:text=%E6%B5%A6%E5%AE%89	1	35.6659	139.8934	online_car	https://wadattsu261.com/content/t-metrotozaihome-all-info/
P3	浦賀	keikyu	京急 本線｜泉岳寺〜浦賀	R	路線一覧/汎用案内のみ	https://wadattsu261.com/stationhome-info/	1	35.2508	139.7157	external_link	
P3	浮間舟渡	saikyo	JR 埼京・川越線｜大崎〜川越	V2	路線全駅/駅別一覧確認済み	https://wadattsu261.com/content/ja-saikyo-kawagoehome-all-info/#:~:text=%E6%B5%AE%E9%96%93%E8%88%9F%E6%B8%A1	1	35.7912	139.6914	online_car	https://wadattsu261.com/content/ja-saikyo-kawagoehome-all-info/
P3	海浜幕張	keiyo	JR 京葉線｜東京〜蘇我	V2	路線全駅/駅別一覧確認済み	https://wadattsu261.com/content/je-keiyohome-all-info/#:~:text=%E6%B5%B7%E6%B5%9C%E5%B9%95%E5%BC%B5	1	35.6483	140.0418	online_car	https://wadattsu261.com/content/je-keiyohome-all-info/
P3	淡路町	metro_m	東京メトロ 丸ノ内線｜池袋〜荻窪	V2	路線全駅/駅別一覧確認済み	https://wadattsu261.com/content/m-metromarunouchihome-all-info/#:~:text=%E6%B7%A1%E8%B7%AF%E7%94%BA	1	35.6954	139.7676	online_car	https://wadattsu261.com/content/m-metromarunouchihome-all-info/
P3	淵野辺	yokohama	JR 横浜線・根岸線直通｜八王子〜大船	V2	路線全駅/駅別一覧確認済み	https://wadattsu261.com/content/jh-yokohama-negishiall-info/#:~:text=%E6%B7%B5%E9%87%8E%E8%BE%BA	1	35.5697	139.3954	online_car	https://wadattsu261.com/content/jh-yokohama-negishiall-info/
P3	清澄白河	metro_z	東京メトロ 半蔵門線｜渋谷〜押上	V2	路線全駅/駅別一覧確認済み	https://wadattsu261.com/content/z-metrohanzomonhome-all-info/#:~:text=%E6%B8%85%E6%BE%84%E7%99%BD%E6%B2%B3	1	35.6821	139.7988	online_car	https://wadattsu261.com/content/z-metrohanzomonhome-all-info/
P3	清瀬	seibu_ike	西武 池袋線｜池袋〜飯能	V2	路線全駅/駅別一覧確認済み	https://wadattsu261.com/content/si-seibuikebukurohome-all-info/#:~:text=%E6%B8%85%E7%80%AC	1	35.772	139.5199	online_car	https://wadattsu261.com/content/si-seibuikebukurohome-all-info/
P3	渋沢	odakyu	小田急 小田原線｜新宿〜小田原	R	路線一覧/汎用案内のみ	https://wadattsu261.com/stationhome-info/	1	35.3749	139.1838	external_link	
P3	港南中央	blue	横浜市営 ブルーライン｜あざみ野〜湘南台	V1	駅別詳細ページ確認済み	https://wadattsu261.com/content/konanchuo-yokohamablueline-info/	1	35.4014	139.5912	online_car	https://wadattsu261.com/content/b-bluelinehome-all-info/
P3	湯島	metro_c	東京メトロ 千代田線｜代々木上原〜北綾瀬	V2	路線全駅/駅別一覧確認済み	https://wadattsu261.com/content/c-metrochiyodahome-all-info/#:~:text=%E6%B9%AF%E5%B3%B6	1	35.7077	139.77	online_car	https://wadattsu261.com/content/c-metrochiyodahome-all-info/
P3	湯河原	tokaido	JR 東海道線｜東京〜熱海	V1	駅別詳細ページ確認済み	https://wadattsu261.com/content/yugawara-tokaidohome-info/	1	35.146	139.102	online_car	https://wadattsu261.com/content/jt-tokaidohome-all-info/
P3	溝の口	denentoshi	東急 田園都市線｜渋谷〜中央林間	V2	路線全駅/駅別一覧確認済み	https://wadattsu261.com/content/dt-tokyudenentoshihome-all-info/#:~:text=%E6%BA%9D%E3%81%AE%E5%8F%A3	1	35.6	139.6106	online_car	https://wadattsu261.com/content/dt-tokyudenentoshihome-all-info/
P3	潮見	keiyo	JR 京葉線｜東京〜蘇我	V2	路線全駅/駅別一覧確認済み	https://wadattsu261.com/content/je-keiyohome-all-info/#:~:text=%E6%BD%AE%E8%A6%8B	1	35.6587	139.8174	online_car	https://wadattsu261.com/content/je-keiyohome-all-info/
P3	瀬谷	sotetsu	相鉄 本線｜横浜〜海老名	V2	路線全駅/駅別一覧確認済み	https://wadattsu261.com/so-sotetsuhome-info/#:~:text=%E7%80%AC%E8%B0%B7	1	35.4704	139.4824	external_link	
P3	熱海	tokaido	JR 東海道線｜東京〜熱海	V1	駅別詳細ページ確認済み	https://wadattsu261.com/content/atami-tokaidohome-info/ | https://wadattsu261.com/content/atami-itohome-info/	1	35.1032	139.0777	online_car	https://wadattsu261.com/content/jt-tokaidohome-all-info/
P3	片倉	yokohama	JR 横浜線・根岸線直通｜八王子〜大船	V2	路線全駅/駅別一覧確認済み	https://wadattsu261.com/content/jh-yokohama-negishiall-info/#:~:text=%E7%89%87%E5%80%89	1	35.6397	139.3415	online_car	https://wadattsu261.com/content/jh-yokohama-negishiall-info/
P3	片倉町	blue	横浜市営 ブルーライン｜あざみ野〜湘南台	V1	駅別詳細ページ確認済み	https://wadattsu261.com/content/katakuracho-yokohamablueline-info/	1	35.4909	139.6067	online_car	https://wadattsu261.com/content/b-bluelinehome-all-info/
P3	狛江	odakyu	小田急 小田原線｜新宿〜小田原	R	路線一覧/汎用案内のみ	https://wadattsu261.com/stationhome-info/	1	35.6328	139.5771	external_link	
P3	狭山ヶ丘	seibu_ike	西武 池袋線｜池袋〜飯能	V2	路線全駅/駅別一覧確認済み	https://wadattsu261.com/content/si-seibuikebukurohome-all-info/#:~:text=%E7%8B%AD%E5%B1%B1%E3%83%B6%E4%B8%98	1	35.8107	139.4169	online_car	https://wadattsu261.com/content/si-seibuikebukurohome-all-info/
P3	玉川学園前	odakyu	小田急 小田原線｜新宿〜小田原	R	路線一覧/汎用案内のみ	https://wadattsu261.com/stationhome-info/	1	35.563	139.463	external_link	
P3	王子神谷	metro_n	東京メトロ 南北線｜目黒〜赤羽岩淵	V2	路線全駅/駅別一覧確認済み	https://wadattsu261.com/content/n-metronambokuhome-all-info/#:~:text=%E7%8E%8B%E5%AD%90%E7%A5%9E%E8%B0%B7	1	35.7652	139.7357	online_car	https://wadattsu261.com/content/n-metronambokuhome-all-info/
P3	生田	odakyu	小田急 小田原線｜新宿〜小田原	R	路線一覧/汎用案内のみ	https://wadattsu261.com/stationhome-info/	1	35.6152	139.542	external_link	
P3	用賀	denentoshi	東急 田園都市線｜渋谷〜中央林間	V2	路線全駅/駅別一覧確認済み	https://wadattsu261.com/content/dt-tokyudenentoshihome-all-info/#:~:text=%E7%94%A8%E8%B3%80	1	35.6265	139.6339	online_car	https://wadattsu261.com/content/dt-tokyudenentoshihome-all-info/
P3	田原町	metro_g	東京メトロ 銀座線｜浅草〜渋谷	C	アプリ内蔵（簡易号車）	https://wadattsu261.com/content/g-metroginzahome-all-info/	1	35.7099	139.7906	static_car	
P3	田奈	denentoshi	東急 田園都市線｜渋谷〜中央林間	V2	路線全駅/駅別一覧確認済み	https://wadattsu261.com/content/dt-tokyudenentoshihome-all-info/#:~:text=%E7%94%B0%E5%A5%88	1	35.5361	139.5049	online_car	https://wadattsu261.com/content/dt-tokyudenentoshihome-all-info/
P3	田浦	yokosuka	JR 横須賀線｜東京〜久里浜	V2	路線全駅/駅別一覧確認済み	https://wadattsu261.com/content/jo-yokosuka-soburapidhome-all-info/#:~:text=%E7%94%B0%E6%B5%A6	1	35.2925	139.6375	online_car	https://wadattsu261.com/content/jo-yokosuka-soburapidhome-all-info/
P3	町屋	metro_c	東京メトロ 千代田線｜代々木上原〜北綾瀬	V2	路線全駅/駅別一覧確認済み	https://wadattsu261.com/content/c-metrochiyodahome-all-info/#:~:text=%E7%94%BA%E5%B1%8B	1	35.742	139.7801	online_car	https://wadattsu261.com/content/c-metrochiyodahome-all-info/
P3	白楽	toyoko	東急東横線・みなとみらい線｜渋谷〜元町・中華街	V2	路線全駅/駅別一覧確認済み	https://wadattsu261.com/ty-tokyutoyokohome-info/#:~:text=%E7%99%BD%E6%A5%BD	1	35.4898	139.6279	external_link	
P3	白金台	metro_n	東京メトロ 南北線｜目黒〜赤羽岩淵	V2	路線全駅/駅別一覧確認済み	https://wadattsu261.com/content/n-metronambokuhome-all-info/#:~:text=%E7%99%BD%E9%87%91%E5%8F%B0	1	35.638	139.7263	online_car	https://wadattsu261.com/content/n-metronambokuhome-all-info/
P3	白金高輪	metro_n	東京メトロ 南北線｜目黒〜赤羽岩淵	V2	路線全駅/駅別一覧確認済み	https://wadattsu261.com/content/n-metronambokuhome-all-info/#:~:text=%E7%99%BD%E9%87%91%E9%AB%98%E8%BC%AA	1	35.6429	139.734	online_car	https://wadattsu261.com/content/n-metronambokuhome-all-info/
P3	百合ヶ丘	odakyu	小田急 小田原線｜新宿〜小田原	R	路線一覧/汎用案内のみ	https://wadattsu261.com/stationhome-info/	1	35.6089	139.5167	external_link	
P3	百草園	keio	京王線｜新宿〜京王八王子	V2	路線全駅/駅別一覧確認済み	https://wadattsu261.com/content/ko-keiohome-all-info/#:~:text=%E7%99%BE%E8%8D%89%E5%9C%92	1	35.6573	139.4315	online_car	https://wadattsu261.com/content/ko-keiohome-all-info/
P3	目白	yamanote	JR 山手線｜環状運転	V2	路線全駅/駅別一覧確認済み	https://wadattsu261.com/content/jy-yamanotehome-soto-uchimawari-info/#:~:text=%E7%9B%AE%E7%99%BD	1	35.7212	139.7066	online_car	https://wadattsu261.com/content/jy-yamanotehome-soto-uchimawari-info/
P3	相原	yokohama	JR 横浜線・根岸線直通｜八王子〜大船	V2	路線全駅/駅別一覧確認済み	https://wadattsu261.com/content/jh-yokohama-negishiall-info/#:~:text=%E7%9B%B8%E5%8E%9F	1	35.6069	139.3315	online_car	https://wadattsu261.com/content/jh-yokohama-negishiall-info/
P3	相模原	yokohama	JR 横浜線・根岸線直通｜八王子〜大船	V2	路線全駅/駅別一覧確認済み	https://wadattsu261.com/content/jh-yokohama-negishiall-info/#:~:text=%E7%9B%B8%E6%A8%A1%E5%8E%9F	1	35.581	139.3706	online_car	https://wadattsu261.com/content/jh-yokohama-negishiall-info/
P3	相模大塚	sotetsu	相鉄 本線｜横浜〜海老名	V2	路線全駅/駅別一覧確認済み	https://wadattsu261.com/so-sotetsuhome-info/#:~:text=%E7%9B%B8%E6%A8%A1%E5%A4%A7%E5%A1%9A	1	35.4719	139.4404	external_link	
P3	相模大野	odakyu	小田急 小田原線｜新宿〜小田原	R	路線一覧/汎用案内のみ	https://wadattsu261.com/stationhome-info/	1	35.532	139.4379	external_link	
P3	相武台前	odakyu	小田急 小田原線｜新宿〜小田原	R	路線一覧/汎用案内のみ	https://wadattsu261.com/stationhome-info/	1	35.4994	139.4077	external_link	
P3	真鶴	tokaido	JR 東海道線｜東京〜熱海	V2	路線全駅/駅別一覧確認済み	https://wadattsu261.com/content/jt-tokaidohome-all-info/#:~:text=%E7%9C%9F%E9%B6%B4	1	35.1567	139.1324	online_car	https://wadattsu261.com/content/jt-tokaidohome-all-info/
P3	矢向	nambu	JR 南武線｜川崎〜立川	V2	路線全駅/駅別一覧確認済み	https://wadattsu261.com/content/jn-nambuhome-all-info/#:~:text=%E7%9F%A2%E5%90%91	1	35.5394	139.6806	online_car	https://wadattsu261.com/content/jn-nambuhome-all-info/
P3	矢川	nambu	JR 南武線｜川崎〜立川	V2	路線全駅/駅別一覧確認済み	https://wadattsu261.com/content/jn-nambuhome-all-info/#:~:text=%E7%9F%A2%E5%B7%9D	1	35.685	139.431	online_car	https://wadattsu261.com/content/jn-nambuhome-all-info/
P3	矢部	yokohama	JR 横浜線・根岸線直通｜八王子〜大船	V2	路線全駅/駅別一覧確認済み	https://wadattsu261.com/content/jh-yokohama-negishiall-info/#:~:text=%E7%9F%A2%E9%83%A8	1	35.5733	139.3861	online_car	https://wadattsu261.com/content/jh-yokohama-negishiall-info/
P3	矢野口	nambu	JR 南武線｜川崎〜立川	V2	路線全駅/駅別一覧確認済み	https://wadattsu261.com/content/jn-nambuhome-all-info/#:~:text=%E7%9F%A2%E9%87%8E%E5%8F%A3	1	35.641	139.5206	online_car	https://wadattsu261.com/content/jn-nambuhome-all-info/
P3	石神井公園	seibu_ike	西武 池袋線｜池袋〜飯能	V2	路線全駅/駅別一覧確認済み	https://wadattsu261.com/content/si-seibuikebukurohome-all-info/#:~:text=%E7%9F%B3%E7%A5%9E%E4%BA%95%E5%85%AC%E5%9C%92	1	35.7436	139.6068	online_car	https://wadattsu261.com/content/si-seibuikebukurohome-all-info/
P3	祐天寺	toyoko	東急東横線・みなとみらい線｜渋谷〜元町・中華街	V2	路線全駅/駅別一覧確認済み	https://wadattsu261.com/ty-tokyutoyokohome-info/#:~:text=%E7%A5%90%E5%A4%A9%E5%AF%BA	1	35.6377	139.6911	external_link	
P3	祖師ヶ谷大蔵	odakyu	小田急 小田原線｜新宿〜小田原	R	路線一覧/汎用案内のみ	https://wadattsu261.com/stationhome-info/	1	35.6434	139.6099	external_link	
P3	神保町	metro_z	東京メトロ 半蔵門線｜渋谷〜押上	V2	路線全駅/駅別一覧確認済み	https://wadattsu261.com/content/z-metrohanzomonhome-all-info/#:~:text=%E7%A5%9E%E4%BF%9D%E7%94%BA	1	35.6959	139.7578	online_car	https://wadattsu261.com/content/z-metrohanzomonhome-all-info/
P3	神楽坂	metro_t	東京メトロ 東西線｜中野〜西船橋	V2	路線全駅/駅別一覧確認済み	https://wadattsu261.com/content/t-metrotozaihome-all-info/#:~:text=%E7%A5%9E%E6%A5%BD%E5%9D%82	1	35.7039	139.7344	online_car	https://wadattsu261.com/content/t-metrotozaihome-all-info/
P3	神武寺	keikyu_z	京急 逗子線直通｜横浜〜逗子・葉山	R	路線一覧/汎用案内のみ	https://wadattsu261.com/stationhome-info/	1	35.3063	139.5924	external_link	
P3	神谷町	metro_h	東京メトロ 日比谷線｜北千住〜中目黒	V2	路線全駅/駅別一覧確認済み	https://wadattsu261.com/content/h-metrohibiyahome-all-info/#:~:text=%E7%A5%9E%E8%B0%B7%E7%94%BA	1	35.6629	139.7451	online_car	https://wadattsu261.com/content/h-metrohibiyahome-all-info/
P3	秋津	seibu_ike	西武 池袋線｜池袋〜飯能	V2	路線全駅/駅別一覧確認済み	https://wadattsu261.com/content/si-seibuikebukurohome-all-info/#:~:text=%E7%A7%8B%E6%B4%A5	1	35.7788	139.4964	online_car	https://wadattsu261.com/content/si-seibuikebukurohome-all-info/
P3	秦野	odakyu	小田急 小田原線｜新宿〜小田原	R	路線一覧/汎用案内のみ	https://wadattsu261.com/stationhome-info/	1	35.3701	139.2254	external_link	
P3	稲城長沼	nambu	JR 南武線｜川崎〜立川	V2	路線全駅/駅別一覧確認済み	https://wadattsu261.com/content/jn-nambuhome-all-info/#:~:text=%E7%A8%B2%E5%9F%8E%E9%95%B7%E6%B2%BC	1	35.6442	139.5028	online_car	https://wadattsu261.com/content/jn-nambuhome-all-info/
P3	稲毛海岸	keiyo	JR 京葉線｜東京〜蘇我	V2	路線全駅/駅別一覧確認済み	https://wadattsu261.com/content/je-keiyohome-all-info/#:~:text=%E7%A8%B2%E6%AF%9B%E6%B5%B7%E5%B2%B8	1	35.6294	140.0745	online_car	https://wadattsu261.com/content/je-keiyohome-all-info/
P3	稲田堤	nambu	JR 南武線｜川崎〜立川	V2	路線全駅/駅別一覧確認済み	https://wadattsu261.com/content/jn-nambuhome-all-info/#:~:text=%E7%A8%B2%E7%94%B0%E5%A0%A4	1	35.6335	139.5351	online_car	https://wadattsu261.com/content/jn-nambuhome-all-info/
P3	稲荷山公園	seibu_ike	西武 池袋線｜池袋〜飯能	V2	路線全駅/駅別一覧確認済み	https://wadattsu261.com/content/si-seibuikebukurohome-all-info/#:~:text=%E7%A8%B2%E8%8D%B7%E5%B1%B1%E5%85%AC%E5%9C%92	1	35.8441	139.3983	online_car	https://wadattsu261.com/content/si-seibuikebukurohome-all-info/
P3	稲荷町	metro_g	東京メトロ 銀座線｜浅草〜渋谷	V2	路線全駅/駅別一覧確認済み	https://wadattsu261.com/content/g-metroginzahome-all-info/#:~:text=%E7%A8%B2%E8%8D%B7%E7%94%BA	1	35.7112	139.7827	online_car	https://wadattsu261.com/content/g-metroginzahome-all-info/
P3	穴守稲荷	keikyu_a	京急 空港線直通｜横浜〜羽田空港	R	路線一覧/汎用案内のみ	https://wadattsu261.com/stationhome-info/	1	35.5503	139.7468	external_link	
P3	立場	blue	横浜市営 ブルーライン｜あざみ野〜湘南台	V1	駅別詳細ページ確認済み	https://wadattsu261.com/content/tateba-yokohamablueline-info/	1	35.4149	139.5003	online_car	https://wadattsu261.com/content/b-bluelinehome-all-info/
P3	竹橋	metro_t	東京メトロ 東西線｜中野〜西船橋	V2	路線全駅/駅別一覧確認済み	https://wadattsu261.com/content/t-metrotozaihome-all-info/#:~:text=%E7%AB%B9%E6%A9%8B	1	35.6907	139.7568	online_car	https://wadattsu261.com/content/t-metrotozaihome-all-info/
P3	築地	metro_h	東京メトロ 日比谷線｜北千住〜中目黒	V2	路線全駅/駅別一覧確認済み	https://wadattsu261.com/content/h-metrohibiyahome-all-info/#:~:text=%E7%AF%89%E5%9C%B0	1	35.6682	139.7724	online_car	https://wadattsu261.com/content/h-metrohibiyahome-all-info/
P3	糀谷	keikyu_a	京急 空港線直通｜横浜〜羽田空港	R	路線一覧/汎用案内のみ	https://wadattsu261.com/stationhome-info/	1	35.5544	139.7298	external_link	
P3	経堂	odakyu	小田急 小田原線｜新宿〜小田原	R	路線一覧/汎用案内のみ	https://wadattsu261.com/stationhome-info/	1	35.6516	139.6366	external_link	
P3	綱島	toyoko	東急東横線・みなとみらい線｜渋谷〜元町・中華街	V2	路線全駅/駅別一覧確認済み	https://wadattsu261.com/ty-tokyutoyokohome-info/#:~:text=%E7%B6%B1%E5%B3%B6	1	35.5368	139.6349	external_link	
P3	緑園都市	izumino	相鉄 いずみ野線直通｜横浜〜湘南台	V2	路線全駅/駅別一覧確認済み	https://wadattsu261.com/so-sotetsuhome-info/#:~:text=%E7%B7%91%E5%9C%92%E9%83%BD%E5%B8%82	1	35.4394	139.5213	external_link	
P3	練馬	seibu_ike	西武 池袋線｜池袋〜飯能	V2	路線全駅/駅別一覧確認済み	https://wadattsu261.com/content/si-seibuikebukurohome-all-info/#:~:text=%E7%B7%B4%E9%A6%AC	1	35.7378	139.654	online_car	https://wadattsu261.com/content/si-seibuikebukurohome-all-info/
P3	練馬高野台	seibu_ike	西武 池袋線｜池袋〜飯能	V2	路線全駅/駅別一覧確認済み	https://wadattsu261.com/content/si-seibuikebukurohome-all-info/#:~:text=%E7%B7%B4%E9%A6%AC%E9%AB%98%E9%87%8E%E5%8F%B0	1	35.7407	139.6168	online_car	https://wadattsu261.com/content/si-seibuikebukurohome-all-info/
P3	羽田空港第1・第2ターミナル	keikyu_a	京急 空港線直通｜横浜〜羽田空港	R	路線一覧/汎用案内のみ	https://wadattsu261.com/stationhome-info/	1	35.5508	139.7872	external_link	
P3	羽田空港第3ターミナル	keikyu_a	京急 空港線直通｜横浜〜羽田空港	R	路線一覧/汎用案内のみ	https://wadattsu261.com/stationhome-info/	1	35.5445	139.768	external_link	
P3	聖蹟桜ヶ丘	keio	京王線｜新宿〜京王八王子	V2	路線全駅/駅別一覧確認済み	https://wadattsu261.com/content/ko-keiohome-all-info/#:~:text=%E8%81%96%E8%B9%9F%E6%A1%9C%E3%83%B6%E4%B8%98	1	35.6506	139.4477	online_car	https://wadattsu261.com/content/ko-keiohome-all-info/
P3	自由が丘	toyoko	東急東横線・みなとみらい線｜渋谷〜元町・中華街	V2	路線全駅/駅別一覧確認済み	https://wadattsu261.com/ty-tokyutoyokohome-info/#:~:text=%E8%87%AA%E7%94%B1%E3%81%8C%E4%B8%98	1	35.6074	139.6685	external_link	
P3	舞岡	blue	横浜市営 ブルーライン｜あざみ野〜湘南台	V1	駅別詳細ページ確認済み	https://wadattsu261.com/content/maioka-yokohamablueline-info/	1	35.4028	139.5507	online_car	https://wadattsu261.com/content/b-bluelinehome-all-info/
P3	舞浜	keiyo	JR 京葉線｜東京〜蘇我	V2	路線全駅/駅別一覧確認済み	https://wadattsu261.com/content/je-keiyohome-all-info/#:~:text=%E8%88%9E%E6%B5%9C	1	35.6362	139.8836	online_car	https://wadattsu261.com/content/je-keiyohome-all-info/
P3	船橋法典	musashino	JR 武蔵野線｜府中本町〜西船橋	V2	路線全駅/駅別一覧確認済み	https://wadattsu261.com/content/jm-musashinohome-all-info/#:~:text=%E8%88%B9%E6%A9%8B%E6%B3%95%E5%85%B8	1	35.7305	139.966	online_car	https://wadattsu261.com/content/jm-musashinohome-all-info/
P3	芦花公園	keio	京王線｜新宿〜京王八王子	V2	路線全駅/駅別一覧確認済み	https://wadattsu261.com/content/ko-keiohome-all-info/#:~:text=%E8%8A%A6%E8%8A%B1%E5%85%AC%E5%9C%92	1	35.6705	139.6083	online_car	https://wadattsu261.com/content/ko-keiohome-all-info/
P3	若葉	tobu_tojo	東武 東上線｜池袋〜小川町	V2	路線全駅/駅別一覧確認済み	https://wadattsu261.com/content/tj-tobutojohome-all-info/#:~:text=%E8%8B%A5%E8%91%89	1	35.9489	139.4084	online_car	https://wadattsu261.com/content/tj-tobutojohome-all-info/
P3	茗荷谷	metro_m	東京メトロ 丸ノ内線｜池袋〜荻窪	C	アプリ内蔵（簡易号車）	https://wadattsu261.com/content/m-metromarunouchihome-all-info/	1	35.7173	139.7368	static_car	
P3	落合	metro_t	東京メトロ 東西線｜中野〜西船橋	V2	路線全駅/駅別一覧確認済み	https://wadattsu261.com/content/t-metrotozaihome-all-info/#:~:text=%E8%90%BD%E5%90%88	1	35.7107	139.6708	online_car	https://wadattsu261.com/content/t-metrotozaihome-all-info/
P3	葛西	metro_t	東京メトロ 東西線｜中野〜西船橋	V2	路線全駅/駅別一覧確認済み	https://wadattsu261.com/content/t-metrotozaihome-all-info/#:~:text=%E8%91%9B%E8%A5%BF	1	35.6636	139.8726	online_car	https://wadattsu261.com/content/t-metrotozaihome-all-info/
P3	葛西臨海公園	keiyo	JR 京葉線｜東京〜蘇我	V2	路線全駅/駅別一覧確認済み	https://wadattsu261.com/content/je-keiyohome-all-info/#:~:text=%E8%91%9B%E8%A5%BF%E8%87%A8%E6%B5%B7%E5%85%AC%E5%9C%92	1	35.6445	139.8615	online_car	https://wadattsu261.com/content/je-keiyohome-all-info/
P3	蒔田	blue	横浜市営 ブルーライン｜あざみ野〜湘南台	V1	駅別詳細ページ確認済み	https://wadattsu261.com/content/maita-yokohamablueline-info/	1	35.4293	139.609	online_car	https://wadattsu261.com/content/b-bluelinehome-all-info/
P3	蒲田	keihin	JR 京浜東北・根岸線｜大宮〜大船	V1	駅別詳細ページ確認済み	https://wadattsu261.com/content/kamata-keihinhome-info/	1	35.5625	139.716	online_car	https://wadattsu261.com/content/jk-keihin-negishiall-info/
P3	蕨	keihin	JR 京浜東北・根岸線｜大宮〜大船	V1	駅別詳細ページ確認済み	https://wadattsu261.com/content/warabi-keihinhome-info/	1	35.828	139.6904	online_car	https://wadattsu261.com/content/jk-keihin-negishiall-info/
P3	藤が丘	denentoshi	東急 田園都市線｜渋谷〜中央林間	V2	路線全駅/駅別一覧確認済み	https://wadattsu261.com/content/dt-tokyudenentoshihome-all-info/#:~:text=%E8%97%A4%E3%81%8C%E4%B8%98	1	35.5431	139.5272	online_car	https://wadattsu261.com/content/dt-tokyudenentoshihome-all-info/
P3	蘇我	keiyo	JR 京葉線｜東京〜蘇我	V2	路線全駅/駅別一覧確認済み	https://wadattsu261.com/content/je-keiyohome-all-info/#:~:text=%E8%98%87%E6%88%91	1	35.5815	140.1314	online_car	https://wadattsu261.com/content/je-keiyohome-all-info/
P3	虎ノ門	metro_g	東京メトロ 銀座線｜浅草〜渋谷	D	アプリ内蔵（号車＋ドア）	https://www.tokyometro.jp/station/line_images/figure_platform_g07_a.png | https://www.tokyometro.jp/station/line_images/figure_platform_g07_b.png	1	35.6702	139.75	static_detail	
P3	虎ノ門ヒルズ	metro_h	東京メトロ 日比谷線｜北千住〜中目黒	V2	路線全駅/駅別一覧確認済み	https://wadattsu261.com/content/h-metrohibiyahome-all-info/#:~:text=%E8%99%8E%E3%83%8E%E9%96%80%E3%83%92%E3%83%AB%E3%82%BA	1	35.6669	139.7477	online_car	https://wadattsu261.com/content/h-metrohibiyahome-all-info/
P3	螢田	odakyu	小田急 小田原線｜新宿〜小田原	R	路線一覧/汎用案内のみ	https://wadattsu261.com/stationhome-info/	1	35.2818	139.1586	external_link	
P3	行徳	metro_t	東京メトロ 東西線｜中野〜西船橋	V2	路線全駅/駅別一覧確認済み	https://wadattsu261.com/content/t-metrotozaihome-all-info/#:~:text=%E8%A1%8C%E5%BE%B3	1	35.6826	139.9142	online_car	https://wadattsu261.com/content/t-metrotozaihome-all-info/
P3	衣笠	yokosuka	JR 横須賀線｜東京〜久里浜	V2	路線全駅/駅別一覧確認済み	https://wadattsu261.com/content/jo-yokosuka-soburapidhome-all-info/#:~:text=%E8%A1%A3%E7%AC%A0	1	35.2571	139.6613	online_car	https://wadattsu261.com/content/jo-yokosuka-soburapidhome-all-info/
P3	西ケ原	metro_n	東京メトロ 南北線｜目黒〜赤羽岩淵	V2	路線全駅/駅別一覧確認済み	https://wadattsu261.com/content/n-metronambokuhome-all-info/#:~:text=%E8%A5%BF%E3%82%B1%E5%8E%9F	1	35.746	139.7421	online_car	https://wadattsu261.com/content/n-metronambokuhome-all-info/
P3	西八王子	chuo	JR 中央線快速｜東京〜高尾	V2	路線全駅/駅別一覧確認済み	https://wadattsu261.com/content/jc-chuorapidhome-all-info/#:~:text=%E8%A5%BF%E5%85%AB%E7%8E%8B%E5%AD%90	1	35.6567	139.3128	online_car	https://wadattsu261.com/content/jc-chuorapidhome-all-info/
P3	西千葉	chuo_sobu	JR 中央・総武線各停｜三鷹〜千葉	V2	路線全駅/駅別一覧確認済み	https://wadattsu261.com/content/jb-chuo-sobuslowhome-all-info/#:~:text=%E8%A5%BF%E5%8D%83%E8%91%89	1	35.6226	140.1032	online_car	https://wadattsu261.com/content/jb-chuo-sobuslowhome-all-info/
P3	西国立	nambu	JR 南武線｜川崎〜立川	V2	路線全駅/駅別一覧確認済み	https://wadattsu261.com/content/jn-nambuhome-all-info/#:~:text=%E8%A5%BF%E5%9B%BD%E7%AB%8B	1	35.693	139.4239	online_car	https://wadattsu261.com/content/jn-nambuhome-all-info/
P3	西大宮	saikyo	JR 埼京・川越線｜大崎〜川越	V2	路線全駅/駅別一覧確認済み	https://wadattsu261.com/content/ja-saikyo-kawagoehome-all-info/#:~:text=%E8%A5%BF%E5%A4%A7%E5%AE%AE	1	35.9227	139.5798	online_car	https://wadattsu261.com/content/ja-saikyo-kawagoehome-all-info/
P3	西小山	meguro	東急 目黒線｜目黒〜日吉	V2	路線全駅/駅別一覧確認済み	https://wadattsu261.com/mg-tokyumegurohome-info/#:~:text=%E8%A5%BF%E5%B0%8F%E5%B1%B1	1	35.6157	139.6989	external_link	
P3	西川口	keihin	JR 京浜東北・根岸線｜大宮〜大船	V1	駅別詳細ページ確認済み	https://wadattsu261.com/content/nishikawaguchi-keihinhome-info/	1	35.8156	139.7044	online_car	https://wadattsu261.com/content/jk-keihin-negishiall-info/
P3	西府	nambu	JR 南武線｜川崎〜立川	V2	路線全駅/駅別一覧確認済み	https://wadattsu261.com/content/jn-nambuhome-all-info/#:~:text=%E8%A5%BF%E5%BA%9C	1	35.6709	139.4575	online_car	https://wadattsu261.com/content/jn-nambuhome-all-info/
P3	西所沢	seibu_ike	西武 池袋線｜池袋〜飯能	V2	路線全駅/駅別一覧確認済み	https://wadattsu261.com/content/si-seibuikebukurohome-all-info/#:~:text=%E8%A5%BF%E6%89%80%E6%B2%A2	1	35.7893	139.4563	online_car	https://wadattsu261.com/content/si-seibuikebukurohome-all-info/
P3	西新宿	metro_m	東京メトロ 丸ノ内線｜池袋〜荻窪	V2	路線全駅/駅別一覧確認済み	https://wadattsu261.com/content/m-metromarunouchihome-all-info/#:~:text=%E8%A5%BF%E6%96%B0%E5%AE%BF	1	35.6945	139.6927	online_car	https://wadattsu261.com/content/m-metromarunouchihome-all-info/
P3	西早稲田	metro_f	東京メトロ 副都心線｜和光市〜渋谷	V2	路線全駅/駅別一覧確認済み	https://wadattsu261.com/f-metrofukutoshinhome-info/#:~:text=%E8%A5%BF%E6%97%A9%E7%A8%B2%E7%94%B0	1	35.7078	139.709	external_link	
P3	西浦和	musashino	JR 武蔵野線｜府中本町〜西船橋	V2	路線全駅/駅別一覧確認済み	https://wadattsu261.com/content/jm-musashinohome-all-info/#:~:text=%E8%A5%BF%E6%B5%A6%E5%92%8C	1	35.8441	139.6278	online_car	https://wadattsu261.com/content/jm-musashinohome-all-info/
P3	西葛西	metro_t	東京メトロ 東西線｜中野〜西船橋	V2	路線全駅/駅別一覧確認済み	https://wadattsu261.com/content/t-metrotozaihome-all-info/#:~:text=%E8%A5%BF%E8%91%9B%E8%A5%BF	1	35.6645	139.8594	online_car	https://wadattsu261.com/content/t-metrotozaihome-all-info/
P3	西調布	keio	京王線｜新宿〜京王八王子	V2	路線全駅/駅別一覧確認済み	https://wadattsu261.com/content/ko-keiohome-all-info/#:~:text=%E8%A5%BF%E8%AA%BF%E5%B8%83	1	35.6572	139.5305	online_car	https://wadattsu261.com/content/ko-keiohome-all-info/
P3	読売ランド前	odakyu	小田急 小田原線｜新宿〜小田原	R	路線一覧/汎用案内のみ	https://wadattsu261.com/stationhome-info/	1	35.6147	139.5274	external_link	
P3	調布	keio	京王線｜新宿〜京王八王子	V2	路線全駅/駅別一覧確認済み	https://wadattsu261.com/content/ko-keiohome-all-info/#:~:text=%E8%AA%BF%E5%B8%83	1	35.6518	139.5446	online_car	https://wadattsu261.com/content/ko-keiohome-all-info/
P3	護国寺	metro_y	東京メトロ 有楽町線｜和光市〜新木場	V2	路線全駅/駅別一覧確認済み	https://wadattsu261.com/content/y-metroyurakuchohome-all-info/#:~:text=%E8%AD%B7%E5%9B%BD%E5%AF%BA	1	35.719	139.7275	online_car	https://wadattsu261.com/content/y-metroyurakuchohome-all-info/
P3	谷保	nambu	JR 南武線｜川崎〜立川	V2	路線全駅/駅別一覧確認済み	https://wadattsu261.com/content/jn-nambuhome-all-info/#:~:text=%E8%B0%B7%E4%BF%9D	1	35.6814	139.4467	online_car	https://wadattsu261.com/content/jn-nambuhome-all-info/
P3	豊田	chuo	JR 中央線快速｜東京〜高尾	V2	路線全駅/駅別一覧確認済み	https://wadattsu261.com/content/jc-chuorapidhome-all-info/#:~:text=%E8%B1%8A%E7%94%B0	1	35.6595	139.3817	online_car	https://wadattsu261.com/content/jc-chuorapidhome-all-info/
P3	豪徳寺	odakyu	小田急 小田原線｜新宿〜小田原	R	路線一覧/汎用案内のみ	https://wadattsu261.com/stationhome-info/	1	35.6536	139.6476	external_link	
P3	赤坂	metro_c	東京メトロ 千代田線｜代々木上原〜北綾瀬	V2	路線全駅/駅別一覧確認済み	https://wadattsu261.com/content/c-metrochiyodahome-all-info/#:~:text=%E8%B5%A4%E5%9D%82	1	35.6724	139.7365	online_car	https://wadattsu261.com/content/c-metrochiyodahome-all-info/
P3	赤羽岩淵	metro_n	東京メトロ 南北線｜目黒〜赤羽岩淵	V2	路線全駅/駅別一覧確認済み	https://wadattsu261.com/content/n-metronambokuhome-all-info/#:~:text=%E8%B5%A4%E7%BE%BD%E5%B2%A9%E6%B7%B5	1	35.7834	139.7221	online_car	https://wadattsu261.com/content/n-metronambokuhome-all-info/
P3	越中島	keiyo	JR 京葉線｜東京〜蘇我	V2	路線全駅/駅別一覧確認済み	https://wadattsu261.com/content/je-keiyohome-all-info/#:~:text=%E8%B6%8A%E4%B8%AD%E5%B3%B6	1	35.6679	139.7928	online_car	https://wadattsu261.com/content/je-keiyohome-all-info/
P3	越谷レイクタウン	musashino	JR 武蔵野線｜府中本町〜西船橋	V2	路線全駅/駅別一覧確認済み	https://wadattsu261.com/content/jm-musashinohome-all-info/#:~:text=%E8%B6%8A%E8%B0%B7%E3%83%AC%E3%82%A4%E3%82%AF%E3%82%BF%E3%82%A6%E3%83%B3	1	35.8763	139.8221	online_car	https://wadattsu261.com/content/jm-musashinohome-all-info/
P3	足柄	odakyu	小田急 小田原線｜新宿〜小田原	R	路線一覧/汎用案内のみ	https://wadattsu261.com/stationhome-info/	1	35.2719	139.1548	external_link	
P3	踊場	blue	横浜市営 ブルーライン｜あざみ野〜湘南台	V1	駅別詳細ページ確認済み	https://wadattsu261.com/content/odoriba-yokohamablueline-info/	1	35.4058	139.5185	online_car	https://wadattsu261.com/content/b-bluelinehome-all-info/
P3	辰巳	metro_y	東京メトロ 有楽町線｜和光市〜新木場	V2	路線全駅/駅別一覧確認済み	https://wadattsu261.com/content/y-metroyurakuchohome-all-info/#:~:text=%E8%BE%B0%E5%B7%B3	1	35.6456	139.8107	online_car	https://wadattsu261.com/content/y-metroyurakuchohome-all-info/
P3	逗子・葉山	keikyu_z	京急 逗子線直通｜横浜〜逗子・葉山	R	路線一覧/汎用案内のみ	https://wadattsu261.com/stationhome-info/	1	35.2947	139.5802	external_link	
P3	都立大学	toyoko	東急東横線・みなとみらい線｜渋谷〜元町・中華街	V2	路線全駅/駅別一覧確認済み	https://wadattsu261.com/ty-tokyutoyokohome-info/#:~:text=%E9%83%BD%E7%AB%8B%E5%A4%A7%E5%AD%A6	1	35.6179	139.6763	external_link	
P3	金町	joban_local	JR 常磐線各停｜綾瀬〜取手	R	路線一覧/汎用案内のみ	https://wadattsu261.com/stationhome-info/	1	35.7696	139.8706	external_link	
P3	銀座一丁目	metro_y	東京メトロ 有楽町線｜和光市〜新木場	V2	路線全駅/駅別一覧確認済み	https://wadattsu261.com/content/y-metroyurakuchohome-all-info/#:~:text=%E9%8A%80%E5%BA%A7%E4%B8%80%E4%B8%81%E7%9B%AE	1	35.6743	139.767	online_car	https://wadattsu261.com/content/y-metroyurakuchohome-all-info/
P3	長沼	keio	京王線｜新宿〜京王八王子	V2	路線全駅/駅別一覧確認済み	https://wadattsu261.com/content/ko-keiohome-all-info/#:~:text=%E9%95%B7%E6%B2%BC	1	35.6427	139.3663	online_car	https://wadattsu261.com/content/ko-keiohome-all-info/
P3	門前仲町	metro_t	東京メトロ 東西線｜中野〜西船橋	V2	路線全駅/駅別一覧確認済み	https://wadattsu261.com/content/t-metrotozaihome-all-info/#:~:text=%E9%96%80%E5%89%8D%E4%BB%B2%E7%94%BA	1	35.6719	139.7956	online_car	https://wadattsu261.com/content/t-metrotozaihome-all-info/
P3	開成	odakyu	小田急 小田原線｜新宿〜小田原	R	路線一覧/汎用案内のみ	https://wadattsu261.com/stationhome-info/	1	35.3269	139.1356	external_link	
P3	阪東橋	blue	横浜市営 ブルーライン｜あざみ野〜湘南台	V1	駅別詳細ページ確認済み	https://wadattsu261.com/content/bandobashi-yokohamablueline-info/	1	35.4369	139.6244	online_car	https://wadattsu261.com/content/b-bluelinehome-all-info/
P3	雑司が谷	metro_f	東京メトロ 副都心線｜和光市〜渋谷	V2	路線全駅/駅別一覧確認済み	https://wadattsu261.com/f-metrofukutoshinhome-info/#:~:text=%E9%9B%91%E5%8F%B8%E3%81%8C%E8%B0%B7	1	35.7202	139.7145	external_link	
P3	霞ヶ関	tobu_tojo	東武 東上線｜池袋〜小川町	V2	路線全駅/駅別一覧確認済み	https://wadattsu261.com/content/tj-tobutojohome-all-info/#:~:text=%E9%9C%9E%E3%83%B6%E9%96%A2	1	35.9256	139.4428	online_car	https://wadattsu261.com/content/tj-tobutojohome-all-info/
P3	青葉台	denentoshi	東急 田園都市線｜渋谷〜中央林間	V2	路線全駅/駅別一覧確認済み	https://wadattsu261.com/content/dt-tokyudenentoshihome-all-info/#:~:text=%E9%9D%92%E8%91%89%E5%8F%B0	1	35.5429	139.5174	online_car	https://wadattsu261.com/content/dt-tokyudenentoshihome-all-info/
P3	飛田給	keio	京王線｜新宿〜京王八王子	V2	路線全駅/駅別一覧確認済み	https://wadattsu261.com/content/ko-keiohome-all-info/#:~:text=%E9%A3%9B%E7%94%B0%E7%B5%A6	1	35.6601	139.5231	online_car	https://wadattsu261.com/content/ko-keiohome-all-info/
P3	飯能	seibu_ike	西武 池袋線｜池袋〜飯能	V2	路線全駅/駅別一覧確認済み	https://wadattsu261.com/content/si-seibuikebukurohome-all-info/#:~:text=%E9%A3%AF%E8%83%BD	1	35.851	139.3188	online_car	https://wadattsu261.com/content/si-seibuikebukurohome-all-info/
P3	馬喰町	sobu	JR 総武線快速｜東京〜千葉	V2	路線全駅/駅別一覧確認済み	https://wadattsu261.com/content/jo-yokosuka-soburapidhome-all-info/#:~:text=%E9%A6%AC%E5%96%B0%E7%94%BA	1	35.6934	139.7824	online_car	https://wadattsu261.com/content/jo-yokosuka-soburapidhome-all-info/
P3	馬堀海岸	keikyu	京急 本線｜泉岳寺〜浦賀	R	路線一覧/汎用案内のみ	https://wadattsu261.com/stationhome-info/	1	35.2593	139.7087	external_link	
P3	馬橋	joban_local	JR 常磐線各停｜綾瀬〜取手	R	路線一覧/汎用案内のみ	https://wadattsu261.com/stationhome-info/	1	35.811	139.9172	external_link	
P3	駒沢大学	denentoshi	東急 田園都市線｜渋谷〜中央林間	V2	路線全駅/駅別一覧確認済み	https://wadattsu261.com/content/dt-tokyudenentoshihome-all-info/#:~:text=%E9%A7%92%E6%B2%A2%E5%A4%A7%E5%AD%A6	1	35.6333	139.6615	online_car	https://wadattsu261.com/content/dt-tokyudenentoshihome-all-info/
P3	高坂	tobu_tojo	東武 東上線｜池袋〜小川町	V2	路線全駅/駅別一覧確認済み	https://wadattsu261.com/content/tj-tobutojohome-all-info/#:~:text=%E9%AB%98%E5%9D%82	1	36.0025	139.3978	online_car	https://wadattsu261.com/content/tj-tobutojohome-all-info/
P3	高尾	chuo	JR 中央線快速｜東京〜高尾	V2	路線全駅/駅別一覧確認済み	https://wadattsu261.com/content/jc-chuorapidhome-all-info/#:~:text=%E9%AB%98%E5%B0%BE	1	35.642	139.2823	online_car	https://wadattsu261.com/content/jc-chuorapidhome-all-info/
P3	高島町	blue	横浜市営 ブルーライン｜あざみ野〜湘南台	V1	駅別詳細ページ確認済み	https://wadattsu261.com/content/takashimacho-yokohamablueline-info/	1	35.4573	139.623	online_car	https://wadattsu261.com/content/b-bluelinehome-all-info/
P3	高幡不動	keio	京王線｜新宿〜京王八王子	V2	路線全駅/駅別一覧確認済み	https://wadattsu261.com/content/ko-keiohome-all-info/#:~:text=%E9%AB%98%E5%B9%A1%E4%B8%8D%E5%8B%95	1	35.6621	139.413	online_car	https://wadattsu261.com/content/ko-keiohome-all-info/
P3	高津	denentoshi	東急 田園都市線｜渋谷〜中央林間	V2	路線全駅/駅別一覧確認済み	https://wadattsu261.com/content/dt-tokyudenentoshihome-all-info/#:~:text=%E9%AB%98%E6%B4%A5	1	35.6035	139.617	online_car	https://wadattsu261.com/content/dt-tokyudenentoshihome-all-info/
P3	鴨居	yokohama	JR 横浜線・根岸線直通｜八王子〜大船	V2	路線全駅/駅別一覧確認済み	https://wadattsu261.com/content/jh-yokohama-negishiall-info/#:~:text=%E9%B4%A8%E5%B1%85	1	35.5108	139.5673	online_car	https://wadattsu261.com/content/jh-yokohama-negishiall-info/
P3	鶴ヶ島	tobu_tojo	東武 東上線｜池袋〜小川町	V2	路線全駅/駅別一覧確認済み	https://wadattsu261.com/content/tj-tobutojohome-all-info/#:~:text=%E9%B6%B4%E3%83%B6%E5%B3%B6	1	35.9365	139.4236	online_car	https://wadattsu261.com/content/tj-tobutojohome-all-info/
P3	鶴川	odakyu	小田急 小田原線｜新宿〜小田原	R	路線一覧/汎用案内のみ	https://wadattsu261.com/stationhome-info/	1	35.5839	139.4804	external_link	
P3	鶴巻温泉	odakyu	小田急 小田原線｜新宿〜小田原	R	路線一覧/汎用案内のみ	https://wadattsu261.com/stationhome-info/	1	35.3827	139.2788	external_link	
P3	鶴瀬	tobu_tojo	東武 東上線｜池袋〜小川町	V2	路線全駅/駅別一覧確認済み	https://wadattsu261.com/content/tj-tobutojohome-all-info/#:~:text=%E9%B6%B4%E7%80%AC	1	35.8456	139.5395	online_car	https://wadattsu261.com/content/tj-tobutojohome-all-info/
P3	鶴見	keihin	JR 京浜東北・根岸線｜大宮〜大船	V1	駅別詳細ページ確認済み	https://wadattsu261.com/content/tsurumi-keihinhome-info/	1	35.5084	139.676	online_car	https://wadattsu261.com/content/jk-keihin-negishiall-info/
P3	鷺沼	denentoshi	東急 田園都市線｜渋谷〜中央林間	V2	路線全駅/駅別一覧確認済み	https://wadattsu261.com/content/dt-tokyudenentoshihome-all-info/#:~:text=%E9%B7%BA%E6%B2%BC	1	35.5794	139.573	online_car	https://wadattsu261.com/content/dt-tokyudenentoshihome-all-info/
P3	鹿島田	nambu	JR 南武線｜川崎〜立川	V2	路線全駅/駅別一覧確認済み	https://wadattsu261.com/content/jn-nambuhome-all-info/#:~:text=%E9%B9%BF%E5%B3%B6%E7%94%B0	1	35.5515	139.6747	online_car	https://wadattsu261.com/content/jn-nambuhome-all-info/
P3	麹町	metro_y	東京メトロ 有楽町線｜和光市〜新木場	V2	路線全駅/駅別一覧確認済み	https://wadattsu261.com/content/y-metroyurakuchohome-all-info/#:~:text=%E9%BA%B9%E7%94%BA	1	35.684	139.7379	online_car	https://wadattsu261.com/content/y-metroyurakuchohome-all-info/
P3	麻布十番	metro_n	東京メトロ 南北線｜目黒〜赤羽岩淵	V2	路線全駅/駅別一覧確認済み	https://wadattsu261.com/content/n-metronambokuhome-all-info/#:~:text=%E9%BA%BB%E5%B8%83%E5%8D%81%E7%95%AA	1	35.6553	139.737	online_car	https://wadattsu261.com/content/n-metronambokuhome-all-info/
